/*
SQLyog Community v13.1.1 (64 bit)
MySQL - 5.5.62 : Database - idigitest
*********************************************************************
*/

/*!40101 SET NAMES utf8 */;

/*!40101 SET SQL_MODE=''*/;

/*!40014 SET @OLD_UNIQUE_CHECKS=@@UNIQUE_CHECKS, UNIQUE_CHECKS=0 */;
/*!40014 SET @OLD_FOREIGN_KEY_CHECKS=@@FOREIGN_KEY_CHECKS, FOREIGN_KEY_CHECKS=0 */;
/*!40101 SET @OLD_SQL_MODE=@@SQL_MODE, SQL_MODE='NO_AUTO_VALUE_ON_ZERO' */;
/*!40111 SET @OLD_SQL_NOTES=@@SQL_NOTES, SQL_NOTES=0 */;
CREATE DATABASE /*!32312 IF NOT EXISTS*/`idigitest` /*!40100 DEFAULT CHARACTER SET latin1 */;

USE `idigitest`;

/*Table structure for table `alertsettings` */

DROP TABLE IF EXISTS `alertsettings`;

CREATE TABLE `alertsettings` (
  `AlertID` int(11) NOT NULL AUTO_INCREMENT,
  `NoAMRInterval` bigint(20) NOT NULL,
  `TimeOut` int(11) NOT NULL,
  `ReconnectionCharges` int(11) NOT NULL,
  `LateFee` int(11) NOT NULL,
  `ReconnectionChargeDays` int(11) NOT NULL,
  `DueDayCount` int(11) NOT NULL,
  `BillGenerationDate` varchar(1000) NOT NULL,
  `GST` int(11) NOT NULL,
  `VendorGSTNumber` varchar(100) DEFAULT NULL,
  `CustomerGSTNumber` varchar(100) DEFAULT NULL,
  `RegisteredDate` datetime NOT NULL,
  `ModifiedDate` datetime NOT NULL,
  PRIMARY KEY (`AlertID`),
  KEY `AlertID` (`AlertID`)
) ENGINE=InnoDB AUTO_INCREMENT=2 DEFAULT CHARSET=latin1 MAX_ROWS=1;

/*Data for the table `alertsettings` */

insert  into `alertsettings`(`AlertID`,`NoAMRInterval`,`TimeOut`,`ReconnectionCharges`,`LateFee`,`ReconnectionChargeDays`,`DueDayCount`,`BillGenerationDate`,`GST`,`VendorGSTNumber`,`CustomerGSTNumber`,`RegisteredDate`,`ModifiedDate`) values 
(1,2880,330,51,50,2,10,'2nd of everymonth',9,NULL,NULL,'2021-05-18 18:52:34','2021-09-06 21:13:09');

/*Table structure for table `balancelog` */

DROP TABLE IF EXISTS `balancelog`;

CREATE TABLE `balancelog` (
  `ReadingID` bigint(20) NOT NULL AUTO_INCREMENT,
  `MIUID` varchar(100) NOT NULL,
  `CommunityID` int(11) DEFAULT NULL,
  `BlockID` int(11) DEFAULT NULL,
  `CustomerID` bigint(20) DEFAULT NULL,
  `CustomerMeterID` bigint(20) DEFAULT NULL,
  `MeterSizeID` int(11) DEFAULT NULL,
  `MeterSerialNumber` varchar(100) DEFAULT NULL,
  `CustomerUniqueID` varchar(100) DEFAULT NULL,
  `MeterType` varchar(100) NOT NULL,
  `SyncTime` varchar(100) NOT NULL,
  `SyncInterval` int(11) NOT NULL,
  `PayType` varchar(100) NOT NULL,
  `BatteryVoltage` decimal(10,2) NOT NULL,
  `ValveConfiguration` tinyint(4) NOT NULL,
  `ValveStatus` tinyint(4) NOT NULL,
  `Balance` decimal(10,2) NOT NULL,
  `TariffID` int(11) DEFAULT NULL,
  `Tariff` decimal(10,2) NOT NULL,
  `EmergencyCredit` decimal(10,2) NOT NULL,
  `Minutes` bigint(20) DEFAULT NULL,
  `Reading` decimal(10,2) NOT NULL,
  `DoorOpenTamper` tinyint(4) DEFAULT NULL,
  `MagneticTamper` tinyint(4) DEFAULT NULL,
  `Vacation` tinyint(4) DEFAULT NULL,
  `RTCFault` tinyint(4) DEFAULT NULL,
  `LowBattery` tinyint(4) DEFAULT NULL,
  `LowBalance` tinyint(4) DEFAULT NULL,
  `LogDate` datetime NOT NULL,
  PRIMARY KEY (`ReadingID`)
) ENGINE=InnoDB AUTO_INCREMENT=1576 DEFAULT CHARSET=latin1;

/*Data for the table `balancelog` */

insert  into `balancelog`(`ReadingID`,`MIUID`,`CommunityID`,`BlockID`,`CustomerID`,`CustomerMeterID`,`MeterSizeID`,`MeterSerialNumber`,`CustomerUniqueID`,`MeterType`,`SyncTime`,`SyncInterval`,`PayType`,`BatteryVoltage`,`ValveConfiguration`,`ValveStatus`,`Balance`,`TariffID`,`Tariff`,`EmergencyCredit`,`Minutes`,`Reading`,`DoorOpenTamper`,`MagneticTamper`,`Vacation`,`RTCFault`,`LowBattery`,`LowBalance`,`LogDate`) values 
(942,'506f980000000aaa',3,5,35,68,3,'987456','IDIGI1001','Water','12:30:00',480,'Postpaid',85.00,2,0,0.00,2,0.00,0.00,0,30922.00,0,0,0,0,0,0,'2022-03-08 19:34:46'),
(943,'506f980000000aac',3,5,35,69,3,'9874561','IDIGI1001','Water','00:00:00',480,'Postpaid',87.00,2,0,0.00,2,0.00,0.00,0,5220.00,0,0,0,0,0,0,'2022-03-08 19:34:46'),
(944,'506f980000000aaa',3,5,35,68,3,'987456','IDIGI1001','Water','12:30:00',480,'Postpaid',85.00,2,0,0.00,2,0.00,0.00,0,31396.00,0,0,0,0,0,0,'2022-03-09 09:08:15'),
(945,'506f980000000aaa',3,5,35,68,3,'987456','IDIGI1001','Water','12:30:00',480,'Postpaid',85.00,2,0,0.00,2,0.00,0.00,0,31771.00,0,0,0,0,0,0,'2022-03-09 12:34:27'),
(946,'506f980000000aaa',3,5,35,68,3,'987456','IDIGI1001','Water','12:30:00',480,'Postpaid',85.00,2,0,0.00,2,0.00,0.00,0,32226.00,0,0,0,0,0,0,'2022-03-09 23:19:47'),
(947,'506f980000000aaa',3,5,35,68,3,'987456','IDIGI1001','Water','12:30:00',480,'Postpaid',85.00,2,0,0.00,2,0.00,0.00,0,33066.00,0,0,0,0,0,0,'2022-03-10 23:49:26'),
(948,'506f980000000aaa',3,5,35,68,3,'987456','IDIGI1001','Water','12:30:00',480,'Postpaid',85.00,2,0,0.00,2,0.00,0.00,0,34929.00,0,0,0,0,0,0,'2022-03-13 11:26:11'),
(949,'506f980000000aaa',3,5,35,68,3,'987456','IDIGI1001','Water','12:30:00',480,'Postpaid',85.00,2,0,0.00,2,0.00,0.00,0,35447.00,0,0,0,0,0,0,'2022-03-13 21:19:35'),
(950,'506f980000000aaa',3,5,35,68,3,'987456','IDIGI1001','Water','12:30:00',480,'Postpaid',86.00,2,0,0.00,2,0.00,0.00,0,35538.00,0,0,0,0,0,0,'2022-03-14 11:26:34'),
(951,'506f980000000aaa',3,5,35,68,3,'987456','IDIGI1001','Water','12:30:00',480,'Postpaid',85.00,2,0,0.00,2,0.00,0.00,0,35861.00,0,0,0,0,0,0,'2022-03-14 13:32:20'),
(952,'506f980000000aac',3,5,35,69,3,'9874561','IDIGI1001','Water','00:00:00',480,'Postpaid',86.00,2,0,0.00,2,0.00,0.00,0,5205.00,0,0,0,0,0,0,'2022-03-14 13:32:24'),
(953,'506f980000000aaa',3,5,35,68,3,'987456','IDIGI1001','Water','12:30:00',480,'Postpaid',85.00,2,0,0.00,2,0.00,0.00,0,36161.00,0,0,0,0,0,0,'2022-03-14 22:11:03'),
(954,'506f980000000aaa',3,5,35,68,3,'987456','IDIGI1001','Water','12:30:00',480,'Postpaid',85.00,2,0,0.00,2,0.00,0.00,0,36272.00,0,0,0,0,0,0,'2022-03-15 09:25:52'),
(955,'506f980000000aaa',3,5,35,68,3,'987456','IDIGI1001','Water','12:30:00',480,'Postpaid',86.00,2,0,0.00,2,0.00,0.00,0,36557.00,0,0,0,0,0,0,'2022-03-15 15:19:53'),
(956,'506f980000000aac',3,5,35,69,3,'9874561','IDIGI1001','Water','00:00:00',2,'Postpaid',85.00,2,0,0.00,2,0.00,0.00,0,5768.00,0,0,0,0,0,0,'2022-03-15 15:19:54'),
(957,'506f980000000aac',3,5,35,69,3,'9874561','IDIGI1001','Water','00:00:00',2,'Postpaid',85.00,2,0,0.00,2,0.00,0.00,0,5768.00,0,0,0,0,0,0,'2022-03-15 15:21:55'),
(958,'506f980000000aac',3,5,35,69,3,'9874561','IDIGI1001','Water','00:00:00',2,'Postpaid',86.00,2,0,0.00,2,0.00,0.00,0,5768.00,0,0,0,0,0,0,'2022-03-15 15:23:55'),
(959,'506f980000000aac',3,5,35,69,3,'9874561','IDIGI1001','Water','00:00:00',2,'Postpaid',86.00,2,0,0.00,2,0.00,0.00,0,5768.00,0,0,0,0,0,0,'2022-03-15 15:28:06'),
(960,'506f980000000aac',3,5,35,69,3,'9874561','IDIGI1001','Water','00:00:00',2,'Postpaid',86.00,2,0,0.00,2,0.00,0.00,0,5768.00,0,0,0,0,0,0,'2022-03-15 15:30:07'),
(961,'506f980000000aac',3,5,35,69,3,'9874561','IDIGI1001','Water','00:00:00',2,'Postpaid',85.00,2,0,0.00,2,0.00,0.00,0,5768.00,0,0,0,0,0,0,'2022-03-15 15:34:18'),
(962,'506f980000000aac',3,5,35,69,3,'9874561','IDIGI1001','Water','00:00:00',2,'Postpaid',86.00,2,0,0.00,2,0.00,0.00,0,5768.00,0,0,0,0,0,0,'2022-03-15 15:38:29'),
(963,'506f980000000aac',3,5,35,69,3,'9874561','IDIGI1001','Water','00:00:00',2,'Postpaid',86.00,2,0,0.00,2,0.00,0.00,0,5768.00,0,0,0,0,0,0,'2022-03-15 15:44:30'),
(964,'506f980000000aac',3,5,35,69,3,'9874561','IDIGI1001','Water','00:00:00',2,'Postpaid',86.00,2,0,0.00,2,0.00,0.00,0,5768.00,0,0,0,0,0,0,'2022-03-15 15:46:31'),
(965,'506f980000000aac',3,5,35,69,3,'9874561','IDIGI1001','Water','00:00:00',2,'Postpaid',86.00,2,0,0.00,2,0.00,0.00,0,5768.00,0,0,0,0,0,0,'2022-03-15 15:50:31'),
(966,'506f980000000aac',3,5,35,69,3,'9874561','IDIGI1001','Water','00:00:00',2,'Postpaid',86.00,2,0,0.00,2,0.00,0.00,0,5768.00,0,0,0,0,0,0,'2022-03-15 15:52:32'),
(967,'506f980000000aac',3,5,35,69,3,'9874561','IDIGI1001','Water','00:00:00',2,'Postpaid',86.00,2,0,0.00,2,0.00,0.00,0,5768.00,0,0,0,0,0,0,'2022-03-15 15:54:33'),
(968,'506f980000000aac',3,5,35,69,3,'9874561','IDIGI1001','Water','00:00:00',2,'Postpaid',86.00,2,0,0.00,2,0.00,0.00,0,5768.00,0,0,0,0,0,0,'2022-03-15 15:58:43'),
(969,'506f980000000aac',3,5,35,69,3,'9874561','IDIGI1001','Water','00:00:00',2,'Postpaid',86.00,2,0,0.00,2,0.00,0.00,0,5768.00,0,0,0,0,0,0,'2022-03-15 16:02:54'),
(970,'506f980000000aac',3,5,35,69,3,'9874561','IDIGI1001','Water','00:00:00',2,'Postpaid',86.00,2,0,0.00,2,0.00,0.00,0,5768.00,0,0,0,0,0,0,'2022-03-15 16:04:55'),
(971,'506f980000000aac',3,5,35,69,3,'9874561','IDIGI1001','Water','00:00:00',2,'Postpaid',86.00,2,0,0.00,2,0.00,0.00,0,5768.00,0,0,0,0,0,0,'2022-03-15 16:09:14'),
(972,'506f980000000aac',3,5,35,69,3,'9874561','IDIGI1001','Water','00:00:00',2,'Postpaid',86.00,2,0,0.00,2,0.00,0.00,0,5768.00,0,0,0,0,0,0,'2022-03-15 16:13:24'),
(973,'506f980000000aac',3,5,35,69,3,'9874561','IDIGI1001','Water','00:00:00',2,'Postpaid',86.00,2,0,0.00,2,0.00,0.00,0,5768.00,0,0,0,0,0,0,'2022-03-15 16:15:25'),
(974,'506f980000000aac',3,5,35,69,3,'9874561','IDIGI1001','Water','00:00:00',2,'Postpaid',86.00,2,0,0.00,2,0.00,0.00,0,5768.00,0,0,0,0,0,0,'2022-03-15 16:17:27'),
(975,'506f980000000aac',3,5,35,69,3,'9874561','IDIGI1001','Water','00:00:00',2,'Postpaid',86.00,2,0,0.00,2,0.00,0.00,0,5768.00,0,0,0,0,0,0,'2022-03-15 16:19:27'),
(976,'506f980000000aac',3,5,35,69,3,'9874561','IDIGI1001','Water','00:00:00',2,'Postpaid',86.00,2,0,0.00,2,0.00,0.00,0,5768.00,0,0,0,0,0,0,'2022-03-15 16:23:38'),
(977,'506f980000000aac',3,5,35,69,3,'9874561','IDIGI1001','Water','00:00:00',2,'Postpaid',86.00,2,0,0.00,2,0.00,0.00,0,5768.00,0,0,0,0,0,0,'2022-03-15 16:25:39'),
(978,'506f980000000aac',3,5,35,69,3,'9874561','IDIGI1001','Water','00:00:00',2,'Postpaid',86.00,2,0,0.00,2,0.00,0.00,0,5768.00,0,0,0,0,0,0,'2022-03-15 16:27:40'),
(979,'506f980000000aac',3,5,35,69,3,'9874561','IDIGI1001','Water','00:00:00',2,'Postpaid',85.00,2,0,0.00,2,0.00,0.00,0,5768.00,0,0,0,0,0,0,'2022-03-15 16:37:40'),
(980,'506f980000000aac',3,5,35,69,3,'9874561','IDIGI1001','Water','00:00:00',2,'Postpaid',85.00,2,0,0.00,2,0.00,0.00,0,5768.00,0,0,0,0,0,0,'2022-03-15 16:39:41'),
(981,'506f980000000aac',3,5,35,69,3,'9874561','IDIGI1001','Water','00:00:00',2,'Postpaid',84.00,2,0,0.00,2,0.00,0.00,0,5768.00,0,0,0,0,0,0,'2022-03-15 16:41:41'),
(982,'506f980000000aac',3,5,35,69,3,'9874561','IDIGI1001','Water','00:00:00',2,'Postpaid',85.00,2,0,0.00,2,0.00,0.00,0,5768.00,0,0,0,0,0,0,'2022-03-15 16:43:42'),
(983,'506f980000000aac',3,5,35,69,3,'9874561','IDIGI1001','Water','00:00:00',2,'Postpaid',85.00,2,0,0.00,2,0.00,0.00,0,5768.00,0,0,0,0,0,0,'2022-03-15 16:45:42'),
(984,'506f980000000aac',3,5,35,69,3,'9874561','IDIGI1001','Water','00:00:00',2,'Postpaid',85.00,2,0,0.00,2,0.00,0.00,0,5768.00,0,0,0,0,0,0,'2022-03-15 16:47:43'),
(985,'506f980000000aad',3,5,36,71,3,'IDIGI0013','IDIGI1002','Water','02:02:02',60,'Postpaid',19.00,2,0,0.00,2,0.00,0.00,0,0.00,0,0,0,0,0,0,'2022-03-15 16:47:43'),
(986,'506f980000000aad',3,5,36,71,3,'IDIGI0013','IDIGI1002','Water','02:02:02',60,'Postpaid',20.00,2,0,0.00,2,0.00,0.00,0,0.00,0,0,0,0,0,0,'2022-03-15 16:49:44'),
(987,'506f980000000aac',3,5,35,69,3,'9874561','IDIGI1001','Water','00:00:00',2,'Postpaid',85.00,2,0,0.00,2,0.00,0.00,0,5768.00,0,0,0,0,0,0,'2022-03-15 16:51:44'),
(988,'506f980000000aac',3,5,35,69,3,'9874561','IDIGI1001','Water','00:00:00',2,'Postpaid',85.00,2,0,0.00,2,0.00,0.00,0,5768.00,0,0,0,0,0,0,'2022-03-15 16:53:45'),
(989,'506f980000000aad',3,5,36,71,3,'IDIGI0013','IDIGI1002','Water','02:02:02',60,'Postpaid',20.00,2,0,0.00,2,0.00,0.00,0,0.00,0,0,0,0,0,0,'2022-03-15 16:53:45'),
(990,'506f980000000aac',3,5,35,69,3,'9874561','IDIGI1001','Water','00:00:00',2,'Postpaid',85.00,2,0,0.00,2,0.00,0.00,0,5768.00,0,0,0,0,0,0,'2022-03-15 16:55:46'),
(991,'506f980000000aad',3,5,36,71,3,'IDIGI0013','IDIGI1002','Water','02:02:02',60,'Postpaid',20.00,2,0,0.00,2,0.00,0.00,0,0.00,0,0,0,0,0,0,'2022-03-15 16:55:46'),
(992,'506f980000000aac',3,5,35,69,3,'9874561','IDIGI1001','Water','00:00:00',2,'Postpaid',85.00,2,0,0.00,2,0.00,0.00,0,5771.00,0,0,0,0,0,0,'2022-03-15 16:59:57'),
(993,'506f980000000aac',3,5,35,69,3,'9874561','IDIGI1001','Water','00:00:00',2,'Postpaid',85.00,2,0,0.00,2,0.00,0.00,0,5771.00,0,0,0,0,0,0,'2022-03-15 17:01:57'),
(994,'506f980000000aac',3,5,35,69,3,'9874561','IDIGI1001','Water','00:00:00',2,'Postpaid',85.00,2,0,0.00,2,0.00,0.00,0,5771.00,0,0,0,0,0,0,'2022-03-15 17:03:58'),
(995,'506f980000000aad',3,5,36,71,3,'IDIGI0013','IDIGI1002','Water','02:02:02',60,'Postpaid',20.00,2,0,0.00,2,0.00,0.00,0,0.00,0,0,0,0,0,0,'2022-03-15 17:05:58'),
(996,'506f980000000aab',3,5,36,70,3,'IDIGI0008','IDIGI1002','Water','00:03:00',2,'Postpaid',84.00,2,0,0.00,2,0.00,0.00,0,5777.00,0,0,0,0,0,0,'2022-03-15 17:13:59'),
(997,'506f980000000aab',3,5,36,70,3,'IDIGI0008','IDIGI1002','Water','00:03:00',2,'Postpaid',85.00,2,0,0.00,2,0.00,0.00,0,5779.00,0,0,0,0,0,0,'2022-03-15 17:15:59'),
(998,'506f980000000aad',3,5,36,71,3,'IDIGI0013','IDIGI1002','Water','02:02:02',60,'Postpaid',20.00,2,0,0.00,2,0.00,0.00,0,0.00,0,0,0,0,0,0,'2022-03-15 17:15:59'),
(999,'506f980000000aab',3,5,36,70,3,'IDIGI0008','IDIGI1002','Water','00:03:00',2,'Postpaid',85.00,2,0,0.00,2,0.00,0.00,0,5779.00,0,0,0,0,0,0,'2022-03-15 17:18:00'),
(1000,'506f980000000aab',3,5,36,70,3,'IDIGI0008','IDIGI1002','Water','00:03:00',2,'Postpaid',84.00,2,0,0.00,2,0.00,0.00,0,5779.00,0,0,0,0,0,0,'2022-03-15 17:22:11'),
(1001,'506f980000000aad',3,5,36,71,3,'IDIGI0013','IDIGI1002','Water','02:02:02',60,'Postpaid',20.00,2,0,0.00,2,0.00,0.00,0,0.00,0,0,0,0,0,0,'2022-03-15 17:22:11'),
(1002,'506f980000000aab',3,5,36,70,3,'IDIGI0008','IDIGI1002','Water','00:03:00',2,'Postpaid',85.00,2,0,0.00,2,0.00,0.00,0,5782.00,0,0,0,0,0,0,'2022-03-15 17:26:11'),
(1003,'506f980000000aad',3,5,36,71,3,'IDIGI0013','IDIGI1002','Water','02:02:02',60,'Postpaid',20.00,2,0,0.00,2,0.00,0.00,0,0.00,0,0,0,0,0,0,'2022-03-15 17:26:12'),
(1004,'506f980000000aab',3,5,36,70,3,'IDIGI0008','IDIGI1002','Water','00:03:00',2,'Postpaid',84.00,2,0,0.00,2,0.00,0.00,0,5782.00,0,0,0,0,0,0,'2022-03-15 17:28:12'),
(1005,'506f980000000aab',3,5,36,70,3,'IDIGI0008','IDIGI1002','Water','00:03:00',2,'Postpaid',84.00,2,0,0.00,2,0.00,0.00,0,5782.00,0,0,0,0,0,0,'2022-03-15 17:30:13'),
(1006,'506f980000000aab',3,5,36,70,3,'IDIGI0008','IDIGI1002','Water','00:03:00',2,'Postpaid',83.00,2,0,0.00,2,0.00,0.00,0,5782.00,0,0,0,0,0,0,'2022-03-15 17:32:13'),
(1007,'506f980000000aab',3,5,36,70,3,'IDIGI0008','IDIGI1002','Water','00:03:00',2,'Postpaid',85.00,2,0,0.00,2,0.00,0.00,0,5782.00,0,0,0,0,0,0,'2022-03-15 17:34:13'),
(1008,'506f980000000aab',3,5,36,70,3,'IDIGI0008','IDIGI1002','Water','00:03:00',2,'Postpaid',85.00,2,0,0.00,2,0.00,0.00,0,5782.00,0,0,0,0,0,0,'2022-03-15 17:36:14'),
(1009,'506f980000000aab',3,5,36,70,3,'IDIGI0008','IDIGI1002','Water','00:03:00',2,'Postpaid',85.00,2,0,0.00,2,0.00,0.00,0,5782.00,0,0,0,0,0,0,'2022-03-15 17:38:14'),
(1010,'506f980000000aab',3,5,36,70,3,'IDIGI0008','IDIGI1002','Water','00:03:00',2,'Postpaid',84.00,2,0,0.00,2,0.00,0.00,0,5782.00,0,0,0,0,0,0,'2022-03-15 17:40:15'),
(1011,'506f980000000aab',3,5,36,70,3,'IDIGI0008','IDIGI1002','Water','00:03:00',2,'Postpaid',85.00,2,0,0.00,2,0.00,0.00,0,5782.00,0,0,0,0,0,0,'2022-03-15 17:42:15'),
(1012,'506f980000000aab',3,5,36,70,3,'IDIGI0008','IDIGI1002','Water','00:03:00',2,'Postpaid',84.00,2,0,0.00,2,0.00,0.00,0,5782.00,0,0,0,0,0,0,'2022-03-15 17:44:15'),
(1013,'506f980000000aab',3,5,36,70,3,'IDIGI0008','IDIGI1002','Water','00:03:00',2,'Postpaid',84.00,2,0,0.00,2,0.00,0.00,0,5782.00,0,0,0,0,0,0,'2022-03-15 18:06:16'),
(1014,'506f980000000aad',3,5,36,71,3,'IDIGI0013','IDIGI1002','Water','02:02:02',60,'Postpaid',21.00,2,0,0.00,2,0.00,0.00,0,0.00,0,0,0,0,0,0,'2022-03-15 18:08:16'),
(1015,'506f980000000aab',3,5,36,70,3,'IDIGI0008','IDIGI1002','Water','00:03:00',2,'Postpaid',84.00,2,0,0.00,2,0.00,0.00,0,5799.00,0,0,0,0,0,0,'2022-03-15 18:14:17'),
(1016,'506f980000000aab',3,5,36,70,3,'IDIGI0008','IDIGI1002','Water','00:03:00',2,'Postpaid',84.00,2,0,0.00,2,0.00,0.00,0,5814.00,0,0,0,0,0,0,'2022-03-15 18:16:17'),
(1017,'506f980000000aad',3,5,36,71,3,'IDIGI0013','IDIGI1002','Water','02:02:02',60,'Postpaid',21.00,2,0,0.00,2,0.00,0.00,0,0.00,0,0,0,0,0,0,'2022-03-15 18:16:18'),
(1018,'506f980000000aad',3,5,36,71,3,'IDIGI0013','IDIGI1002','Water','02:02:02',60,'Postpaid',20.00,2,0,0.00,2,0.00,0.00,0,0.00,0,0,0,0,0,0,'2022-03-15 18:18:18'),
(1019,'506f980000000aab',3,5,36,70,3,'IDIGI0008','IDIGI1002','Water','00:03:00',2,'Postpaid',84.00,2,0,0.00,2,0.00,0.00,0,5823.00,0,0,0,0,0,0,'2022-03-15 18:20:19'),
(1020,'506f980000000aad',3,5,36,71,3,'IDIGI0013','IDIGI1002','Water','02:02:02',60,'Postpaid',20.00,2,0,0.00,2,0.00,0.00,0,0.00,0,0,0,0,0,0,'2022-03-15 18:20:19'),
(1021,'506f980000000aab',3,5,36,70,3,'IDIGI0008','IDIGI1002','Water','00:03:00',2,'Postpaid',84.00,2,0,0.00,2,0.00,0.00,0,5823.00,0,0,0,0,0,0,'2022-03-15 18:22:19'),
(1022,'506f980000000aad',3,5,36,71,3,'IDIGI0013','IDIGI1002','Water','02:02:02',60,'Postpaid',21.00,2,0,0.00,2,0.00,0.00,0,0.00,0,0,0,0,0,0,'2022-03-15 18:22:20'),
(1023,'506f980000000aab',3,5,36,70,3,'IDIGI0008','IDIGI1002','Water','00:03:00',2,'Postpaid',85.00,2,0,0.00,2,0.00,0.00,0,5823.00,0,0,0,0,0,0,'2022-03-15 18:24:20'),
(1024,'506f980000000aab',3,5,36,70,3,'IDIGI0008','IDIGI1002','Water','00:03:00',2,'Postpaid',85.00,2,0,0.00,2,0.00,0.00,0,5823.00,0,0,0,0,0,0,'2022-03-15 18:26:21'),
(1025,'506f980000000aaa',3,5,35,68,3,'987456','IDIGI1001','Water','12:30:00',480,'Postpaid',85.00,2,0,0.00,2,0.00,0.00,0,36937.00,0,0,0,0,0,0,'2022-03-16 08:05:06'),
(1026,'506f980000000aaa',3,5,35,68,3,'987456','IDIGI1001','Water','12:30:00',480,'Postpaid',84.00,2,0,0.00,2,0.00,0.00,0,37309.00,0,0,0,0,0,0,'2022-03-16 17:30:13'),
(1027,'506f980000000aab',3,5,36,70,3,'IDIGI0008','IDIGI1002','Water','00:03:00',2,'Postpaid',84.00,2,0,0.00,2,0.00,0.00,0,5838.00,0,0,0,0,0,0,'2022-03-16 17:30:13'),
(1028,'506f980000000aad',3,5,36,71,3,'IDIGI0013','IDIGI1002','Water','02:02:02',60,'Postpaid',19.00,2,0,0.00,2,0.00,0.00,0,0.00,0,0,0,0,0,0,'2022-03-16 17:30:13'),
(1029,'506f980000000aaa',3,5,35,68,3,'987456','IDIGI1001','Water','12:30:00',480,'Postpaid',85.00,2,0,0.00,2,0.00,0.00,0,37728.00,0,0,0,0,0,0,'2022-03-17 10:21:04'),
(1030,'506f980000000aaa',3,5,35,68,3,'987456','IDIGI1001','Water','12:30:00',480,'Postpaid',85.00,2,0,0.00,2,0.00,0.00,0,37728.00,0,0,0,0,0,0,'2022-03-17 10:22:52'),
(1031,'506f980000000aaa',3,5,35,68,3,'987456','IDIGI1001','Water','12:30:00',480,'Postpaid',85.00,2,0,0.00,2,0.00,0.00,0,38002.00,0,0,0,0,0,0,'2022-03-17 10:30:53'),
(1032,'506f980000000aaa',3,5,35,68,3,'987456','IDIGI1001','Water','12:30:00',480,'Postpaid',85.00,2,0,0.00,2,0.00,0.00,0,40537.00,0,0,0,0,0,0,'2022-03-21 10:24:52'),
(1033,'506f980000000aaa',3,5,35,68,3,'987456','IDIGI1001','Water','12:30:00',480,'Postpaid',85.00,2,0,0.00,2,0.00,0.00,0,42167.00,0,0,0,0,0,0,'2022-03-23 08:26:02'),
(1034,'506f980000000aaa',3,5,35,68,3,'987456','IDIGI1001','Water','12:30:00',480,'Postpaid',85.00,2,0,0.00,2,0.00,0.00,0,42482.00,0,0,0,0,0,0,'2022-03-23 18:22:53'),
(1035,'506f980000000aaa',3,5,35,68,3,'987456','IDIGI1001','Water','12:30:00',480,'Postpaid',85.00,2,0,0.00,2,0.00,0.00,0,42811.00,0,0,0,0,0,0,'2022-03-24 08:34:44'),
(1036,'506f980000000aaa',3,5,35,68,3,'987456','IDIGI1001','Water','12:30:00',480,'Postpaid',86.00,2,0,0.00,2,0.00,0.00,0,44634.00,0,0,0,0,0,0,'2022-03-27 10:13:12'),
(1037,'506f980000000aaa',3,5,35,68,3,'987456','IDIGI1001','Water','12:30:00',480,'Postpaid',86.00,2,0,0.00,2,0.00,0.00,0,44634.00,0,0,0,0,0,0,'2022-03-27 10:14:47'),
(1038,'506f980000000aaa',3,5,35,68,3,'987456','IDIGI1001','Water','12:30:00',480,'Postpaid',86.00,2,0,0.00,2,0.00,0.00,0,46846.00,0,0,0,0,0,0,'2022-03-30 11:39:00'),
(1039,'506f980000000d20',3,6,38,73,3,'987457','IDIGI5002','Water','01:01:01',3,'Postpaid',84.00,2,1,0.00,2,0.00,0.00,0,7091.00,0,0,0,0,0,0,'2022-04-29 19:13:18'),
(1040,'506f980000000d20',3,6,38,73,3,'987457','IDIGI5002','Water','01:01:01',3,'Postpaid',84.00,2,1,0.00,2,0.00,0.00,0,7091.00,0,0,0,0,0,0,'2022-04-29 19:15:19'),
(1041,'506f980000000d20',3,6,38,73,3,'987457','IDIGI5002','Water','01:01:01',3,'Postpaid',84.00,2,1,0.00,2,0.00,0.00,0,7091.00,0,0,0,0,0,0,'2022-04-29 19:20:47'),
(1042,'506f980000000d20',3,6,38,73,3,'987457','IDIGI5002','Water','01:01:01',3,'Postpaid',84.00,2,1,0.00,2,0.00,0.00,0,7091.00,0,0,0,0,0,0,'2022-04-29 19:23:49'),
(1043,'506f980000000d20',3,6,38,73,3,'987457','IDIGI5002','Water','01:01:01',3,'Postpaid',84.00,2,1,0.00,2,0.00,0.00,0,7091.00,0,0,0,0,0,0,'2022-04-29 19:26:49'),
(1044,'506f980000000d20',3,6,38,73,3,'987457','IDIGI5002','Water','01:01:01',3,'Postpaid',84.00,2,1,0.00,2,0.00,0.00,0,7091.00,0,0,0,0,0,0,'2022-04-29 19:29:50'),
(1045,'506f980000000d20',3,6,38,73,3,'987457','IDIGI5002','Water','01:01:01',3,'Postpaid',84.00,2,1,0.00,2,0.00,0.00,0,7091.00,0,0,0,0,0,0,'2022-04-29 19:32:51'),
(1046,'506f980000000d20',3,6,38,73,3,'987457','IDIGI5002','Water','01:01:01',3,'Postpaid',84.00,2,1,0.00,2,0.00,0.00,0,7091.00,0,0,0,0,0,0,'2022-04-29 19:35:51'),
(1047,'506f980000000d20',3,6,38,73,3,'987457','IDIGI5002','Water','01:01:01',3,'Postpaid',84.00,2,1,0.00,2,0.00,0.00,0,7091.00,0,0,0,0,0,0,'2022-04-29 19:38:52'),
(1048,'506f980000000d20',3,6,38,73,3,'987457','IDIGI5002','Water','01:01:01',3,'Postpaid',84.00,2,1,0.00,2,0.00,0.00,0,7091.00,0,0,0,0,0,0,'2022-04-29 19:41:53'),
(1049,'506f980000000d20',3,6,38,73,3,'987457','IDIGI5002','Water','01:01:01',3,'Postpaid',84.00,2,1,0.00,2,0.00,0.00,0,7091.00,0,0,0,0,0,0,'2022-04-29 19:44:53'),
(1050,'506f980000000d20',3,6,38,73,3,'987457','IDIGI5002','Water','01:01:01',3,'Postpaid',84.00,2,1,0.00,2,0.00,0.00,0,7091.00,0,0,0,0,0,0,'2022-04-29 19:47:54'),
(1051,'506f980000000d20',3,6,38,73,3,'987457','IDIGI5002','Water','01:01:01',3,'Postpaid',84.00,2,1,0.00,2,0.00,0.00,0,7091.00,0,0,0,0,0,0,'2022-04-29 19:50:55'),
(1052,'506f980000000d2f',3,6,37,72,3,'987456','IDIGI5001','Water','02:01:00',120,'Postpaid',85.00,2,0,0.00,2,0.00,0.00,0,5109.00,0,0,0,0,0,0,'2022-04-30 07:57:21'),
(1053,'506f980000000d20',3,6,38,73,3,'987457','IDIGI5002','Water','01:01:01',3,'Postpaid',84.00,2,1,0.00,2,0.00,0.00,0,7091.00,0,0,0,0,0,0,'2022-04-30 07:57:23'),
(1054,'506f980000000d2f',3,6,37,72,3,'987456','IDIGI5001','Water','02:01:00',120,'Postpaid',85.00,2,0,0.00,2,0.00,0.00,0,5109.00,0,0,0,0,0,0,'2022-04-30 10:02:58'),
(1055,'506f980000000d20',3,6,38,73,3,'987457','IDIGI5002','Water','01:01:01',3,'Postpaid',84.00,2,1,0.00,2,0.00,0.00,0,7091.00,0,0,0,0,0,0,'2022-04-30 10:03:00'),
(1056,'506f980000000d20',3,6,38,73,3,'987457','IDIGI5002','Water','01:01:01',3,'Postpaid',85.00,2,1,0.00,2,0.00,0.00,0,7091.00,0,0,0,0,0,0,'2022-04-30 10:04:02'),
(1057,'506f980000000d20',3,6,38,73,3,'987457','IDIGI5002','Water','01:01:01',3,'Postpaid',85.00,2,1,0.00,2,0.00,0.00,0,7091.00,0,0,0,0,0,0,'2022-04-30 10:07:03'),
(1058,'506f980000000d20',3,6,38,73,3,'987457','IDIGI5002','Water','01:01:01',3,'Postpaid',85.00,2,1,0.00,2,0.00,0.00,0,7091.00,0,0,0,0,0,0,'2022-04-30 10:10:04'),
(1059,'506f980000000d20',3,6,38,73,3,'987457','IDIGI5002','Water','01:01:01',3,'Postpaid',85.00,2,1,0.00,2,0.00,0.00,0,7091.00,0,0,0,0,0,0,'2022-04-30 10:13:04'),
(1060,'506f980000000d20',3,6,38,73,3,'987457','IDIGI5002','Water','01:01:01',3,'Postpaid',85.00,2,1,0.00,2,0.00,0.00,0,7091.00,0,0,0,0,0,0,'2022-04-30 10:16:05'),
(1061,'506f980000000d20',3,6,38,73,3,'987457','IDIGI5002','Water','01:01:01',3,'Postpaid',85.00,2,1,0.00,2,0.00,0.00,0,7091.00,0,0,0,0,0,0,'2022-04-30 10:19:05'),
(1062,'506f980000000d20',3,6,38,73,3,'987457','IDIGI5002','Water','01:01:01',3,'Postpaid',84.00,2,1,0.00,2,0.00,0.00,0,7091.00,0,0,0,0,0,0,'2022-04-30 10:21:06'),
(1063,'506f980000000a82',3,6,39,75,3,'IDIGI0023','IDIGI1015','Water','00:00:00',120,'Postpaid',84.00,2,1,0.00,2,0.00,0.00,0,5536.00,0,0,0,0,0,0,'2022-04-30 13:19:12'),
(1064,'506f980000000d2f',3,6,37,72,3,'987456','IDIGI5001','Water','02:01:00',120,'Postpaid',84.00,2,0,0.00,2,0.00,0.00,0,5109.00,0,0,0,0,0,0,'2022-04-30 13:31:13'),
(1065,'506f980000000d2f',3,6,37,72,3,'987456','IDIGI5001','Water','02:01:00',120,'Postpaid',84.00,2,0,0.00,2,0.00,0.00,0,5109.00,0,0,0,0,0,0,'2022-04-30 13:35:24'),
(1066,'506f980000000a82',3,6,39,75,3,'IDIGI0023','IDIGI1015','Water','00:00:00',120,'Postpaid',84.00,2,1,0.00,2,0.00,0.00,0,6538.00,0,0,0,0,0,0,'2022-04-30 15:19:26'),
(1067,'506f980000000d2f',3,6,37,72,3,'987456','IDIGI5001','Water','02:01:00',120,'Postpaid',85.00,2,0,0.00,2,0.00,0.00,0,7297.00,0,0,0,0,0,0,'2022-04-30 15:31:27'),
(1068,'506f980000000d2f',3,6,37,72,3,'987456','IDIGI5001','Water','02:01:00',120,'Postpaid',85.00,2,0,0.00,2,0.00,0.00,0,7306.00,0,0,0,0,0,0,'2022-04-30 15:35:37'),
(1069,'506f980000000a82',3,6,39,75,3,'IDIGI0023','IDIGI1015','Water','00:00:00',120,'Postpaid',84.00,2,1,0.00,2,0.00,0.00,0,8342.00,0,0,0,0,0,0,'2022-04-30 17:21:49'),
(1070,'506f980000000d2f',3,6,37,72,3,'987456','IDIGI5001','Water','02:01:00',120,'Postpaid',84.00,2,0,0.00,2,0.00,0.00,0,8836.00,0,0,0,0,0,0,'2022-04-30 17:33:59'),
(1071,'506f980000000a82',3,6,39,75,3,'IDIGI0023','IDIGI1015','Water','00:00:00',120,'Postpaid',84.00,2,1,0.00,2,0.00,0.00,0,8342.00,0,0,0,0,0,0,'2022-05-01 09:31:10'),
(1072,'506f980000000d2f',3,6,37,72,3,'987456','IDIGI5001','Water','02:01:00',120,'Postpaid',84.00,2,0,0.00,2,0.00,0.00,0,8836.00,0,0,0,0,0,0,'2022-05-01 09:31:11'),
(1073,'506f980000000d2f',3,6,37,72,3,'987456','IDIGI5001','Water','02:01:00',120,'Postpaid',85.00,2,0,0.00,2,0.00,0.00,0,8836.00,0,0,0,0,0,0,'2022-05-01 09:33:11'),
(1074,'506f980000000d20',3,6,38,73,3,'987457','IDIGI5002','Water','01:01:01',1440,'Postpaid',84.00,2,1,0.00,2,0.00,0.00,0,10838.00,0,0,0,0,0,0,'2022-05-01 14:34:17'),
(1075,'506f980000000a82',3,6,39,75,3,'IDIGI0023','IDIGI1015','Water','00:00:00',120,'Postpaid',84.00,2,1,0.00,2,0.00,0.00,0,8342.00,0,0,0,0,0,0,'2022-05-01 14:34:17'),
(1076,'506f980000000d2f',3,6,37,72,3,'987456','IDIGI5001','Water','02:01:00',120,'Postpaid',85.00,2,0,0.00,2,0.00,0.00,0,8836.00,0,0,0,0,0,0,'2022-05-01 14:34:20'),
(1077,'506f980000000a82',3,6,39,75,3,'IDIGI0023','IDIGI1015','Water','00:00:00',120,'Postpaid',84.00,2,1,0.00,2,0.00,0.00,0,8342.00,0,0,0,0,0,0,'2022-05-01 15:20:21'),
(1078,'506f980000000d2f',3,6,37,72,3,'987456','IDIGI5001','Water','02:01:00',120,'Postpaid',85.00,2,0,0.00,2,0.00,0.00,0,8836.00,0,0,0,0,0,0,'2022-05-01 15:34:32'),
(1079,'506f980000000a82',3,6,39,75,3,'IDIGI0023','IDIGI1015','Water','00:00:00',120,'Postpaid',84.00,2,1,0.00,2,0.00,0.00,0,8342.00,0,0,0,0,0,0,'2022-05-01 17:18:34'),
(1080,'506f980000000d2f',3,6,37,72,3,'987456','IDIGI5001','Water','02:01:00',120,'Postpaid',85.00,2,0,0.00,2,0.00,0.00,0,8836.00,0,0,0,0,0,0,'2022-05-01 17:32:36'),
(1081,'506f980000000d20',3,6,38,73,3,'987457','IDIGI5002','Water','01:01:01',1440,'Postpaid',84.00,2,1,0.00,2,0.00,0.00,0,10838.00,0,0,0,0,0,0,'2022-05-02 13:17:53'),
(1082,'506f980000000a82',3,6,39,75,3,'IDIGI0023','IDIGI1015','Water','00:00:00',120,'Postpaid',84.00,2,1,0.00,2,0.00,0.00,0,8342.00,0,0,0,0,0,0,'2022-05-02 13:17:54'),
(1083,'506f980000000d2f',3,6,37,72,3,'987456','IDIGI5001','Water','02:01:00',120,'Postpaid',85.00,2,0,0.00,2,0.00,0.00,0,8836.00,0,0,0,0,0,0,'2022-05-02 13:17:54'),
(1084,'506f980000000a82',3,6,39,75,3,'IDIGI0023','IDIGI1015','Water','00:00:00',120,'Postpaid',84.00,2,1,0.00,2,0.00,0.00,0,8342.00,0,0,0,0,0,0,'2022-05-02 13:19:55'),
(1085,'506f980000000d2f',3,6,37,72,3,'987456','IDIGI5001','Water','02:01:00',120,'Postpaid',85.00,2,0,0.00,2,0.00,0.00,0,8836.00,0,0,0,0,0,0,'2022-05-02 13:31:55'),
(1086,'506f980000000a82',3,6,39,75,3,'IDIGI0023','IDIGI1015','Water','00:00:00',120,'Postpaid',84.00,2,1,0.00,2,0.00,0.00,0,8342.00,0,0,0,0,0,0,'2022-05-02 16:18:54'),
(1087,'506f980000000d2f',3,6,37,72,3,'987456','IDIGI5001','Water','02:01:00',120,'Postpaid',85.00,2,0,0.00,2,0.00,0.00,0,8836.00,0,0,0,0,0,0,'2022-05-02 16:18:55'),
(1088,'506f980000000a82',3,6,39,75,3,'IDIGI0023','IDIGI1015','Water','00:00:00',120,'Postpaid',84.00,2,1,0.00,2,0.00,0.00,0,8342.00,0,0,0,0,0,0,'2022-05-02 17:40:36'),
(1089,'506f980000000d2f',3,6,37,72,3,'987456','IDIGI5001','Water','02:01:00',120,'Postpaid',85.00,2,0,0.00,2,0.00,0.00,0,8836.00,0,0,0,0,0,0,'2022-05-02 17:40:38'),
(1090,'506f980000000a82',3,6,39,75,3,'IDIGI0023','IDIGI1015','Water','00:00:00',120,'Postpaid',84.00,2,1,0.00,2,0.00,0.00,0,8342.00,0,0,0,0,0,0,'2022-05-02 19:18:41'),
(1091,'506f980000000d2f',3,6,37,72,3,'987456','IDIGI5001','Water','02:01:00',120,'Postpaid',85.00,2,0,0.00,2,0.00,0.00,0,8836.00,0,0,0,0,0,0,'2022-05-02 19:34:51'),
(1092,'506f980000000a82',3,6,39,75,3,'IDIGI0023','IDIGI1015','Water','00:00:00',120,'Postpaid',85.00,2,1,0.00,2,0.00,0.00,0,8342.00,0,0,0,0,0,0,'2022-05-03 09:51:37'),
(1093,'506f980000000d2f',3,6,37,72,3,'987456','IDIGI5001','Water','02:01:00',120,'Postpaid',85.00,2,0,0.00,2,0.00,0.00,0,8836.00,0,0,0,0,0,0,'2022-05-03 09:51:38'),
(1094,'506f980000000a82',3,6,39,75,3,'IDIGI0023','IDIGI1015','Water','00:00:00',120,'Postpaid',84.00,2,1,0.00,2,0.00,0.00,0,9187.00,0,0,0,0,0,0,'2022-05-03 11:20:07'),
(1095,'506f980000000d2f',3,6,37,72,3,'987456','IDIGI5001','Water','02:01:00',120,'Postpaid',85.00,2,0,0.00,2,0.00,0.00,0,9672.00,0,0,0,0,0,0,'2022-05-03 11:32:08'),
(1096,'506f980000000d20',3,6,38,73,3,'987457','IDIGI5002','Water','01:01:01',1440,'Postpaid',85.00,2,1,0.00,2,0.00,0.00,0,11679.00,0,0,0,0,0,0,'2022-05-03 11:56:19'),
(1097,'506f980000000c93',3,6,39,76,3,'IDIGI0039','IDIGI1015','Water','02:03:04',120,'Postpaid',85.00,2,0,0.00,2,0.00,0.00,0,30.00,0,0,0,0,0,0,'2022-05-03 13:16:06'),
(1098,'506f980000000c93',3,6,39,76,3,'IDIGI0039','IDIGI1015','Water','02:03:04',120,'Postpaid',84.00,2,0,0.00,2,0.00,0.00,0,38.00,0,0,0,0,0,0,'2022-05-03 13:20:17'),
(1099,'506f980000000a82',3,6,39,75,3,'IDIGI0023','IDIGI1015','Water','00:00:00',120,'Postpaid',85.00,2,1,0.00,2,0.00,0.00,0,9187.00,0,0,0,0,0,0,'2022-05-03 13:20:17'),
(1100,'506f980000000d2f',3,6,37,72,3,'987456','IDIGI5001','Water','02:01:00',120,'Postpaid',85.00,2,0,0.00,2,0.00,0.00,0,9672.00,0,0,0,0,0,0,'2022-05-03 13:34:28'),
(1101,'506f980000000c93',3,6,39,76,3,'IDIGI0039','IDIGI1015','Water','02:03:04',120,'Postpaid',85.00,2,0,0.00,2,0.00,0.00,0,38.00,0,0,0,0,0,0,'2022-05-03 15:40:10'),
(1102,'506f980000000a82',3,6,39,75,3,'IDIGI0023','IDIGI1015','Water','00:00:00',120,'Postpaid',84.00,2,1,0.00,2,0.00,0.00,0,9187.00,0,0,0,0,0,0,'2022-05-03 15:40:11'),
(1103,'506f980000000d2f',3,6,37,72,3,'987456','IDIGI5001','Water','02:01:00',120,'Postpaid',85.00,2,0,0.00,2,0.00,0.00,0,9672.00,0,0,0,0,0,0,'2022-05-03 15:40:11'),
(1104,'506f980000000c93',3,6,39,76,3,'IDIGI0039','IDIGI1015','Water','02:03:04',120,'Postpaid',85.00,2,0,0.00,2,0.00,0.00,0,41.00,0,0,0,0,0,0,'2022-05-03 17:18:13'),
(1105,'506f980000000a82',3,6,39,75,3,'IDIGI0023','IDIGI1015','Water','00:00:00',120,'Postpaid',85.00,2,1,0.00,2,0.00,0.00,0,9187.00,0,0,0,0,0,0,'2022-05-03 17:22:23'),
(1106,'506f980000000d2f',3,6,37,72,3,'987456','IDIGI5001','Water','02:01:00',120,'Postpaid',85.00,2,0,0.00,2,0.00,0.00,0,9672.00,0,0,0,0,0,0,'2022-05-03 17:32:24'),
(1107,'506f980000000c93',3,6,39,76,3,'IDIGI0039','IDIGI1015','Water','02:03:04',120,'Postpaid',85.00,2,0,0.00,2,0.00,0.00,0,41.00,0,0,0,0,0,0,'2022-05-04 05:25:11'),
(1108,'506f980000000a82',3,6,39,75,3,'IDIGI0023','IDIGI1015','Water','00:00:00',120,'Postpaid',85.00,2,1,0.00,2,0.00,0.00,0,9187.00,0,0,0,0,0,0,'2022-05-04 05:25:11'),
(1109,'506f980000000d2f',3,6,37,72,3,'987456','IDIGI5001','Water','02:01:00',120,'Postpaid',85.00,2,0,0.00,2,0.00,0.00,0,9672.00,0,0,0,0,0,0,'2022-05-04 05:25:12'),
(1110,'506f980000000d2f',3,6,37,72,3,'987456','IDIGI5001','Water','02:01:00',120,'Postpaid',85.00,2,0,0.00,2,0.00,0.00,0,9672.00,0,0,0,0,0,0,'2022-05-04 05:37:45'),
(1111,'506f980000000c93',3,6,39,76,3,'IDIGI0039','IDIGI1015','Water','02:03:04',120,'Postpaid',85.00,2,0,0.00,2,0.00,0.00,0,41.00,0,0,0,0,0,0,'2022-05-04 10:01:06'),
(1112,'506f980000000a82',3,6,39,75,3,'IDIGI0023','IDIGI1015','Water','00:00:00',120,'Postpaid',85.00,2,1,0.00,2,0.00,0.00,0,9187.00,0,0,0,0,0,0,'2022-05-04 10:01:07'),
(1113,'506f980000000d2f',3,6,37,72,3,'987456','IDIGI5001','Water','02:01:00',120,'Postpaid',85.00,2,0,0.00,2,0.00,0.00,0,9672.00,0,0,0,0,0,0,'2022-05-04 10:01:08'),
(1114,'506f980000000c93',3,6,39,76,3,'IDIGI0039','IDIGI1015','Water','02:03:04',120,'Postpaid',85.00,2,0,0.00,2,0.00,0.00,0,45.00,0,0,0,0,0,0,'2022-05-04 11:19:09'),
(1115,'506f980000000a82',3,6,39,75,3,'IDIGI0023','IDIGI1015','Water','00:00:00',120,'Postpaid',85.00,2,1,0.00,2,0.00,0.00,0,9187.00,0,0,0,0,0,0,'2022-05-04 11:19:10'),
(1116,'506f980000000d2f',3,6,37,72,3,'987456','IDIGI5001','Water','02:01:00',120,'Postpaid',85.00,2,0,0.00,2,0.00,0.00,0,9672.00,0,0,0,0,0,0,'2022-05-04 11:31:11'),
(1117,'506f980000000d2f',3,6,37,72,3,'987456','IDIGI5001','Water','02:01:00',120,'Postpaid',85.00,2,0,0.00,2,0.00,0.00,0,9672.00,0,0,0,0,0,0,'2022-05-04 11:35:21'),
(1118,'506f980000000d20',3,6,38,73,3,'987457','IDIGI5002','Water','01:01:01',1440,'Postpaid',85.00,2,1,0.00,2,0.00,0.00,0,11679.00,0,0,0,0,0,0,'2022-05-04 11:53:22'),
(1119,'506f980000000c93',3,6,39,76,3,'IDIGI0039','IDIGI1015','Water','02:03:04',120,'Postpaid',85.00,2,0,0.00,2,0.00,0.00,0,47.00,0,0,0,0,0,0,'2022-05-04 13:21:39'),
(1120,'506f980000000a82',3,6,39,75,3,'IDIGI0023','IDIGI1015','Water','00:00:00',120,'Postpaid',85.00,2,1,0.00,2,0.00,0.00,0,9187.00,0,0,0,0,0,0,'2022-05-04 13:21:39'),
(1121,'506f980000000d2f',3,6,37,72,3,'987456','IDIGI5001','Water','02:01:00',120,'Postpaid',85.00,2,0,0.00,2,0.00,0.00,0,9672.00,0,0,0,0,0,0,'2022-05-04 13:34:43'),
(1122,'506f980000000c93',3,6,39,76,3,'IDIGI0039','IDIGI1015','Water','02:03:04',120,'Postpaid',85.00,2,0,0.00,2,0.00,0.00,0,59.00,0,0,0,0,0,0,'2022-05-04 15:17:54'),
(1123,'506f980000000a82',3,6,39,75,3,'IDIGI0023','IDIGI1015','Water','00:00:00',120,'Postpaid',85.00,2,1,0.00,2,0.00,0.00,0,9187.00,0,0,0,0,0,0,'2022-05-04 15:22:05'),
(1124,'506f980000000d2f',3,6,37,72,3,'987456','IDIGI5001','Water','02:01:00',120,'Postpaid',85.00,2,0,0.00,2,0.00,0.00,0,9672.00,0,0,0,0,0,0,'2022-05-04 15:32:06'),
(1125,'506f980000000c93',3,6,39,76,3,'IDIGI0039','IDIGI1015','Water','02:03:04',120,'Postpaid',85.00,2,0,0.00,2,0.00,0.00,0,62.00,0,0,0,0,0,0,'2022-05-04 17:18:08'),
(1126,'506f980000000a82',3,6,39,75,3,'IDIGI0023','IDIGI1015','Water','00:00:00',120,'Postpaid',85.00,2,1,0.00,2,0.00,0.00,0,9187.00,0,0,0,0,0,0,'2022-05-04 17:22:21'),
(1127,'506f980000000d2f',3,6,37,72,3,'987456','IDIGI5001','Water','02:01:00',120,'Postpaid',85.00,2,0,0.00,2,0.00,0.00,0,9672.00,0,0,0,0,0,0,'2022-05-04 17:32:22'),
(1128,'506f980000000c93',3,6,39,76,3,'IDIGI0039','IDIGI1015','Water','02:03:04',120,'Postpaid',85.00,2,0,0.00,2,0.00,0.00,0,63.00,0,0,0,0,0,0,'2022-05-05 09:35:18'),
(1129,'506f980000000a82',3,6,39,75,3,'IDIGI0023','IDIGI1015','Water','00:00:00',120,'Postpaid',85.00,2,1,0.00,2,0.00,0.00,0,9539.00,0,0,0,0,0,0,'2022-05-05 09:35:19'),
(1130,'506f980000000d2f',3,6,37,72,3,'987456','IDIGI5001','Water','02:01:00',120,'Postpaid',85.00,2,0,0.00,2,0.00,0.00,0,10271.00,0,0,0,0,0,0,'2022-05-05 09:35:19'),
(1131,'506f980000000c93',3,6,39,76,3,'IDIGI0039','IDIGI1015','Water','02:03:04',120,'Postpaid',85.00,2,0,0.00,2,0.00,0.00,0,67.00,0,0,0,0,0,0,'2022-05-05 09:38:15'),
(1132,'506f980000000a82',3,6,39,75,3,'IDIGI0023','IDIGI1015','Water','00:00:00',120,'Postpaid',85.00,2,1,0.00,2,0.00,0.00,0,10302.00,0,0,0,0,0,0,'2022-05-05 09:38:16'),
(1133,'506f980000000d2f',3,6,37,72,3,'987456','IDIGI5001','Water','02:01:00',120,'Postpaid',85.00,2,0,0.00,2,0.00,0.00,0,10770.00,0,0,0,0,0,0,'2022-05-05 09:38:17'),
(1134,'506f980000000d20',3,6,38,73,3,'987457','IDIGI5002','Water','01:01:01',1440,'Postpaid',84.00,2,1,0.00,2,0.00,0.00,0,12786.00,0,0,0,0,0,0,'2022-05-05 12:20:46'),
(1135,'506f980000000c93',3,6,39,76,3,'IDIGI0039','IDIGI1015','Water','02:03:04',120,'Postpaid',85.00,2,0,0.00,2,0.00,0.00,0,67.00,0,0,0,0,0,0,'2022-05-05 14:48:12'),
(1136,'506f980000000c93',3,6,39,76,3,'IDIGI0039','IDIGI1015','Water','02:03:04',120,'Postpaid',85.00,2,0,0.00,2,0.00,0.00,0,67.00,0,0,0,0,0,0,'2022-05-05 14:50:04'),
(1137,'506f980000000a82',3,6,39,75,3,'IDIGI0023','IDIGI1015','Water','00:00:00',120,'Postpaid',85.00,2,1,0.00,2,0.00,0.00,0,10302.00,0,0,0,0,0,0,'2022-05-05 14:50:05'),
(1138,'506f980000000d2f',3,6,37,72,3,'987456','IDIGI5001','Water','02:01:00',120,'Postpaid',85.00,2,0,0.00,2,0.00,0.00,0,10770.00,0,0,0,0,0,0,'2022-05-05 14:50:06'),
(1139,'506f980000000c93',3,6,39,76,3,'IDIGI0039','IDIGI1015','Water','02:03:04',120,'Postpaid',85.00,2,0,0.00,2,0.00,0.00,0,71.00,0,0,0,0,0,0,'2022-05-05 15:18:06'),
(1140,'506f980000000a82',3,6,39,75,3,'IDIGI0023','IDIGI1015','Water','00:00:00',120,'Postpaid',85.00,2,1,0.00,2,0.00,0.00,0,10302.00,0,0,0,0,0,0,'2022-05-05 15:20:07'),
(1141,'506f980000000d2f',3,6,37,72,3,'987456','IDIGI5001','Water','02:01:00',120,'Postpaid',85.00,2,0,0.00,2,0.00,0.00,0,10770.00,0,0,0,0,0,0,'2022-05-05 15:32:07'),
(1142,'506f980000000c93',3,6,39,76,3,'IDIGI0039','IDIGI1015','Water','02:03:04',120,'Postpaid',85.00,2,0,0.00,2,0.00,0.00,0,73.00,0,0,0,0,0,0,'2022-05-05 17:18:09'),
(1143,'506f980000000a82',3,6,39,75,3,'IDIGI0023','IDIGI1015','Water','00:00:00',120,'Postpaid',85.00,2,1,0.00,2,0.00,0.00,0,10302.00,0,0,0,0,0,0,'2022-05-05 17:22:20'),
(1144,'506f980000000d2f',3,6,37,72,3,'987456','IDIGI5001','Water','02:01:00',120,'Postpaid',85.00,2,0,0.00,2,0.00,0.00,0,10770.00,0,0,0,0,0,0,'2022-05-05 18:08:15'),
(1145,'506f980000000d2f',3,6,37,72,3,'987456','IDIGI5001','Water','02:01:00',120,'Postpaid',85.00,2,0,0.00,2,0.00,0.00,0,10770.00,0,0,0,0,0,0,'2022-05-05 18:09:11'),
(1146,'506f980000000c93',3,6,39,76,3,'IDIGI0039','IDIGI1015','Water','02:03:04',120,'Postpaid',85.00,2,0,0.00,2,0.00,0.00,0,76.00,0,0,0,0,0,0,'2022-05-05 19:19:13'),
(1147,'506f980000000a82',3,6,39,75,3,'IDIGI0023','IDIGI1015','Water','00:00:00',120,'Postpaid',85.00,2,1,0.00,2,0.00,0.00,0,10302.00,0,0,0,0,0,0,'2022-05-05 19:19:13'),
(1148,'506f980000000d2f',3,6,37,72,3,'987456','IDIGI5001','Water','02:01:00',120,'Postpaid',85.00,2,0,0.00,2,0.00,0.00,0,10770.00,0,0,0,0,0,0,'2022-05-05 19:33:24'),
(1149,'506f980000000c93',3,6,39,76,3,'IDIGI0039','IDIGI1015','Water','02:03:04',120,'Postpaid',85.00,2,0,0.00,2,0.00,0.00,0,80.00,0,0,0,0,0,0,'2022-05-06 10:18:31'),
(1150,'506f980000000c93',3,6,39,76,3,'IDIGI0039','IDIGI1015','Water','02:03:04',120,'Postpaid',85.00,2,0,0.00,2,0.00,0.00,0,80.00,0,0,0,0,0,0,'2022-05-06 10:19:49'),
(1151,'506f980000000a82',3,6,39,75,3,'IDIGI0023','IDIGI1015','Water','00:00:00',120,'Postpaid',85.00,2,1,0.00,2,0.00,0.00,0,10302.00,0,0,0,0,0,0,'2022-05-06 10:19:50'),
(1152,'506f980000000d2f',3,6,37,72,3,'987456','IDIGI5001','Water','02:01:00',120,'Postpaid',85.00,2,0,0.00,2,0.00,0.00,0,10770.00,0,0,0,0,0,0,'2022-05-06 10:19:51'),
(1153,'506f980000000c93',3,6,39,76,3,'IDIGI0039','IDIGI1015','Water','02:03:04',120,'Postpaid',85.00,2,0,0.00,2,0.00,0.00,0,85.00,0,0,0,0,0,0,'2022-05-06 11:20:02'),
(1154,'506f980000000a82',3,6,39,75,3,'IDIGI0023','IDIGI1015','Water','00:00:00',120,'Postpaid',85.00,2,1,0.00,2,0.00,0.00,0,10302.00,0,0,0,0,0,0,'2022-05-06 11:20:02'),
(1155,'506f980000000d2f',3,6,37,72,3,'987456','IDIGI5001','Water','02:01:00',120,'Postpaid',85.00,2,0,0.00,2,0.00,0.00,0,10770.00,0,0,0,0,0,0,'2022-05-06 11:32:03'),
(1156,'506f980000000d20',3,6,38,73,3,'987457','IDIGI5002','Water','01:01:01',1440,'Postpaid',85.00,2,1,0.00,2,0.00,0.00,0,12786.00,0,0,0,0,0,0,'2022-05-06 11:54:04'),
(1157,'506f980000000c93',3,6,39,76,3,'IDIGI0039','IDIGI1015','Water','02:03:04',120,'Postpaid',85.00,2,0,0.00,2,0.00,0.00,0,89.00,0,0,0,0,0,0,'2022-05-06 13:18:05'),
(1158,'506f980000000a82',3,6,39,75,3,'IDIGI0023','IDIGI1015','Water','00:00:00',120,'Postpaid',85.00,2,1,0.00,2,0.00,0.00,0,10302.00,0,0,0,0,0,0,'2022-05-06 13:20:06'),
(1159,'506f980000000d2f',3,6,37,72,3,'987456','IDIGI5001','Water','02:01:00',120,'Postpaid',85.00,2,0,0.00,2,0.00,0.00,0,10770.00,0,0,0,0,0,0,'2022-05-06 13:32:07'),
(1160,'506f980000000c93',3,6,39,76,3,'IDIGI0039','IDIGI1015','Water','02:03:04',120,'Postpaid',85.00,2,0,0.00,2,0.00,0.00,0,89.00,0,0,0,0,0,0,'2022-05-06 15:18:08'),
(1161,'506f980000000a82',3,6,39,75,3,'IDIGI0023','IDIGI1015','Water','00:00:00',120,'Postpaid',85.00,2,1,0.00,2,0.00,0.00,0,10302.00,0,0,0,0,0,0,'2022-05-06 15:20:09'),
(1162,'506f980000000d2f',3,6,37,72,3,'987456','IDIGI5001','Water','02:01:00',120,'Postpaid',85.00,2,0,0.00,2,0.00,0.00,0,10770.00,0,0,0,0,0,0,'2022-05-06 15:34:20'),
(1163,'506f980000000c93',3,6,39,76,3,'IDIGI0039','IDIGI1015','Water','02:03:04',120,'Postpaid',85.00,2,0,0.00,2,0.00,0.00,0,93.00,0,0,0,0,0,0,'2022-05-06 17:20:31'),
(1164,'506f980000000a82',3,6,39,75,3,'IDIGI0023','IDIGI1015','Water','00:00:00',120,'Postpaid',85.00,2,1,0.00,2,0.00,0.00,0,10302.00,0,0,0,0,0,0,'2022-05-06 17:20:32'),
(1165,'506f980000000d2f',3,6,37,72,3,'987456','IDIGI5001','Water','02:01:00',120,'Postpaid',85.00,2,0,0.00,2,0.00,0.00,0,10770.00,0,0,0,0,0,0,'2022-05-06 17:32:32'),
(1166,'506f980000000c93',3,6,39,76,3,'IDIGI0039','IDIGI1015','Water','02:03:04',120,'Postpaid',85.00,2,0,0.00,2,0.00,0.00,0,94.00,0,0,0,0,0,0,'2022-05-06 19:18:34'),
(1167,'506f980000000a82',3,6,39,75,3,'IDIGI0023','IDIGI1015','Water','00:00:00',120,'Postpaid',85.00,2,1,0.00,2,0.00,0.00,0,10302.00,0,0,0,0,0,0,'2022-05-06 19:18:35'),
(1168,'506f980000000d2f',3,6,37,72,3,'987456','IDIGI5001','Water','02:01:00',120,'Postpaid',85.00,2,0,0.00,2,0.00,0.00,0,10770.00,0,0,0,0,0,0,'2022-05-06 19:32:35'),
(1169,'506f980000000c93',3,6,39,76,3,'IDIGI0039','IDIGI1015','Water','02:03:04',120,'Postpaid',85.00,2,0,0.00,2,0.00,0.00,0,94.00,0,0,0,0,0,0,'2022-05-07 07:29:46'),
(1170,'506f980000000a82',3,6,39,75,3,'IDIGI0023','IDIGI1015','Water','00:00:00',120,'Postpaid',85.00,2,1,0.00,2,0.00,0.00,0,10302.00,0,0,0,0,0,0,'2022-05-07 07:29:47'),
(1171,'506f980000000d2f',3,6,37,72,3,'987456','IDIGI5001','Water','02:01:00',120,'Postpaid',85.00,2,0,0.00,2,0.00,0.00,0,10770.00,0,0,0,0,0,0,'2022-05-07 07:29:48'),
(1172,'506f980000000d2f',3,6,37,72,3,'987456','IDIGI5001','Water','02:01:00',120,'Postpaid',85.00,2,0,0.00,2,0.00,0.00,0,10770.00,0,0,0,0,0,0,'2022-05-07 07:31:49'),
(1173,'506f980000000c93',3,6,39,76,3,'IDIGI0039','IDIGI1015','Water','02:03:04',120,'Postpaid',85.00,2,0,0.00,2,0.00,0.00,0,98.00,0,0,0,0,0,0,'2022-05-07 10:40:14'),
(1174,'506f980000000a82',3,6,39,75,3,'IDIGI0023','IDIGI1015','Water','00:00:00',120,'Postpaid',85.00,2,1,0.00,2,0.00,0.00,0,10302.00,0,0,0,0,0,0,'2022-05-07 10:40:15'),
(1175,'506f980000000d2f',3,6,37,72,3,'987456','IDIGI5001','Water','02:01:00',120,'Postpaid',85.00,2,0,0.00,2,0.00,0.00,0,10770.00,0,0,0,0,0,0,'2022-05-07 10:40:15'),
(1176,'506f980000000c93',3,6,39,76,3,'IDIGI0039','IDIGI1015','Water','02:03:04',120,'Postpaid',85.00,2,0,0.00,2,0.00,0.00,0,102.00,0,0,0,0,0,0,'2022-05-07 11:18:17'),
(1177,'506f980000000a82',3,6,39,75,3,'IDIGI0023','IDIGI1015','Water','00:00:00',120,'Postpaid',85.00,2,1,0.00,2,0.00,0.00,0,10302.00,0,0,0,0,0,0,'2022-05-07 11:20:17'),
(1178,'506f980000000d2f',3,6,37,72,3,'987456','IDIGI5001','Water','02:01:00',120,'Postpaid',85.00,2,0,0.00,2,0.00,0.00,0,10770.00,0,0,0,0,0,0,'2022-05-07 11:32:18'),
(1179,'506f980000000d20',3,6,38,73,3,'987457','IDIGI5002','Water','01:01:01',1440,'Postpaid',85.00,2,1,0.00,2,0.00,0.00,0,12786.00,0,0,0,0,0,0,'2022-05-07 11:54:19'),
(1180,'506f980000000c93',3,6,39,76,3,'IDIGI0039','IDIGI1015','Water','02:03:04',120,'Postpaid',85.00,2,0,0.00,2,0.00,0.00,0,106.00,0,0,0,0,0,0,'2022-05-07 13:20:31'),
(1181,'506f980000000a82',3,6,39,75,3,'IDIGI0023','IDIGI1015','Water','00:00:00',120,'Postpaid',85.00,2,1,0.00,2,0.00,0.00,0,10302.00,0,0,0,0,0,0,'2022-05-07 13:20:32'),
(1182,'506f980000000d2f',3,6,37,72,3,'987456','IDIGI5001','Water','02:01:00',120,'Postpaid',85.00,2,0,0.00,2,0.00,0.00,0,10770.00,0,0,0,0,0,0,'2022-05-07 13:32:32'),
(1183,'506f980000000c93',3,6,39,76,3,'IDIGI0039','IDIGI1015','Water','02:03:04',120,'Postpaid',85.00,2,0,0.00,2,0.00,0.00,0,110.00,0,0,0,0,0,0,'2022-05-07 15:19:13'),
(1184,'506f980000000a82',3,6,39,75,3,'IDIGI0023','IDIGI1015','Water','00:00:00',120,'Postpaid',84.00,2,1,0.00,2,0.00,0.00,0,10302.00,0,0,0,0,0,0,'2022-05-07 15:19:14'),
(1185,'506f980000000d2f',3,6,37,72,3,'987456','IDIGI5001','Water','02:01:00',120,'Postpaid',85.00,2,0,0.00,2,0.00,0.00,0,10770.00,0,0,0,0,0,0,'2022-05-07 15:33:25'),
(1186,'506f980000000c93',3,6,39,76,3,'IDIGI0039','IDIGI1015','Water','02:03:04',120,'Postpaid',85.00,2,0,0.00,2,0.00,0.00,0,114.00,0,0,0,0,0,0,'2022-05-07 17:19:27'),
(1187,'506f980000000a82',3,6,39,75,3,'IDIGI0023','IDIGI1015','Water','00:00:00',120,'Postpaid',85.00,2,1,0.00,2,0.00,0.00,0,10302.00,0,0,0,0,0,0,'2022-05-07 17:19:28'),
(1188,'506f980000000d2f',3,6,37,72,3,'987456','IDIGI5001','Water','02:01:00',120,'Postpaid',85.00,2,0,0.00,2,0.00,0.00,0,10770.00,0,0,0,0,0,0,'2022-05-07 17:31:28'),
(1189,'506f980000000c93',3,6,39,76,3,'IDIGI0039','IDIGI1015','Water','02:03:04',120,'Postpaid',85.00,2,0,0.00,2,0.00,0.00,0,115.00,0,0,0,0,0,0,'2022-05-07 19:17:30'),
(1190,'506f980000000b90',3,6,39,74,3,'IDIGI0008','IDIGI1015','Water','02:02:02',120,'Postpaid',85.00,2,1,0.00,2,0.00,0.00,0,3255.00,0,0,0,0,0,0,'2022-05-08 10:40:39'),
(1191,'506f980000000c93',3,6,39,76,3,'IDIGI0039','IDIGI1015','Water','02:03:04',120,'Postpaid',85.00,2,0,0.00,2,0.00,0.00,0,117.00,0,0,0,0,0,0,'2022-05-08 10:40:41'),
(1192,'506f980000000a82',3,6,39,75,3,'IDIGI0023','IDIGI1015','Water','00:00:00',120,'Postpaid',85.00,2,1,0.00,2,0.00,0.00,0,10302.00,0,0,0,0,0,0,'2022-05-08 10:40:43'),
(1193,'506f980000000d2f',3,6,37,72,3,'987456','IDIGI5001','Water','02:01:00',120,'Postpaid',85.00,2,0,0.00,2,0.00,0.00,0,10770.00,0,0,0,0,0,0,'2022-05-08 10:40:45'),
(1194,'506f980000000b90',3,6,39,74,3,'IDIGI0008','IDIGI1015','Water','02:02:02',120,'Postpaid',85.00,2,1,0.00,2,0.00,0.00,0,3255.00,0,0,0,0,0,0,'2022-05-08 10:42:46'),
(1195,'506f980000000b90',3,6,39,74,3,'IDIGI0008','IDIGI1015','Water','02:02:02',120,'Postpaid',85.00,2,1,0.00,2,0.00,0.00,0,3255.00,0,0,0,0,0,0,'2022-05-09 08:57:02'),
(1196,'506f980000000c93',3,6,39,76,3,'IDIGI0039','IDIGI1015','Water','02:03:04',120,'Postpaid',85.00,2,0,0.00,2,0.00,0.00,0,128.00,0,0,0,0,0,0,'2022-05-09 08:57:02'),
(1197,'506f980000000d20',3,6,38,73,3,'987457','IDIGI5002','Water','01:01:01',1440,'Postpaid',85.00,2,1,0.00,2,0.00,0.00,0,12786.00,0,0,0,0,0,0,'2022-05-09 08:57:03'),
(1198,'506f980000000a82',3,6,39,75,3,'IDIGI0023','IDIGI1015','Water','00:00:00',120,'Postpaid',85.00,2,1,0.00,2,0.00,0.00,0,10302.00,0,0,0,0,0,0,'2022-05-09 08:57:04'),
(1199,'506f980000000d2f',3,6,37,72,3,'987456','IDIGI5001','Water','02:01:00',120,'Postpaid',85.00,2,0,0.00,2,0.00,0.00,0,10770.00,0,0,0,0,0,0,'2022-05-09 08:57:05'),
(1200,'506f980000000c93',3,6,39,76,3,'IDIGI0039','IDIGI1015','Water','02:03:04',120,'Postpaid',85.00,2,0,0.00,2,0.00,0.00,0,133.00,0,0,0,0,0,0,'2022-05-09 09:14:52'),
(1201,'506f980000000a82',3,6,39,75,3,'IDIGI0023','IDIGI1015','Water','00:00:00',120,'Postpaid',85.00,2,1,0.00,2,0.00,0.00,0,10302.00,0,0,0,0,0,0,'2022-05-09 09:14:53'),
(1202,'506f980000000d2f',3,6,37,72,3,'987456','IDIGI5001','Water','02:01:00',120,'Postpaid',85.00,2,0,0.00,2,0.00,0.00,0,10770.00,0,0,0,0,0,0,'2022-05-09 09:14:53'),
(1203,'506f980000000c93',3,6,39,76,3,'IDIGI0039','IDIGI1015','Water','02:03:04',120,'Postpaid',85.00,2,0,0.00,2,0.00,0.00,0,136.00,0,0,0,0,0,0,'2022-05-09 10:44:05'),
(1204,'506f980000000c93',3,6,39,76,3,'IDIGI0039','IDIGI1015','Water','02:03:04',120,'Postpaid',85.00,2,0,0.00,2,0.00,0.00,0,136.00,0,0,0,0,0,0,'2022-05-09 11:27:09'),
(1205,'506f980000000a82',3,6,39,75,3,'IDIGI0023','IDIGI1015','Water','00:00:00',120,'Postpaid',85.00,2,1,0.00,2,0.00,0.00,0,10302.00,0,0,0,0,0,0,'2022-05-09 11:27:11'),
(1206,'506f980000000d2f',3,6,37,72,3,'987456','IDIGI5001','Water','02:01:00',120,'Postpaid',85.00,2,0,0.00,2,0.00,0.00,0,10770.00,0,0,0,0,0,0,'2022-05-09 11:31:11'),
(1207,'506f980000000d2f',3,6,37,72,3,'987456','IDIGI5001','Water','02:01:00',120,'Postpaid',85.00,2,0,0.00,2,0.00,0.00,0,10770.00,0,0,0,0,0,0,'2022-05-09 11:33:12'),
(1208,'506f980000000d20',3,6,38,73,3,'987457','IDIGI5002','Water','01:01:01',1440,'Postpaid',85.00,2,1,0.00,2,0.00,0.00,0,12786.00,0,0,0,0,0,0,'2022-05-09 11:53:13'),
(1209,'506f980000000c93',3,6,39,76,3,'IDIGI0039','IDIGI1015','Water','02:03:04',120,'Postpaid',85.00,2,0,0.00,2,0.00,0.00,0,138.00,0,0,0,0,0,0,'2022-05-09 13:19:16'),
(1210,'506f980000000a82',3,6,39,75,3,'IDIGI0023','IDIGI1015','Water','00:00:00',120,'Postpaid',85.00,2,1,0.00,2,0.00,0.00,0,11045.00,0,0,0,0,0,0,'2022-05-09 13:19:16'),
(1211,'506f980000000d2f',3,6,37,72,3,'987456','IDIGI5001','Water','02:01:00',120,'Postpaid',84.00,2,0,0.00,2,0.00,0.00,0,11506.00,0,0,0,0,0,0,'2022-05-09 13:31:17'),
(1212,'506f980000000d2f',3,6,37,72,3,'987456','IDIGI5001','Water','02:01:00',120,'Postpaid',85.00,2,0,0.00,2,0.00,0.00,0,11506.00,0,0,0,0,0,0,'2022-05-09 13:33:26'),
(1213,'506f980000000c93',3,6,39,76,3,'IDIGI0039','IDIGI1015','Water','02:03:04',120,'Postpaid',85.00,2,0,0.00,2,0.00,0.00,0,138.00,0,0,0,0,0,0,'2022-05-09 15:17:28'),
(1214,'506f980000000c93',3,6,39,76,3,'IDIGI0039','IDIGI1015','Water','02:03:04',120,'Postpaid',85.00,2,0,0.00,2,0.00,0.00,0,138.00,0,0,0,0,0,0,'2022-05-09 15:21:38'),
(1215,'506f980000000a82',3,6,39,75,3,'IDIGI0023','IDIGI1015','Water','00:00:00',120,'Postpaid',84.00,2,1,0.00,2,0.00,0.00,0,11045.00,0,0,0,0,0,0,'2022-05-09 15:21:39'),
(1216,'506f980000000d2f',3,6,37,72,3,'987456','IDIGI5001','Water','02:01:00',120,'Postpaid',85.00,2,0,0.00,2,0.00,0.00,0,11506.00,0,0,0,0,0,0,'2022-05-09 15:31:39'),
(1217,'506f980000000c93',3,6,39,76,3,'IDIGI0039','IDIGI1015','Water','02:03:04',120,'Postpaid',85.00,2,0,0.00,2,0.00,0.00,0,144.00,0,0,0,0,0,0,'2022-05-09 17:17:41'),
(1218,'506f980000000c93',3,6,39,76,3,'IDIGI0039','IDIGI1015','Water','02:03:04',120,'Postpaid',85.00,2,0,0.00,2,0.00,0.00,0,144.00,0,0,0,0,0,0,'2022-05-09 17:21:53'),
(1219,'506f980000000a82',3,6,39,75,3,'IDIGI0023','IDIGI1015','Water','00:00:00',120,'Postpaid',85.00,2,1,0.00,2,0.00,0.00,0,11045.00,0,0,0,0,0,0,'2022-05-09 17:21:53'),
(1220,'506f980000000d2f',3,6,37,72,3,'987456','IDIGI5001','Water','02:01:00',120,'Postpaid',85.00,2,0,0.00,2,0.00,0.00,0,11506.00,0,0,0,0,0,0,'2022-05-09 17:31:54'),
(1221,'506f980000000c93',3,6,39,76,3,'IDIGI0039','IDIGI1015','Water','02:03:04',120,'Postpaid',85.00,2,0,0.00,2,0.00,0.00,0,144.00,0,0,0,0,0,0,'2022-05-09 19:17:56'),
(1222,'506f980000000a82',3,6,39,75,3,'IDIGI0023','IDIGI1015','Water','00:00:00',120,'Postpaid',84.00,2,1,0.00,2,0.00,0.00,0,11045.00,0,0,0,0,0,0,'2022-05-09 19:22:06'),
(1223,'506f980000000d2f',3,6,37,72,3,'987456','IDIGI5001','Water','02:01:00',120,'Postpaid',85.00,2,0,0.00,2,0.00,0.00,0,11506.00,0,0,0,0,0,0,'2022-05-09 19:32:07'),
(1224,'506f980000000b90',3,6,39,74,3,'IDIGI0008','IDIGI1015','Water','02:02:02',120,'Postpaid',85.00,2,1,0.00,2,0.00,0.00,0,3272.00,0,0,0,0,0,0,'2022-05-10 09:12:02'),
(1225,'506f980000000c93',3,6,39,76,3,'IDIGI0039','IDIGI1015','Water','02:03:04',120,'Postpaid',85.00,2,0,0.00,2,0.00,0.00,0,145.00,0,0,0,0,0,0,'2022-05-10 09:12:02'),
(1226,'506f980000000a82',3,6,39,75,3,'IDIGI0023','IDIGI1015','Water','00:00:00',120,'Postpaid',85.00,2,1,0.00,2,0.00,0.00,0,11045.00,0,0,0,0,0,0,'2022-05-10 09:12:03'),
(1227,'506f980000000d2f',3,6,37,72,3,'987456','IDIGI5001','Water','02:01:00',120,'Postpaid',85.00,2,0,0.00,2,0.00,0.00,0,11506.00,0,0,0,0,0,0,'2022-05-10 09:12:04'),
(1228,'506f980000000c93',3,6,39,76,3,'IDIGI0039','IDIGI1015','Water','02:03:04',120,'Postpaid',85.00,2,0,0.00,2,0.00,0.00,0,149.00,0,0,0,0,0,0,'2022-05-10 09:18:05'),
(1229,'506f980000000a82',3,6,39,75,3,'IDIGI0023','IDIGI1015','Water','00:00:00',120,'Postpaid',85.00,2,1,0.00,2,0.00,0.00,0,11045.00,0,0,0,0,0,0,'2022-05-10 09:20:05'),
(1230,'506f980000000d2f',3,6,37,72,3,'987456','IDIGI5001','Water','02:01:00',120,'Postpaid',85.00,2,0,0.00,2,0.00,0.00,0,11506.00,0,0,0,0,0,0,'2022-05-10 09:32:06'),
(1231,'506f980000000c93',3,6,39,76,3,'IDIGI0039','IDIGI1015','Water','02:03:04',120,'Postpaid',85.00,2,0,0.00,2,0.00,0.00,0,153.00,0,0,0,0,0,0,'2022-05-10 11:37:39'),
(1232,'506f980000000a82',3,6,39,75,3,'IDIGI0023','IDIGI1015','Water','00:00:00',120,'Postpaid',85.00,2,1,0.00,2,0.00,0.00,0,11045.00,0,0,0,0,0,0,'2022-05-10 11:37:40'),
(1233,'506f980000000d2f',3,6,37,72,3,'987456','IDIGI5001','Water','02:01:00',120,'Postpaid',85.00,2,0,0.00,2,0.00,0.00,0,11506.00,0,0,0,0,0,0,'2022-05-10 11:37:41'),
(1234,'506f980000000d20',3,6,38,73,3,'987457','IDIGI5002','Water','01:01:01',1440,'Postpaid',85.00,2,1,0.00,2,0.00,0.00,0,13526.00,0,0,0,0,0,0,'2022-05-10 11:53:42'),
(1235,'506f980000000c93',3,6,39,76,3,'IDIGI0039','IDIGI1015','Water','02:03:04',120,'Postpaid',85.00,2,0,0.00,2,0.00,0.00,0,156.00,0,0,0,0,0,0,'2022-05-10 13:17:43'),
(1236,'506f980000000c93',3,6,39,76,3,'IDIGI0039','IDIGI1015','Water','02:03:04',120,'Postpaid',85.00,2,0,0.00,2,0.00,0.00,0,156.00,0,0,0,0,0,0,'2022-05-10 13:21:54'),
(1237,'506f980000000a82',3,6,39,75,3,'IDIGI0023','IDIGI1015','Water','00:00:00',120,'Postpaid',85.00,2,1,0.00,2,0.00,0.00,0,11045.00,0,0,0,0,0,0,'2022-05-10 13:21:54'),
(1238,'506f980000000d2f',3,6,37,72,3,'987456','IDIGI5001','Water','02:01:00',120,'Postpaid',85.00,2,0,0.00,2,0.00,0.00,0,11506.00,0,0,0,0,0,0,'2022-05-10 13:31:55'),
(1239,'506f980000000b90',3,6,39,74,3,'IDIGI0008','IDIGI1015','Water','02:02:02',120,'Postpaid',85.00,2,1,0.00,2,0.00,0.00,0,3368.00,0,0,0,0,0,0,'2022-05-10 14:48:29'),
(1240,'506f980000000b90',3,6,39,74,3,'IDIGI0008','IDIGI1015','Water','02:02:02',120,'Postpaid',85.00,2,1,0.00,2,0.00,0.00,0,3368.00,0,0,0,0,0,0,'2022-05-10 14:50:37'),
(1241,'506f980000000c93',3,6,39,76,3,'IDIGI0039','IDIGI1015','Water','02:03:04',120,'Postpaid',85.00,2,0,0.00,2,0.00,0.00,0,160.00,0,0,0,0,0,0,'2022-05-10 15:18:37'),
(1242,'506f980000000a82',3,6,39,75,3,'IDIGI0023','IDIGI1015','Water','00:00:00',120,'Postpaid',84.00,2,1,0.00,2,0.00,0.00,0,11045.00,0,0,0,0,0,0,'2022-05-10 15:22:48'),
(1243,'506f980000000d2f',3,6,37,72,3,'987456','IDIGI5001','Water','02:01:00',120,'Postpaid',85.00,2,0,0.00,2,0.00,0.00,0,11506.00,0,0,0,0,0,0,'2022-05-10 15:32:48'),
(1244,'506f980000000c93',3,6,39,76,3,'IDIGI0039','IDIGI1015','Water','02:03:04',120,'Postpaid',85.00,2,0,0.00,2,0.00,0.00,0,164.00,0,0,0,0,0,0,'2022-05-10 17:18:50'),
(1245,'506f980000000a82',3,6,39,75,3,'IDIGI0023','IDIGI1015','Water','00:00:00',120,'Postpaid',85.00,2,1,0.00,2,0.00,0.00,0,11045.00,0,0,0,0,0,0,'2022-05-10 17:18:51'),
(1246,'506f980000000d2f',3,6,37,72,3,'987456','IDIGI5001','Water','02:01:00',120,'Postpaid',85.00,2,0,0.00,2,0.00,0.00,0,11506.00,0,0,0,0,0,0,'2022-05-10 17:32:51'),
(1247,'506f980000000b90',3,6,39,74,3,'IDIGI0008','IDIGI1015','Water','02:02:02',120,'Postpaid',85.00,2,1,0.00,2,0.00,0.00,0,3368.00,0,0,0,0,0,0,'2022-05-11 09:30:39'),
(1248,'506f980000000c93',3,6,39,76,3,'IDIGI0039','IDIGI1015','Water','02:03:04',120,'Postpaid',85.00,2,0,0.00,2,0.00,0.00,0,167.00,0,0,0,0,0,0,'2022-05-11 09:30:43'),
(1249,'506f980000000a82',3,6,39,75,3,'IDIGI0023','IDIGI1015','Water','00:00:00',120,'Postpaid',85.00,2,1,0.00,2,0.00,0.00,0,11045.00,0,0,0,0,0,0,'2022-05-11 09:30:45'),
(1250,'506f980000000d2f',3,6,37,72,3,'987456','IDIGI5001','Water','02:01:00',120,'Postpaid',85.00,2,0,0.00,2,0.00,0.00,0,11506.00,0,0,0,0,0,0,'2022-05-11 09:30:51'),
(1251,'506f980000000d2f',3,6,37,72,3,'987456','IDIGI5001','Water','02:01:00',120,'Postpaid',85.00,2,0,0.00,2,0.00,0.00,0,11506.00,0,0,0,0,0,0,'2022-05-11 09:32:58'),
(1252,'506f980000000c93',3,6,39,76,3,'IDIGI0039','IDIGI1015','Water','02:03:04',120,'Postpaid',85.00,2,0,0.00,2,0.00,0.00,0,167.00,0,0,0,0,0,0,'2022-05-11 11:19:00'),
(1253,'506f980000000a82',3,6,39,75,3,'IDIGI0023','IDIGI1015','Water','00:00:00',120,'Postpaid',85.00,2,1,0.00,2,0.00,0.00,0,11045.00,0,0,0,0,0,0,'2022-05-11 11:19:00'),
(1254,'506f980000000d2f',3,6,37,72,3,'987456','IDIGI5001','Water','02:01:00',120,'Postpaid',85.00,2,0,0.00,2,0.00,0.00,0,11506.00,0,0,0,0,0,0,'2022-05-11 11:31:02'),
(1255,'506f980000000d2f',3,6,37,72,3,'987456','IDIGI5001','Water','02:01:00',120,'Postpaid',85.00,2,0,0.00,2,0.00,0.00,0,11506.00,0,0,0,0,0,0,'2022-05-11 11:33:02'),
(1256,'506f980000000d20',3,6,38,73,3,'987457','IDIGI5002','Water','01:01:01',1440,'Postpaid',85.00,2,1,0.00,2,0.00,0.00,0,13526.00,0,0,0,0,0,0,'2022-05-11 11:55:13'),
(1257,'506f980000000c93',3,6,39,76,3,'IDIGI0039','IDIGI1015','Water','02:03:04',120,'Postpaid',85.00,2,0,0.00,2,0.00,0.00,0,167.00,0,0,0,0,0,0,'2022-05-11 13:19:15'),
(1258,'506f980000000a82',3,6,39,75,3,'IDIGI0023','IDIGI1015','Water','00:00:00',120,'Postpaid',85.00,2,1,0.00,2,0.00,0.00,0,11045.00,0,0,0,0,0,0,'2022-05-11 13:19:15'),
(1259,'506f980000000d2f',3,6,37,72,3,'987456','IDIGI5001','Water','02:01:00',120,'Postpaid',85.00,2,0,0.00,2,0.00,0.00,0,11506.00,0,0,0,0,0,0,'2022-05-11 13:33:16'),
(1260,'506f980000000c93',3,6,39,76,3,'IDIGI0039','IDIGI1015','Water','02:03:04',120,'Postpaid',85.00,2,0,0.00,2,0.00,0.00,0,172.00,0,0,0,0,0,0,'2022-05-11 15:17:34'),
(1261,'506f980000000c93',3,6,39,76,3,'IDIGI0039','IDIGI1015','Water','02:03:04',120,'Postpaid',85.00,2,0,0.00,2,0.00,0.00,0,172.00,0,0,0,0,0,0,'2022-05-11 15:21:45'),
(1262,'506f980000000a82',3,6,39,75,3,'IDIGI0023','IDIGI1015','Water','00:00:00',120,'Postpaid',84.00,2,1,0.00,2,0.00,0.00,0,11045.00,0,0,0,0,0,0,'2022-05-11 15:21:45'),
(1263,'506f980000000d2f',3,6,37,72,3,'987456','IDIGI5001','Water','02:01:00',120,'Postpaid',85.00,2,0,0.00,2,0.00,0.00,0,11506.00,0,0,0,0,0,0,'2022-05-11 15:31:46'),
(1264,'506f980000000b90',3,6,39,74,3,'IDIGI0008','IDIGI1015','Water','02:02:02',120,'Postpaid',85.00,2,1,0.00,2,0.00,0.00,0,3376.00,0,0,0,0,0,0,'2022-05-11 18:44:35'),
(1265,'506f980000000c93',3,6,39,76,3,'IDIGI0039','IDIGI1015','Water','02:03:04',120,'Postpaid',85.00,2,0,0.00,2,0.00,0.00,0,176.00,0,0,0,0,0,0,'2022-05-11 19:17:37'),
(1266,'506f980000000c93',3,6,39,76,3,'IDIGI0039','IDIGI1015','Water','02:03:04',120,'Postpaid',85.00,2,0,0.00,2,0.00,0.00,0,176.00,0,0,0,0,0,0,'2022-05-11 19:19:38'),
(1267,'506f980000000a82',3,6,39,75,3,'IDIGI0023','IDIGI1015','Water','00:00:00',120,'Postpaid',84.00,2,1,0.00,2,0.00,0.00,0,11045.00,0,0,0,0,0,0,'2022-05-11 19:19:38'),
(1268,'506f980000000d2f',3,6,37,72,3,'987456','IDIGI5001','Water','02:01:00',120,'Postpaid',85.00,2,0,0.00,2,0.00,0.00,0,11506.00,0,0,0,0,0,0,'2022-05-11 19:31:39'),
(1269,'506f980000000b90',3,6,39,74,3,'IDIGI0008','IDIGI1015','Water','02:02:02',120,'Postpaid',85.00,2,1,0.00,2,0.00,0.00,0,3376.00,0,0,0,0,0,0,'2022-05-11 23:53:58'),
(1270,'506f980000000c93',3,6,39,76,3,'IDIGI0039','IDIGI1015','Water','02:03:04',120,'Postpaid',85.00,2,0,0.00,2,0.00,0.00,0,176.00,0,0,0,0,0,0,'2022-05-11 23:53:58'),
(1271,'506f980000000a82',3,6,39,75,3,'IDIGI0023','IDIGI1015','Water','00:00:00',120,'Postpaid',84.00,2,1,0.00,2,0.00,0.00,0,11045.00,0,0,0,0,0,0,'2022-05-11 23:53:59'),
(1272,'506f980000000d2f',3,6,37,72,3,'987456','IDIGI5001','Water','02:01:00',120,'Postpaid',85.00,2,0,0.00,2,0.00,0.00,0,11506.00,0,0,0,0,0,0,'2022-05-11 23:53:59'),
(1273,'506f980000000c93',3,6,39,76,3,'IDIGI0039','IDIGI1015','Water','02:03:04',120,'Postpaid',85.00,2,0,0.00,2,0.00,0.00,0,180.00,0,0,0,0,0,0,'2022-05-12 10:19:56'),
(1274,'506f980000000a82',3,6,39,75,3,'IDIGI0023','IDIGI1015','Water','00:00:00',120,'Postpaid',85.00,2,1,0.00,2,0.00,0.00,0,11045.00,0,0,0,0,0,0,'2022-05-12 10:19:57'),
(1275,'506f980000000d2f',3,6,37,72,3,'987456','IDIGI5001','Water','02:01:00',120,'Postpaid',85.00,2,0,0.00,2,0.00,0.00,0,11506.00,0,0,0,0,0,0,'2022-05-12 10:19:58'),
(1276,'506f980000000c93',3,6,39,76,3,'IDIGI0039','IDIGI1015','Water','02:03:04',120,'Postpaid',85.00,2,0,0.00,2,0.00,0.00,0,183.00,0,0,0,0,0,0,'2022-05-12 11:17:59'),
(1277,'506f980000000a82',3,6,39,75,3,'IDIGI0023','IDIGI1015','Water','00:00:00',120,'Postpaid',84.00,2,1,0.00,2,0.00,0.00,0,12633.00,0,0,0,0,0,0,'2022-05-12 11:20:00'),
(1278,'506f980000000d2f',3,6,37,72,3,'987456','IDIGI5001','Water','02:01:00',120,'Postpaid',85.00,2,0,0.00,2,0.00,0.00,0,13312.00,0,0,0,0,0,0,'2022-05-12 11:32:01'),
(1279,'506f980000000c93',3,6,39,76,3,'IDIGI0039','IDIGI1015','Water','02:03:04',120,'Postpaid',85.00,2,0,0.00,2,0.00,0.00,0,186.00,0,0,0,0,0,0,'2022-05-12 14:17:04'),
(1280,'506f980000000d20',3,6,38,73,3,'987457','IDIGI5002','Water','01:01:01',1440,'Postpaid',85.00,2,1,0.00,2,0.00,0.00,0,15715.00,0,0,0,0,0,0,'2022-05-12 14:17:08'),
(1281,'506f980000000a82',3,6,39,75,3,'IDIGI0023','IDIGI1015','Water','00:00:00',120,'Postpaid',85.00,2,1,0.00,2,0.00,0.00,0,14598.00,0,0,0,0,0,0,'2022-05-12 14:17:10'),
(1282,'506f980000000d2f',3,6,37,72,3,'987456','IDIGI5001','Water','02:01:00',120,'Postpaid',85.00,2,0,0.00,2,0.00,0.00,0,15023.00,0,0,0,0,0,0,'2022-05-12 14:17:11'),
(1283,'506f980000000c93',3,6,39,76,3,'IDIGI0039','IDIGI1015','Water','02:03:04',120,'Postpaid',85.00,2,0,0.00,2,0.00,0.00,0,189.00,0,0,0,0,0,0,'2022-05-12 16:58:55'),
(1284,'506f980000000a82',3,6,39,75,3,'IDIGI0023','IDIGI1015','Water','00:00:00',120,'Postpaid',84.00,2,1,0.00,2,0.00,0.00,0,14598.00,0,0,0,0,0,0,'2022-05-12 16:58:55'),
(1285,'506f980000000d2f',3,6,37,72,3,'987456','IDIGI5001','Water','02:01:00',120,'Postpaid',85.00,2,0,0.00,2,0.00,0.00,0,15023.00,0,0,0,0,0,0,'2022-05-12 16:58:56'),
(1286,'506f980000000c93',3,6,39,76,3,'IDIGI0039','IDIGI1015','Water','02:03:04',120,'Postpaid',85.00,2,0,0.00,2,0.00,0.00,0,199.00,0,0,0,0,0,0,'2022-05-12 17:18:57'),
(1287,'506f980000000a82',3,6,39,75,3,'IDIGI0023','IDIGI1015','Water','00:00:00',120,'Postpaid',84.00,2,1,0.00,2,0.00,0.00,0,14598.00,0,0,0,0,0,0,'2022-05-12 17:18:58'),
(1288,'506f980000000d2f',3,6,37,72,3,'987456','IDIGI5001','Water','02:01:00',120,'Postpaid',84.00,2,0,0.00,2,0.00,0.00,0,15023.00,0,0,0,0,0,0,'2022-05-12 17:30:58'),
(1289,'506f980000000d2f',3,6,37,72,3,'987456','IDIGI5001','Water','02:01:00',120,'Postpaid',84.00,2,0,0.00,2,0.00,0.00,0,15023.00,0,0,0,0,0,0,'2022-05-12 17:32:59'),
(1290,'506f980000000b90',3,6,39,74,3,'IDIGI0008','IDIGI1015','Water','02:02:02',120,'Postpaid',85.00,2,1,0.00,2,0.00,0.00,0,3391.00,0,0,0,0,0,0,'2022-05-12 18:43:01'),
(1291,'506f980000000c93',3,6,39,76,3,'IDIGI0039','IDIGI1015','Water','02:03:04',120,'Postpaid',85.00,2,0,0.00,2,0.00,0.00,0,203.00,0,0,0,0,0,0,'2022-05-12 19:19:02'),
(1292,'506f980000000a82',3,6,39,75,3,'IDIGI0023','IDIGI1015','Water','00:00:00',120,'Postpaid',84.00,2,1,0.00,2,0.00,0.00,0,14598.00,0,0,0,0,0,0,'2022-05-12 19:19:02'),
(1293,'506f980000000b90',3,6,39,74,3,'IDIGI0008','IDIGI1015','Water','02:02:02',120,'Postpaid',85.00,2,1,0.00,2,0.00,0.00,0,3391.00,0,0,0,0,0,0,'2022-05-13 07:47:57'),
(1294,'506f980000000c93',3,6,39,76,3,'IDIGI0039','IDIGI1015','Water','02:03:04',120,'Postpaid',85.00,2,0,0.00,2,0.00,0.00,0,203.00,0,0,0,0,0,0,'2022-05-13 07:47:59'),
(1295,'506f980000000a82',3,6,39,75,3,'IDIGI0023','IDIGI1015','Water','00:00:00',120,'Postpaid',85.00,2,1,0.00,2,0.00,0.00,0,14598.00,0,0,0,0,0,0,'2022-05-13 07:48:04'),
(1296,'506f980000000d2f',3,6,37,72,3,'987456','IDIGI5001','Water','02:01:00',120,'Postpaid',85.00,2,0,0.00,2,0.00,0.00,0,15023.00,0,0,0,0,0,0,'2022-05-13 07:48:11'),
(1297,'506f980000000c93',3,6,39,76,3,'IDIGI0039','IDIGI1015','Water','02:03:04',120,'Postpaid',85.00,2,0,0.00,2,0.00,0.00,0,203.00,0,0,0,0,0,0,'2022-05-13 10:36:24'),
(1298,'506f980000000c93',3,6,39,76,3,'IDIGI0039','IDIGI1015','Water','02:03:04',120,'Postpaid',85.00,2,0,0.00,2,0.00,0.00,0,203.00,0,0,0,0,0,0,'2022-05-13 10:38:27'),
(1299,'506f980000000a82',3,6,39,75,3,'IDIGI0023','IDIGI1015','Water','00:00:00',120,'Postpaid',85.00,2,1,0.00,2,0.00,0.00,0,14598.00,0,0,0,0,0,0,'2022-05-13 10:38:28'),
(1300,'506f980000000d2f',3,6,37,72,3,'987456','IDIGI5001','Water','02:01:00',120,'Postpaid',85.00,2,0,0.00,2,0.00,0.00,0,15023.00,0,0,0,0,0,0,'2022-05-13 10:38:29'),
(1301,'506f980000000b90',3,6,39,74,3,'IDIGI0008','IDIGI1015','Water','02:02:02',120,'Postpaid',85.00,2,1,0.00,2,0.00,0.00,0,3391.00,0,0,0,0,0,0,'2022-05-13 10:42:29'),
(1302,'506f980000000c93',3,6,39,76,3,'IDIGI0039','IDIGI1015','Water','02:03:04',120,'Postpaid',85.00,2,0,0.00,2,0.00,0.00,0,203.00,0,0,0,0,0,0,'2022-05-13 11:17:45'),
(1303,'506f980000000c93',3,6,39,76,3,'IDIGI0039','IDIGI1015','Water','02:03:04',120,'Postpaid',85.00,2,0,0.00,2,0.00,0.00,0,203.00,0,0,0,0,0,0,'2022-05-13 11:19:45'),
(1304,'506f980000000a82',3,6,39,75,3,'IDIGI0023','IDIGI1015','Water','00:00:00',120,'Postpaid',85.00,2,1,0.00,2,0.00,0.00,0,14598.00,0,0,0,0,0,0,'2022-05-13 11:19:46'),
(1305,'506f980000000d2f',3,6,37,72,3,'987456','IDIGI5001','Water','02:01:00',120,'Postpaid',85.00,2,0,0.00,2,0.00,0.00,0,15023.00,0,0,0,0,0,0,'2022-05-13 11:31:46'),
(1306,'506f980000000d20',3,6,38,73,3,'987457','IDIGI5002','Water','01:01:01',1440,'Postpaid',84.00,2,1,0.00,2,0.00,0.00,0,17016.00,0,0,0,0,0,0,'2022-05-13 12:00:18'),
(1307,'506f980000000c93',3,6,39,76,3,'IDIGI0039','IDIGI1015','Water','02:03:04',120,'Postpaid',85.00,2,0,0.00,2,0.00,0.00,0,203.00,0,0,0,0,0,0,'2022-05-13 13:18:19'),
(1308,'506f980000000a82',3,6,39,75,3,'IDIGI0023','IDIGI1015','Water','00:00:00',120,'Postpaid',85.00,2,1,0.00,2,0.00,0.00,0,14598.00,0,0,0,0,0,0,'2022-05-13 13:22:30'),
(1309,'506f980000000d2f',3,6,37,72,3,'987456','IDIGI5001','Water','02:01:00',120,'Postpaid',85.00,2,0,0.00,2,0.00,0.00,0,15023.00,0,0,0,0,0,0,'2022-05-13 13:32:31'),
(1310,'506f980000000c93',3,6,39,76,3,'IDIGI0039','IDIGI1015','Water','02:03:04',120,'Postpaid',85.00,2,0,0.00,2,0.00,0.00,0,203.00,0,0,0,0,0,0,'2022-05-13 15:18:12'),
(1311,'506f980000000a82',3,6,39,75,3,'IDIGI0023','IDIGI1015','Water','00:00:00',120,'Postpaid',84.00,2,1,0.00,2,0.00,0.00,0,14598.00,0,0,0,0,0,0,'2022-05-13 15:22:23'),
(1312,'506f980000000d2f',3,6,37,72,3,'987456','IDIGI5001','Water','02:01:00',120,'Postpaid',84.00,2,0,0.00,2,0.00,0.00,0,15023.00,0,0,0,0,0,0,'2022-05-13 15:32:24'),
(1313,'506f980000000c93',3,6,39,76,3,'IDIGI0039','IDIGI1015','Water','02:03:04',120,'Postpaid',85.00,2,0,0.00,2,0.00,0.00,0,203.00,0,0,0,0,0,0,'2022-05-13 17:19:04'),
(1314,'506f980000000a82',3,6,39,75,3,'IDIGI0023','IDIGI1015','Water','00:00:00',120,'Postpaid',84.00,2,1,0.00,2,0.00,0.00,0,14598.00,0,0,0,0,0,0,'2022-05-13 17:19:05'),
(1315,'506f980000000d2f',3,6,37,72,3,'987456','IDIGI5001','Water','02:01:00',120,'Postpaid',84.00,2,0,0.00,2,0.00,0.00,0,15023.00,0,0,0,0,0,0,'2022-05-13 17:31:06'),
(1316,'506f980000000d2f',3,6,37,72,3,'987456','IDIGI5001','Water','02:01:00',120,'Postpaid',84.00,2,0,0.00,2,0.00,0.00,0,15023.00,0,0,0,0,0,0,'2022-05-13 17:33:06'),
(1317,'506f980000000c93',3,6,39,76,3,'IDIGI0039','IDIGI1015','Water','02:03:04',120,'Postpaid',85.00,2,0,0.00,2,0.00,0.00,0,204.00,0,0,0,0,0,0,'2022-05-14 09:48:35'),
(1318,'506f980000000a82',3,6,39,75,3,'IDIGI0023','IDIGI1015','Water','00:00:00',120,'Postpaid',85.00,2,1,0.00,2,0.00,0.00,0,15026.00,0,0,0,0,0,0,'2022-05-14 09:48:39'),
(1319,'506f980000000d2f',3,6,37,72,3,'987456','IDIGI5001','Water','02:01:00',120,'Postpaid',85.00,2,0,0.00,2,0.00,0.00,0,15033.00,0,0,0,0,0,0,'2022-05-14 09:48:42'),
(1320,'506f980000000c93',3,6,39,76,3,'IDIGI0039','IDIGI1015','Water','02:03:04',120,'Postpaid',85.00,2,0,0.00,2,0.00,0.00,0,204.00,0,0,0,0,0,0,'2022-05-14 11:19:27'),
(1321,'506f980000000a82',3,6,39,75,3,'IDIGI0023','IDIGI1015','Water','00:00:00',120,'Postpaid',84.00,2,1,0.00,2,0.00,0.00,0,15344.00,0,0,0,0,0,0,'2022-05-14 11:19:28'),
(1322,'506f980000000d2f',3,6,37,72,3,'987456','IDIGI5001','Water','02:01:00',120,'Postpaid',85.00,2,0,0.00,2,0.00,0.00,0,15103.00,0,0,0,0,0,0,'2022-05-14 11:31:29'),
(1323,'506f980000000d20',3,6,38,73,3,'987457','IDIGI5002','Water','01:01:01',1440,'Postpaid',85.00,2,1,0.00,2,0.00,0.00,0,17758.00,0,0,0,0,0,0,'2022-05-14 11:53:30'),
(1324,'506f980000000c93',3,6,39,76,3,'IDIGI0039','IDIGI1015','Water','02:03:04',120,'Postpaid',85.00,2,0,0.00,2,0.00,0.00,0,204.00,0,0,0,0,0,0,'2022-05-14 13:17:32'),
(1325,'506f980000000c93',3,6,39,76,3,'IDIGI0039','IDIGI1015','Water','02:03:04',120,'Postpaid',84.00,2,0,0.00,2,0.00,0.00,0,204.00,0,0,0,0,0,0,'2022-05-14 13:21:42'),
(1326,'506f980000000a82',3,6,39,75,3,'IDIGI0023','IDIGI1015','Water','00:00:00',120,'Postpaid',84.00,2,1,0.00,2,0.00,0.00,0,15344.00,0,0,0,0,0,0,'2022-05-14 13:21:43'),
(1327,'506f980000000d2f',3,6,37,72,3,'987456','IDIGI5001','Water','02:01:00',120,'Postpaid',84.00,2,0,0.00,2,0.00,0.00,0,15103.00,0,0,0,0,0,0,'2022-05-14 14:28:05'),
(1328,'506f980000000c93',3,6,39,76,3,'IDIGI0039','IDIGI1015','Water','02:03:04',120,'Postpaid',84.00,2,0,0.00,2,0.00,0.00,0,204.00,0,0,0,0,0,0,'2022-05-14 15:18:06'),
(1329,'506f980000000a82',3,6,39,75,3,'IDIGI0023','IDIGI1015','Water','00:00:00',120,'Postpaid',84.00,2,1,0.00,2,0.00,0.00,0,15700.00,0,0,0,0,0,0,'2022-05-14 15:20:07'),
(1330,'506f980000000d2f',3,6,37,72,3,'987456','IDIGI5001','Water','02:01:00',120,'Postpaid',84.00,2,0,0.00,2,0.00,0.00,0,15701.00,0,0,0,0,0,0,'2022-05-14 15:32:08'),
(1331,'506f980000000c93',3,6,39,76,3,'IDIGI0039','IDIGI1015','Water','02:03:04',120,'Postpaid',84.00,2,0,0.00,2,0.00,0.00,0,204.00,0,0,0,0,0,0,'2022-05-14 17:46:20'),
(1332,'506f980000000a82',3,6,39,75,3,'IDIGI0023','IDIGI1015','Water','00:00:00',120,'Postpaid',84.00,2,1,0.00,2,0.00,0.00,0,17384.00,0,0,0,0,0,0,'2022-05-14 17:46:21'),
(1333,'506f980000000d2f',3,6,37,72,3,'987456','IDIGI5001','Water','02:01:00',120,'Postpaid',84.00,2,0,0.00,2,0.00,0.00,0,17122.00,0,0,0,0,0,0,'2022-05-14 17:46:21'),
(1334,'506f980000000c93',3,6,39,76,3,'IDIGI0039','IDIGI1015','Water','02:03:04',120,'Postpaid',84.00,2,0,0.00,2,0.00,0.00,0,204.00,0,0,0,0,0,0,'2022-05-14 19:18:21'),
(1335,'506f980000000a82',3,6,39,75,3,'IDIGI0023','IDIGI1015','Water','00:00:00',120,'Postpaid',84.00,2,1,0.00,2,0.00,0.00,0,17384.00,0,0,0,0,0,0,'2022-05-14 19:22:32'),
(1336,'506f980000000d2f',3,6,37,72,3,'987456','IDIGI5001','Water','02:01:00',120,'Postpaid',84.00,2,0,0.00,2,0.00,0.00,0,17122.00,0,0,0,0,0,0,'2022-05-14 19:32:32'),
(1337,'506f980000000c93',3,6,39,76,3,'IDIGI0039','IDIGI1015','Water','02:03:04',120,'Postpaid',84.00,2,0,0.00,2,0.00,0.00,0,204.00,0,0,0,0,0,0,'2022-05-15 09:28:57'),
(1338,'506f980000000a82',3,6,39,75,3,'IDIGI0023','IDIGI1015','Water','00:00:00',120,'Postpaid',84.00,2,1,0.00,2,0.00,0.00,0,17384.00,0,0,0,0,0,0,'2022-05-15 09:28:57'),
(1339,'506f980000000d2f',3,6,37,72,3,'987456','IDIGI5001','Water','02:01:00',120,'Postpaid',85.00,2,0,0.00,2,0.00,0.00,0,17122.00,0,0,0,0,0,0,'2022-05-15 09:28:58'),
(1340,'506f980000000d2f',3,6,37,72,3,'987456','IDIGI5001','Water','02:01:00',120,'Postpaid',84.00,2,0,0.00,2,0.00,0.00,0,17122.00,0,0,0,0,0,0,'2022-05-15 09:30:58'),
(1341,'506f980000000d2f',3,6,37,72,3,'987456','IDIGI5001','Water','02:01:00',120,'Postpaid',85.00,2,0,0.00,2,0.00,0.00,0,17122.00,0,0,0,0,0,0,'2022-05-15 09:35:09'),
(1342,'506f980000000c93',3,6,39,76,3,'IDIGI0039','IDIGI1015','Water','02:03:04',120,'Postpaid',84.00,2,0,0.00,2,0.00,0.00,0,204.00,0,0,0,0,0,0,'2022-05-16 08:54:32'),
(1343,'506f980000000d20',3,6,38,73,3,'987457','IDIGI5002','Water','01:01:01',1440,'Postpaid',84.00,2,1,0.00,2,0.00,0.00,0,19771.00,0,0,0,0,0,0,'2022-05-16 08:54:34'),
(1344,'506f980000000a82',3,6,39,75,3,'IDIGI0023','IDIGI1015','Water','00:00:00',120,'Postpaid',84.00,2,1,0.00,2,0.00,0.00,0,17384.00,0,0,0,0,0,0,'2022-05-16 08:54:37'),
(1345,'506f980000000d2f',3,6,37,72,3,'987456','IDIGI5001','Water','02:01:00',120,'Postpaid',85.00,2,0,0.00,2,0.00,0.00,0,17122.00,0,0,0,0,0,0,'2022-05-16 08:54:39'),
(1346,'506f980000000c93',3,6,39,76,3,'IDIGI0039','IDIGI1015','Water','02:03:04',120,'Postpaid',84.00,2,0,0.00,2,0.00,0.00,0,206.00,0,0,0,0,0,0,'2022-05-16 09:50:05'),
(1347,'506f980000000a82',3,6,39,75,3,'IDIGI0023','IDIGI1015','Water','00:00:00',120,'Postpaid',84.00,2,1,0.00,2,0.00,0.00,0,17384.00,0,0,0,0,0,0,'2022-05-16 09:50:06'),
(1348,'506f980000000d2f',3,6,37,72,3,'987456','IDIGI5001','Water','02:01:00',120,'Postpaid',84.00,2,0,0.00,2,0.00,0.00,0,17122.00,0,0,0,0,0,0,'2022-05-16 09:50:07'),
(1349,'506f980000000c93',3,6,39,76,3,'IDIGI0039','IDIGI1015','Water','02:03:04',120,'Postpaid',84.00,2,0,0.00,2,0.00,0.00,0,209.00,0,0,0,0,0,0,'2022-05-16 11:18:35'),
(1350,'506f980000000a82',3,6,39,75,3,'IDIGI0023','IDIGI1015','Water','00:00:00',120,'Postpaid',84.00,2,1,0.00,2,0.00,0.00,0,17384.00,0,0,0,0,0,0,'2022-05-16 11:22:46'),
(1351,'506f980000000d2f',3,6,37,72,3,'987456','IDIGI5001','Water','02:01:00',120,'Postpaid',84.00,2,0,0.00,2,0.00,0.00,0,17122.00,0,0,0,0,0,0,'2022-05-16 11:32:46'),
(1352,'506f980000000d20',3,6,38,73,3,'987457','IDIGI5002','Water','01:01:01',1440,'Postpaid',84.00,2,1,0.00,2,0.00,0.00,0,19771.00,0,0,0,0,0,0,'2022-05-16 11:52:40'),
(1353,'506f980000000c93',3,6,39,76,3,'IDIGI0039','IDIGI1015','Water','02:03:04',120,'Postpaid',84.00,2,0,0.00,2,0.00,0.00,0,210.00,0,0,0,0,0,0,'2022-05-16 13:19:05'),
(1354,'506f980000000a82',3,6,39,75,3,'IDIGI0023','IDIGI1015','Water','00:00:00',120,'Postpaid',84.00,2,1,0.00,2,0.00,0.00,0,17384.00,0,0,0,0,0,0,'2022-05-16 13:19:06'),
(1355,'506f980000000d2f',3,6,37,72,3,'987456','IDIGI5001','Water','02:01:00',120,'Postpaid',84.00,2,0,0.00,2,0.00,0.00,0,17122.00,0,0,0,0,0,0,'2022-05-16 13:31:21'),
(1356,'506f980000000c93',3,6,39,76,3,'IDIGI0039','IDIGI1015','Water','02:03:04',120,'Postpaid',84.00,2,0,0.00,2,0.00,0.00,0,213.00,0,0,0,0,0,0,'2022-05-16 15:19:24'),
(1357,'506f980000000a82',3,6,39,75,3,'IDIGI0023','IDIGI1015','Water','00:00:00',120,'Postpaid',84.00,2,1,0.00,2,0.00,0.00,0,17384.00,0,0,0,0,0,0,'2022-05-16 15:19:24'),
(1358,'506f980000000d2f',3,6,37,72,3,'987456','IDIGI5001','Water','02:01:00',120,'Postpaid',84.00,2,0,0.00,2,0.00,0.00,0,17122.00,0,0,0,0,0,0,'2022-05-16 15:31:26'),
(1359,'506f980000000c93',3,6,39,76,3,'IDIGI0039','IDIGI1015','Water','02:03:04',120,'Postpaid',84.00,2,0,0.00,2,0.00,0.00,0,217.00,0,0,0,0,0,0,'2022-05-16 17:19:30'),
(1360,'506f980000000a82',3,6,39,75,3,'IDIGI0023','IDIGI1015','Water','00:00:00',120,'Postpaid',84.00,2,1,0.00,2,0.00,0.00,0,17384.00,0,0,0,0,0,0,'2022-05-16 17:19:33'),
(1361,'506f980000000d2f',3,6,37,72,3,'987456','IDIGI5001','Water','02:01:00',120,'Postpaid',84.00,2,0,0.00,2,0.00,0.00,0,17122.00,0,0,0,0,0,0,'2022-05-16 17:31:34'),
(1362,'506f980000000c93',3,6,39,76,3,'IDIGI0039','IDIGI1015','Water','02:03:04',120,'Postpaid',84.00,2,0,0.00,2,0.00,0.00,0,217.00,0,0,0,0,0,0,'2022-05-16 19:18:00'),
(1363,'506f980000000a82',3,6,39,75,3,'IDIGI0023','IDIGI1015','Water','00:00:00',120,'Postpaid',84.00,2,1,0.00,2,0.00,0.00,0,17384.00,0,0,0,0,0,0,'2022-05-16 19:22:10'),
(1364,'506f980000000d2f',3,6,37,72,3,'987456','IDIGI5001','Water','02:01:00',120,'Postpaid',84.00,2,0,0.00,2,0.00,0.00,0,17122.00,0,0,0,0,0,0,'2022-05-16 19:32:11'),
(1365,'506f980000000c93',3,6,39,76,3,'IDIGI0039','IDIGI1015','Water','02:03:04',120,'Postpaid',84.00,2,0,0.00,2,0.00,0.00,0,217.00,0,0,0,0,0,0,'2022-05-17 07:40:15'),
(1366,'506f980000000a82',3,6,39,75,3,'IDIGI0023','IDIGI1015','Water','00:00:00',120,'Postpaid',84.00,2,1,0.00,2,0.00,0.00,0,17384.00,0,0,0,0,0,0,'2022-05-17 07:40:18'),
(1367,'506f980000000d2f',3,6,37,72,3,'987456','IDIGI5001','Water','02:01:00',120,'Postpaid',85.00,2,0,0.00,2,0.00,0.00,0,17122.00,0,0,0,0,0,0,'2022-05-17 07:40:19'),
(1368,'506f980000000c93',3,6,39,76,3,'IDIGI0039','IDIGI1015','Water','02:03:04',120,'Postpaid',84.00,2,0,0.00,2,0.00,0.00,0,221.00,0,0,0,0,0,0,'2022-05-17 10:08:12'),
(1369,'506f980000000a82',3,6,39,75,3,'IDIGI0023','IDIGI1015','Water','00:00:00',120,'Postpaid',85.00,2,1,0.00,2,0.00,0.00,0,17384.00,0,0,0,0,0,0,'2022-05-17 10:08:13'),
(1370,'506f980000000d2f',3,6,37,72,3,'987456','IDIGI5001','Water','02:01:00',120,'Postpaid',85.00,2,0,0.00,2,0.00,0.00,0,17122.00,0,0,0,0,0,0,'2022-05-17 10:08:14'),
(1371,'506f980000000c93',3,6,39,76,3,'IDIGI0039','IDIGI1015','Water','02:03:04',120,'Postpaid',84.00,2,0,0.00,2,0.00,0.00,0,230.00,0,0,0,0,0,0,'2022-05-17 11:18:17'),
(1372,'506f980000000a82',3,6,39,75,3,'IDIGI0023','IDIGI1015','Water','00:00:00',120,'Postpaid',84.00,2,1,0.00,2,0.00,0.00,0,17384.00,0,0,0,0,0,0,'2022-05-17 11:20:25'),
(1373,'506f980000000d2f',3,6,37,72,3,'987456','IDIGI5001','Water','02:01:00',120,'Postpaid',85.00,2,0,0.00,2,0.00,0.00,0,17122.00,0,0,0,0,0,0,'2022-05-17 11:34:36'),
(1374,'506f980000000d20',3,6,38,73,3,'987457','IDIGI5002','Water','01:01:01',1440,'Postpaid',84.00,2,1,0.00,2,0.00,0.00,0,19771.00,0,0,0,0,0,0,'2022-05-17 11:52:37'),
(1375,'506f980000000a82',3,6,39,75,3,'IDIGI0023','IDIGI1015','Water','00:00:00',120,'Postpaid',84.00,2,1,0.00,2,0.00,0.00,0,17384.00,0,0,0,0,0,0,'2022-05-17 13:20:14'),
(1376,'506f980000000d2f',3,6,37,72,3,'987456','IDIGI5001','Water','02:01:00',120,'Postpaid',85.00,2,0,0.00,2,0.00,0.00,0,17122.00,0,0,0,0,0,0,'2022-05-17 13:32:14'),
(1377,'506f980000000c93',3,6,39,76,3,'IDIGI0039','IDIGI1015','Water','02:03:04',120,'Postpaid',84.00,2,0,0.00,2,0.00,0.00,0,239.00,0,0,0,0,0,0,'2022-05-17 15:18:32'),
(1378,'506f980000000a82',3,6,39,75,3,'IDIGI0023','IDIGI1015','Water','00:00:00',120,'Postpaid',84.00,2,1,0.00,2,0.00,0.00,0,17384.00,0,0,0,0,0,0,'2022-05-17 15:20:32'),
(1379,'506f980000000d2f',3,6,37,72,3,'987456','IDIGI5001','Water','02:01:00',120,'Postpaid',84.00,2,0,0.00,2,0.00,0.00,0,17122.00,0,0,0,0,0,0,'2022-05-17 16:15:54'),
(1380,'506f980000000c93',3,6,39,76,3,'IDIGI0039','IDIGI1015','Water','02:03:04',120,'Postpaid',84.00,2,0,0.00,2,0.00,0.00,0,254.00,0,0,0,0,0,0,'2022-05-17 17:17:56'),
(1381,'506f980000000a82',3,6,39,75,3,'IDIGI0023','IDIGI1015','Water','00:00:00',120,'Postpaid',84.00,2,1,0.00,2,0.00,0.00,0,18933.00,0,0,0,0,0,0,'2022-05-17 17:22:06'),
(1382,'506f980000000d20',3,6,38,73,3,'987457','IDIGI5002','Water','01:01:01',1440,'Postpaid',84.00,2,1,0.00,2,0.00,0.00,0,21310.00,0,0,0,0,0,0,'2022-05-17 18:19:48'),
(1383,'506f980000000d2f',3,6,37,72,3,'987456','IDIGI5001','Water','02:01:00',120,'Postpaid',84.00,2,0,0.00,2,0.00,0.00,0,18122.00,0,0,0,0,0,0,'2022-05-17 18:19:49'),
(1384,'506f980000000c93',3,6,39,76,3,'IDIGI0039','IDIGI1015','Water','02:03:04',120,'Postpaid',84.00,2,0,0.00,2,0.00,0.00,0,268.00,0,0,0,0,0,0,'2022-05-17 19:17:52'),
(1385,'506f980000000a82',3,6,39,75,3,'IDIGI0023','IDIGI1015','Water','00:00:00',120,'Postpaid',84.00,2,1,0.00,2,0.00,0.00,0,18933.00,0,0,0,0,0,0,'2022-05-17 19:22:02'),
(1386,'506f980000000d2f',3,6,37,72,3,'987456','IDIGI5001','Water','02:01:00',120,'Postpaid',84.00,2,0,0.00,2,0.00,0.00,0,18122.00,0,0,0,0,0,0,'2022-05-17 19:32:03'),
(1387,'506f980000000c93',3,6,39,76,3,'IDIGI0039','IDIGI1015','Water','02:03:04',120,'Postpaid',84.00,2,0,0.00,2,0.00,0.00,0,268.00,0,0,0,0,0,0,'2022-05-18 08:03:57'),
(1388,'506f980000000a82',3,6,39,75,3,'IDIGI0023','IDIGI1015','Water','00:00:00',120,'Postpaid',85.00,2,1,0.00,2,0.00,0.00,0,18933.00,0,0,0,0,0,0,'2022-05-18 08:03:59'),
(1389,'506f980000000d2f',3,6,37,72,3,'987456','IDIGI5001','Water','02:01:00',120,'Postpaid',85.00,2,0,0.00,2,0.00,0.00,0,18122.00,0,0,0,0,0,0,'2022-05-18 08:04:00'),
(1390,'506f980000000c93',3,6,39,76,3,'IDIGI0039','IDIGI1015','Water','02:03:04',120,'Postpaid',84.00,2,0,0.00,2,0.00,0.00,0,271.00,0,0,0,0,0,0,'2022-05-18 09:18:01'),
(1391,'506f980000000a82',3,6,39,75,3,'IDIGI0023','IDIGI1015','Water','00:00:00',120,'Postpaid',85.00,2,1,0.00,2,0.00,0.00,0,18933.00,0,0,0,0,0,0,'2022-05-18 09:22:12'),
(1392,'506f980000000d2f',3,6,37,72,3,'987456','IDIGI5001','Water','02:01:00',120,'Postpaid',85.00,2,0,0.00,2,0.00,0.00,0,18122.00,0,0,0,0,0,0,'2022-05-18 09:32:13'),
(1393,'506f980000000c93',3,6,39,76,3,'IDIGI0039','IDIGI1015','Water','02:03:04',120,'Postpaid',85.00,2,0,0.00,2,0.00,0.00,0,289.00,0,0,0,0,0,0,'2022-05-18 11:18:15'),
(1394,'506f980000000a82',3,6,39,75,3,'IDIGI0023','IDIGI1015','Water','00:00:00',120,'Postpaid',84.00,2,1,0.00,2,0.00,0.00,0,18933.00,0,0,0,0,0,0,'2022-05-18 11:22:25'),
(1395,'506f980000000d2f',3,6,37,72,3,'987456','IDIGI5001','Water','02:01:00',120,'Postpaid',85.00,2,0,0.00,2,0.00,0.00,0,18122.00,0,0,0,0,0,0,'2022-05-18 11:32:26'),
(1396,'506f980000000d20',3,6,38,73,3,'987457','IDIGI5002','Water','01:01:01',1440,'Postpaid',84.00,2,1,0.00,2,0.00,0.00,0,21310.00,0,0,0,0,0,0,'2022-05-18 11:52:27'),
(1397,'506f980000000c93',3,6,39,76,3,'IDIGI0039','IDIGI1015','Water','02:03:04',120,'Postpaid',84.00,2,0,0.00,2,0.00,0.00,0,301.00,0,0,0,0,0,0,'2022-05-18 13:18:28'),
(1398,'506f980000000a82',3,6,39,75,3,'IDIGI0023','IDIGI1015','Water','00:00:00',120,'Postpaid',85.00,2,1,0.00,2,0.00,0.00,0,18933.00,0,0,0,0,0,0,'2022-05-18 13:20:29'),
(1399,'506f980000000d2f',3,6,37,72,3,'987456','IDIGI5001','Water','02:01:00',120,'Postpaid',84.00,2,0,0.00,2,0.00,0.00,0,18122.00,0,0,0,0,0,0,'2022-05-18 13:32:30'),
(1400,'506f980000000c93',3,6,39,76,3,'IDIGI0039','IDIGI1015','Water','02:03:04',120,'Postpaid',85.00,2,0,0.00,2,0.00,0.00,0,305.00,0,0,0,0,0,0,'2022-05-18 15:20:51'),
(1401,'506f980000000a82',3,6,39,75,3,'IDIGI0023','IDIGI1015','Water','00:00:00',120,'Postpaid',84.00,2,1,0.00,2,0.00,0.00,0,18933.00,0,0,0,0,0,0,'2022-05-18 15:25:14'),
(1402,'506f980000000d2f',3,6,37,72,3,'987456','IDIGI5001','Water','02:01:00',120,'Postpaid',85.00,2,0,0.00,2,0.00,0.00,0,18122.00,0,0,0,0,0,0,'2022-05-18 15:31:15'),
(1403,'506f980000000d2f',3,6,37,72,3,'987456','IDIGI5001','Water','02:01:00',120,'Postpaid',85.00,2,0,0.00,2,0.00,0.00,0,18122.00,0,0,0,0,0,0,'2022-05-18 15:33:15'),
(1404,'506f980000000c93',3,6,39,76,3,'IDIGI0039','IDIGI1015','Water','02:03:04',120,'Postpaid',84.00,2,0,0.00,2,0.00,0.00,0,310.00,0,0,0,0,0,0,'2022-05-18 17:19:16'),
(1405,'506f980000000a82',3,6,39,75,3,'IDIGI0023','IDIGI1015','Water','00:00:00',120,'Postpaid',84.00,2,1,0.00,2,0.00,0.00,0,19503.00,0,0,0,0,0,0,'2022-05-18 17:19:17'),
(1406,'506f980000000d2f',3,6,37,72,3,'987456','IDIGI5001','Water','02:01:00',120,'Postpaid',84.00,2,0,0.00,2,0.00,0.00,0,18918.00,0,0,0,0,0,0,'2022-05-18 17:31:18'),
(1407,'506f980000000d2f',3,6,37,72,3,'987456','IDIGI5001','Water','02:01:00',120,'Postpaid',84.00,2,0,0.00,2,0.00,0.00,0,18937.00,0,0,0,0,0,0,'2022-05-18 17:33:18'),
(1408,'506f980000000c93',3,6,39,76,3,'IDIGI0039','IDIGI1015','Water','02:03:04',120,'Postpaid',84.00,2,0,0.00,2,0.00,0.00,0,314.00,0,0,0,0,0,0,'2022-05-18 19:19:20'),
(1409,'506f980000000a82',3,6,39,75,3,'IDIGI0023','IDIGI1015','Water','00:00:00',120,'Postpaid',84.00,2,1,0.00,2,0.00,0.00,0,20622.00,0,0,0,0,0,0,'2022-05-18 19:19:21'),
(1410,'506f980000000c93',3,6,39,76,3,'IDIGI0039','IDIGI1015','Water','02:03:04',120,'Postpaid',85.00,2,0,0.00,2,0.00,0.00,0,314.00,0,0,0,0,0,0,'2022-05-19 08:18:34'),
(1411,'506f980000000a82',3,6,39,75,3,'IDIGI0023','IDIGI1015','Water','00:00:00',120,'Postpaid',85.00,2,1,0.00,2,0.00,0.00,0,20622.00,0,0,0,0,0,0,'2022-05-19 08:18:36'),
(1412,'506f980000000d2f',3,6,37,72,3,'987456','IDIGI5001','Water','02:01:00',120,'Postpaid',85.00,2,0,0.00,2,0.00,0.00,0,19789.00,0,0,0,0,0,0,'2022-05-19 08:18:36'),
(1413,'506f980000000c93',3,6,39,76,3,'IDIGI0039','IDIGI1015','Water','02:03:04',120,'Postpaid',85.00,2,0,0.00,2,0.00,0.00,0,316.00,0,0,0,0,0,0,'2022-05-19 09:51:07'),
(1414,'506f980000000a82',3,6,39,75,3,'IDIGI0023','IDIGI1015','Water','00:00:00',120,'Postpaid',85.00,2,1,0.00,2,0.00,0.00,0,20622.00,0,0,0,0,0,0,'2022-05-19 09:51:08'),
(1415,'506f980000000d2f',3,6,37,72,3,'987456','IDIGI5001','Water','02:01:00',120,'Postpaid',85.00,2,0,0.00,2,0.00,0.00,0,19789.00,0,0,0,0,0,0,'2022-05-19 09:51:09'),
(1416,'506f980000000c93',3,6,39,76,3,'IDIGI0039','IDIGI1015','Water','02:03:04',120,'Postpaid',85.00,2,0,0.00,2,0.00,0.00,0,316.00,0,0,0,0,0,0,'2022-05-19 11:19:10'),
(1417,'506f980000000a82',3,6,39,75,3,'IDIGI0023','IDIGI1015','Water','00:00:00',120,'Postpaid',85.00,2,1,0.00,2,0.00,0.00,0,20622.00,0,0,0,0,0,0,'2022-05-19 11:19:11'),
(1418,'506f980000000d2f',3,6,37,72,3,'987456','IDIGI5001','Water','02:01:00',120,'Postpaid',85.00,2,0,0.00,2,0.00,0.00,0,19789.00,0,0,0,0,0,0,'2022-05-19 11:33:22'),
(1419,'506f980000000d20',3,6,38,73,3,'987457','IDIGI5002','Water','01:01:01',1440,'Postpaid',84.00,2,1,0.00,2,0.00,0.00,0,22969.00,0,0,0,0,0,0,'2022-05-19 11:53:22'),
(1420,'506f980000000c93',3,6,39,76,3,'IDIGI0039','IDIGI1015','Water','02:03:04',120,'Postpaid',85.00,2,0,0.00,2,0.00,0.00,0,322.00,0,0,0,0,0,0,'2022-05-19 13:19:24'),
(1421,'506f980000000a82',3,6,39,75,3,'IDIGI0023','IDIGI1015','Water','00:00:00',120,'Postpaid',85.00,2,1,0.00,2,0.00,0.00,0,20622.00,0,0,0,0,0,0,'2022-05-19 13:19:25'),
(1422,'506f980000000d2f',3,6,37,72,3,'987456','IDIGI5001','Water','02:01:00',120,'Postpaid',85.00,2,0,0.00,2,0.00,0.00,0,19789.00,0,0,0,0,0,0,'2022-05-19 13:31:25'),
(1423,'506f980000000c93',3,6,39,76,3,'IDIGI0039','IDIGI1015','Water','02:03:04',120,'Postpaid',84.00,2,0,0.00,2,0.00,0.00,0,326.00,0,0,0,0,0,0,'2022-05-19 16:17:59'),
(1424,'506f980000000a82',3,6,39,75,3,'IDIGI0023','IDIGI1015','Water','00:00:00',120,'Postpaid',84.00,2,1,0.00,2,0.00,0.00,0,20622.00,0,0,0,0,0,0,'2022-05-19 16:18:01'),
(1425,'506f980000000d2f',3,6,37,72,3,'987456','IDIGI5001','Water','02:01:00',120,'Postpaid',84.00,2,0,0.00,2,0.00,0.00,0,19789.00,0,0,0,0,0,0,'2022-05-19 16:18:02'),
(1426,'506f980000000b90',3,6,39,74,3,'IDIGI0008','IDIGI1015','Water','02:02:02',120,'Postpaid',85.00,2,1,0.00,2,0.00,0.00,0,4693.00,0,0,0,0,0,0,'2022-05-20 08:30:30'),
(1427,'506f980000000c93',3,6,39,76,3,'IDIGI0039','IDIGI1015','Water','02:03:04',120,'Postpaid',84.00,2,0,0.00,2,0.00,0.00,0,336.00,0,0,0,0,0,0,'2022-05-20 08:30:31'),
(1428,'506f980000000a82',3,6,39,75,3,'IDIGI0023','IDIGI1015','Water','00:00:00',120,'Postpaid',85.00,2,1,0.00,2,0.00,0.00,0,20622.00,0,0,0,0,0,0,'2022-05-20 08:30:33'),
(1429,'506f980000000d2f',3,6,37,72,3,'987456','IDIGI5001','Water','02:01:00',120,'Postpaid',85.00,2,0,0.00,2,0.00,0.00,0,19789.00,0,0,0,0,0,0,'2022-05-20 08:30:35'),
(1430,'506f980000000c93',3,6,39,76,3,'IDIGI0039','IDIGI1015','Water','02:03:04',120,'Postpaid',85.00,2,0,0.00,2,0.00,0.00,0,340.00,0,0,0,0,0,0,'2022-05-20 10:08:27'),
(1431,'506f980000000a82',3,6,39,75,3,'IDIGI0023','IDIGI1015','Water','00:00:00',120,'Postpaid',85.00,2,1,0.00,2,0.00,0.00,0,20622.00,0,0,0,0,0,0,'2022-05-20 10:08:27'),
(1432,'506f980000000d2f',3,6,37,72,3,'987456','IDIGI5001','Water','02:01:00',120,'Postpaid',85.00,2,0,0.00,2,0.00,0.00,0,19789.00,0,0,0,0,0,0,'2022-05-20 10:08:28'),
(1433,'506f980000000c93',3,6,39,76,3,'IDIGI0039','IDIGI1015','Water','02:03:04',120,'Postpaid',84.00,2,0,0.00,2,0.00,0.00,0,347.00,0,0,0,0,0,0,'2022-05-20 11:18:29'),
(1434,'506f980000000a82',3,6,39,75,3,'IDIGI0023','IDIGI1015','Water','00:00:00',120,'Postpaid',84.00,2,1,0.00,2,0.00,0.00,0,21623.00,0,0,0,0,0,0,'2022-05-20 11:20:30'),
(1435,'506f980000000d2f',3,6,37,72,3,'987456','IDIGI5001','Water','02:01:00',120,'Postpaid',84.00,2,0,0.00,2,0.00,0.00,0,21841.00,0,0,0,0,0,0,'2022-05-20 11:32:31'),
(1436,'506f980000000d20',3,6,38,73,3,'987457','IDIGI5002','Water','01:01:01',1440,'Postpaid',84.00,2,1,0.00,2,0.00,0.00,0,25401.00,0,0,0,0,0,0,'2022-05-20 11:52:32'),
(1437,'506f980000000c93',3,6,39,76,3,'IDIGI0039','IDIGI1015','Water','02:03:04',120,'Postpaid',85.00,2,0,0.00,2,0.00,0.00,0,349.00,0,0,0,0,0,0,'2022-05-20 13:18:34'),
(1438,'506f980000000a82',3,6,39,75,3,'IDIGI0023','IDIGI1015','Water','00:00:00',120,'Postpaid',84.00,2,1,0.00,2,0.00,0.00,0,23934.00,0,0,0,0,0,0,'2022-05-20 13:20:34'),
(1439,'506f980000000d2f',3,6,37,72,3,'987456','IDIGI5001','Water','02:01:00',120,'Postpaid',84.00,2,0,0.00,2,0.00,0.00,0,24125.00,0,0,0,0,0,0,'2022-05-20 13:32:35'),
(1440,'506f980000000c93',3,6,39,76,3,'IDIGI0039','IDIGI1015','Water','02:03:04',120,'Postpaid',85.00,2,0,0.00,2,0.00,0.00,0,357.00,0,0,0,0,0,0,'2022-05-20 15:18:37'),
(1441,'506f980000000a82',3,6,39,75,3,'IDIGI0023','IDIGI1015','Water','00:00:00',120,'Postpaid',84.00,2,1,0.00,2,0.00,0.00,0,25944.00,0,0,0,0,0,0,'2022-05-20 15:20:37'),
(1442,'506f980000000d2f',3,6,37,72,3,'987456','IDIGI5001','Water','02:01:00',120,'Postpaid',84.00,2,0,0.00,2,0.00,0.00,0,26402.00,0,0,0,0,0,0,'2022-05-20 15:32:38'),
(1443,'506f980000000c93',3,6,39,76,3,'IDIGI0039','IDIGI1015','Water','02:03:04',120,'Postpaid',85.00,2,0,0.00,2,0.00,0.00,0,362.00,0,0,0,0,0,0,'2022-05-20 17:18:40'),
(1444,'506f980000000a82',3,6,39,75,3,'IDIGI0023','IDIGI1015','Water','00:00:00',120,'Postpaid',84.00,2,1,0.00,2,0.00,0.00,0,26278.00,0,0,0,0,0,0,'2022-05-20 17:20:41'),
(1445,'506f980000000d2f',3,6,37,72,3,'987456','IDIGI5001','Water','02:01:00',120,'Postpaid',84.00,2,0,0.00,2,0.00,0.00,0,26496.00,0,0,0,0,0,0,'2022-05-20 17:32:43'),
(1446,'506f980000000c93',3,6,39,76,3,'IDIGI0039','IDIGI1015','Water','02:03:04',120,'Postpaid',84.00,2,0,0.00,2,0.00,0.00,0,364.00,0,0,0,0,0,0,'2022-05-21 10:09:41'),
(1447,'506f980000000a82',3,6,39,75,3,'IDIGI0023','IDIGI1015','Water','00:00:00',120,'Postpaid',85.00,2,1,0.00,2,0.00,0.00,0,26279.00,0,0,0,0,0,0,'2022-05-21 10:09:42'),
(1448,'506f980000000d2f',3,6,37,72,3,'987456','IDIGI5001','Water','02:01:00',120,'Postpaid',85.00,2,0,0.00,2,0.00,0.00,0,26496.00,0,0,0,0,0,0,'2022-05-21 10:09:43'),
(1449,'506f980000000c93',3,6,39,76,3,'IDIGI0039','IDIGI1015','Water','02:03:04',120,'Postpaid',85.00,2,0,0.00,2,0.00,0.00,0,364.00,0,0,0,0,0,0,'2022-05-21 11:18:20'),
(1450,'506f980000000a82',3,6,39,75,3,'IDIGI0023','IDIGI1015','Water','00:00:00',120,'Postpaid',84.00,2,1,0.00,2,0.00,0.00,0,26279.00,0,0,0,0,0,0,'2022-05-21 11:22:31'),
(1451,'506f980000000d2f',3,6,37,72,3,'987456','IDIGI5001','Water','02:01:00',120,'Postpaid',84.00,2,0,0.00,2,0.00,0.00,0,26496.00,0,0,0,0,0,0,'2022-05-21 11:32:32'),
(1452,'506f980000000d20',3,6,38,73,3,'987457','IDIGI5002','Water','01:01:01',1440,'Postpaid',84.00,2,1,0.00,2,0.00,0.00,0,29655.00,0,0,0,0,0,0,'2022-05-21 11:52:33'),
(1453,'506f980000000c93',3,6,39,76,3,'IDIGI0039','IDIGI1015','Water','02:03:04',120,'Postpaid',85.00,2,0,0.00,2,0.00,0.00,0,368.00,0,0,0,0,0,0,'2022-05-21 13:18:34'),
(1454,'506f980000000a82',3,6,39,75,3,'IDIGI0023','IDIGI1015','Water','00:00:00',120,'Postpaid',84.00,2,1,0.00,2,0.00,0.00,0,26279.00,0,0,0,0,0,0,'2022-05-21 13:20:35'),
(1455,'506f980000000d2f',3,6,37,72,3,'987456','IDIGI5001','Water','02:01:00',120,'Postpaid',84.00,2,0,0.00,2,0.00,0.00,0,26496.00,0,0,0,0,0,0,'2022-05-21 13:32:35'),
(1456,'506f980000000c93',3,6,39,76,3,'IDIGI0039','IDIGI1015','Water','02:03:04',120,'Postpaid',85.00,2,0,0.00,2,0.00,0.00,0,368.00,0,0,0,0,0,0,'2022-05-21 15:53:17'),
(1457,'506f980000000a82',3,6,39,75,3,'IDIGI0023','IDIGI1015','Water','00:00:00',120,'Postpaid',84.00,2,1,0.00,2,0.00,0.00,0,26279.00,0,0,0,0,0,0,'2022-05-21 15:53:18'),
(1458,'506f980000000d2f',3,6,37,72,3,'987456','IDIGI5001','Water','02:01:00',120,'Postpaid',84.00,2,0,0.00,2,0.00,0.00,0,26496.00,0,0,0,0,0,0,'2022-05-21 15:53:18'),
(1459,'506f980000000c93',3,6,39,76,3,'IDIGI0039','IDIGI1015','Water','02:03:04',120,'Postpaid',84.00,2,0,0.00,2,0.00,0.00,0,371.00,0,0,0,0,0,0,'2022-05-21 17:19:11'),
(1460,'506f980000000a82',3,6,39,75,3,'IDIGI0023','IDIGI1015','Water','00:00:00',120,'Postpaid',84.00,2,1,0.00,2,0.00,0.00,0,26992.00,0,0,0,0,0,0,'2022-05-21 17:19:12'),
(1461,'506f980000000a82',3,6,39,75,3,'IDIGI0023','IDIGI1015','Water','00:00:00',120,'Postpaid',83.00,2,1,0.00,2,0.00,0.00,0,27004.00,0,0,0,0,0,0,'2022-05-21 17:23:22'),
(1462,'506f980000000d2f',3,6,37,72,3,'987456','IDIGI5001','Water','02:01:00',120,'Postpaid',84.00,2,0,0.00,2,0.00,0.00,0,27360.00,0,0,0,0,0,0,'2022-05-21 17:31:23'),
(1463,'506f980000000b90',3,6,39,74,3,'IDIGI0008','IDIGI1015','Water','02:02:02',120,'Postpaid',85.00,2,1,0.00,2,0.00,0.00,0,5299.00,0,0,0,0,0,0,'2022-05-22 10:49:13'),
(1464,'506f980000000c93',3,6,39,76,3,'IDIGI0039','IDIGI1015','Water','02:03:04',120,'Postpaid',85.00,2,0,0.00,2,0.00,0.00,0,383.00,0,0,0,0,0,0,'2022-05-22 10:49:14'),
(1465,'506f980000000a82',3,6,39,75,3,'IDIGI0023','IDIGI1015','Water','00:00:00',120,'Postpaid',85.00,2,1,0.00,2,0.00,0.00,0,27140.00,0,0,0,0,0,0,'2022-05-22 10:49:14'),
(1466,'506f980000000d2f',3,6,37,72,3,'987456','IDIGI5001','Water','02:01:00',120,'Postpaid',85.00,2,0,0.00,2,0.00,0.00,0,28385.00,0,0,0,0,0,0,'2022-05-22 10:49:15'),
(1467,'506f980000000b90',3,6,39,74,3,'IDIGI0008','IDIGI1015','Water','02:02:02',120,'Postpaid',85.00,2,1,0.00,2,0.00,0.00,0,5299.00,0,0,0,0,0,0,'2022-05-23 09:41:18'),
(1468,'506f980000000c93',3,6,39,76,3,'IDIGI0039','IDIGI1015','Water','02:03:04',120,'Postpaid',85.00,2,0,0.00,2,0.00,0.00,0,407.00,0,0,0,0,0,0,'2022-05-23 09:41:18'),
(1469,'506f980000000d20',3,6,38,73,3,'987457','IDIGI5002','Water','01:01:01',1440,'Postpaid',84.00,2,1,0.00,2,0.00,0.00,0,34265.00,0,0,0,0,0,0,'2022-05-23 09:41:19'),
(1470,'506f980000000a82',3,6,39,75,3,'IDIGI0023','IDIGI1015','Water','00:00:00',120,'Postpaid',85.00,2,1,0.00,2,0.00,0.00,0,35715.00,0,0,0,0,0,0,'2022-05-23 09:41:19'),
(1471,'506f980000000d2f',3,6,37,72,3,'987456','IDIGI5001','Water','02:01:00',120,'Postpaid',85.00,2,0,0.00,2,0.00,0.00,0,35822.00,0,0,0,0,0,0,'2022-05-23 09:41:20'),
(1472,'506f980000000c93',3,6,39,76,3,'IDIGI0039','IDIGI1015','Water','02:03:04',120,'Postpaid',85.00,2,0,0.00,2,0.00,0.00,0,410.00,0,0,0,0,0,0,'2022-05-23 11:19:22'),
(1473,'506f980000000d2f',3,6,37,72,3,'987456','IDIGI5001','Water','02:01:00',120,'Postpaid',85.00,2,0,0.00,2,0.00,0.00,0,35822.00,0,0,0,0,0,0,'2022-05-23 11:31:23'),
(1474,'506f980000000d20',3,6,38,73,3,'987457','IDIGI5002','Water','01:01:01',1440,'Postpaid',84.00,2,1,0.00,2,0.00,0.00,0,39749.00,0,0,0,0,0,0,'2022-05-23 11:53:25'),
(1475,'506f980000000c93',3,6,39,76,3,'IDIGI0039','IDIGI1015','Water','02:03:04',120,'Postpaid',85.00,2,0,0.00,2,0.00,0.00,0,413.00,0,0,0,0,0,0,'2022-05-23 13:19:29'),
(1476,'506f980000000a82',3,6,39,75,3,'IDIGI0023','IDIGI1015','Water','00:00:00',120,'Postpaid',85.00,2,1,0.00,2,0.00,0.00,0,35715.00,0,0,0,0,0,0,'2022-05-23 13:19:30'),
(1477,'506f980000000d2f',3,6,37,72,3,'987456','IDIGI5001','Water','02:01:00',120,'Postpaid',85.00,2,0,0.00,2,0.00,0.00,0,35822.00,0,0,0,0,0,0,'2022-05-23 13:31:31'),
(1478,'506f980000000c93',3,6,39,76,3,'IDIGI0039','IDIGI1015','Water','02:03:04',120,'Postpaid',85.00,2,0,0.00,2,0.00,0.00,0,419.00,0,0,0,0,0,0,'2022-05-23 15:19:43'),
(1479,'506f980000000a82',3,6,39,75,3,'IDIGI0023','IDIGI1015','Water','00:00:00',120,'Postpaid',85.00,2,1,0.00,2,0.00,0.00,0,35715.00,0,0,0,0,0,0,'2022-05-23 15:19:43'),
(1480,'506f980000000d2f',3,6,37,72,3,'987456','IDIGI5001','Water','02:01:00',120,'Postpaid',85.00,2,0,0.00,2,0.00,0.00,0,35822.00,0,0,0,0,0,0,'2022-05-23 15:31:44'),
(1481,'506f980000000b90',3,6,39,74,3,'IDIGI0008','IDIGI1015','Water','02:02:02',120,'Postpaid',85.00,2,1,0.00,2,0.00,0.00,0,8897.00,0,0,0,0,0,0,'2022-05-27 15:38:18'),
(1482,'506f980000000b90',3,6,39,74,3,'IDIGI0008','IDIGI1015','Water','02:02:02',120,'Postpaid',85.00,2,1,0.00,2,0.00,0.00,0,8897.00,0,0,0,0,0,0,'2022-05-27 15:39:34'),
(1483,'506f980000000c93',3,6,39,76,3,'IDIGI0039','IDIGI1015','Water','02:03:04',120,'Postpaid',85.00,2,0,0.00,2,0.00,0.00,0,502.00,0,0,0,0,0,0,'2022-05-27 15:39:34'),
(1484,'506f980000000d20',3,6,38,73,3,'987457','IDIGI5002','Water','01:01:01',1440,'Postpaid',83.00,2,1,0.00,2,0.00,0.00,0,60949.00,0,0,0,0,0,0,'2022-05-27 15:39:35'),
(1485,'506f980000000a82',3,6,39,75,3,'IDIGI0023','IDIGI1015','Water','00:00:00',120,'Postpaid',84.00,2,1,0.00,2,0.00,0.00,0,65091.00,0,0,0,0,0,0,'2022-05-27 15:39:36'),
(1486,'506f980000000d2f',3,6,37,72,3,'987456','IDIGI5001','Water','02:01:00',120,'Postpaid',85.00,2,0,0.00,2,0.00,0.00,0,63899.00,0,0,0,0,0,0,'2022-05-27 15:39:36'),
(1487,'506f980000000c93',3,6,39,76,3,'IDIGI0039','IDIGI1015','Water','02:03:04',120,'Postpaid',85.00,2,0,0.00,2,0.00,0.00,0,509.00,0,0,0,0,0,0,'2022-05-27 17:17:38'),
(1488,'506f980000000c93',3,6,39,76,3,'IDIGI0039','IDIGI1015','Water','02:03:04',120,'Postpaid',85.00,2,0,0.00,2,0.00,0.00,0,510.00,0,0,0,0,0,0,'2022-05-27 17:19:39'),
(1489,'506f980000000a82',3,6,39,75,3,'IDIGI0023','IDIGI1015','Water','00:00:00',120,'Postpaid',85.00,2,1,0.00,2,0.00,0.00,0,69971.00,0,0,0,0,0,0,'2022-05-27 17:19:39'),
(1490,'506f980000000d2f',3,6,37,72,3,'987456','IDIGI5001','Water','02:01:00',120,'Postpaid',85.00,2,0,0.00,2,0.00,0.00,0,68746.00,0,0,0,0,0,0,'2022-05-27 17:31:40'),
(1491,'506f980000000b90',3,6,39,74,3,'IDIGI0008','IDIGI1015','Water','02:02:02',120,'Postpaid',86.00,2,1,0.00,2,0.00,0.00,0,9472.00,0,0,0,0,0,0,'2022-05-28 10:12:38'),
(1492,'506f980000000b90',3,6,39,74,3,'IDIGI0008','IDIGI1015','Water','02:02:02',120,'Postpaid',86.00,2,1,0.00,2,0.00,0.00,0,9472.00,0,0,0,0,0,0,'2022-05-28 10:14:48'),
(1493,'506f980000000c93',3,6,39,76,3,'IDIGI0039','IDIGI1015','Water','02:03:04',120,'Postpaid',85.00,2,0,0.00,2,0.00,0.00,0,517.00,0,0,0,0,0,0,'2022-05-28 10:14:48'),
(1494,'506f980000000a82',3,6,39,75,3,'IDIGI0023','IDIGI1015','Water','00:00:00',120,'Postpaid',85.00,2,1,0.00,2,0.00,0.00,0,72448.00,0,0,0,0,0,0,'2022-05-28 10:14:49'),
(1495,'506f980000000d2f',3,6,37,72,3,'987456','IDIGI5001','Water','02:01:00',120,'Postpaid',85.00,2,0,0.00,2,0.00,0.00,0,69746.00,0,0,0,0,0,0,'2022-05-28 10:14:49'),
(1496,'506f980000000c93',3,6,39,76,3,'IDIGI0039','IDIGI1015','Water','02:03:04',120,'Postpaid',85.00,2,0,0.00,2,0.00,0.00,0,523.00,0,0,0,0,0,0,'2022-05-28 11:18:50'),
(1497,'506f980000000a82',3,6,39,75,3,'IDIGI0023','IDIGI1015','Water','00:00:00',120,'Postpaid',85.00,2,1,0.00,2,0.00,0.00,0,72448.00,0,0,0,0,0,0,'2022-05-28 11:23:00'),
(1498,'506f980000000d2f',3,6,37,72,3,'987456','IDIGI5001','Water','02:01:00',120,'Postpaid',85.00,2,0,0.00,2,0.00,0.00,0,69746.00,0,0,0,0,0,0,'2022-05-28 11:31:01'),
(1499,'506f980000000d2f',3,6,37,72,3,'987456','IDIGI5001','Water','02:01:00',120,'Postpaid',85.00,2,0,0.00,2,0.00,0.00,0,69746.00,0,0,0,0,0,0,'2022-05-28 11:35:12'),
(1500,'506f980000000d20',3,6,38,73,3,'987457','IDIGI5002','Water','01:01:01',1440,'Postpaid',84.00,2,1,0.00,2,0.00,0.00,0,76655.00,0,0,0,0,0,0,'2022-05-28 12:17:03'),
(1501,'506f980000000c93',3,6,39,76,3,'IDIGI0039','IDIGI1015','Water','02:03:04',120,'Postpaid',85.00,2,0,0.00,2,0.00,0.00,0,528.00,0,0,0,0,0,0,'2022-05-28 13:34:14'),
(1502,'506f980000000a82',3,6,39,75,3,'IDIGI0023','IDIGI1015','Water','00:00:00',120,'Postpaid',85.00,2,1,0.00,2,0.00,0.00,0,72448.00,0,0,0,0,0,0,'2022-05-28 13:34:15'),
(1503,'506f980000000d2f',3,6,37,72,3,'987456','IDIGI5001','Water','02:01:00',120,'Postpaid',84.00,2,0,0.00,2,0.00,0.00,0,69873.00,0,0,0,0,0,0,'2022-05-28 13:34:15'),
(1504,'506f980000000c93',3,6,39,76,3,'IDIGI0039','IDIGI1015','Water','02:03:04',120,'Postpaid',85.00,2,0,0.00,2,0.00,0.00,0,535.00,0,0,0,0,0,0,'2022-05-28 15:20:27'),
(1505,'506f980000000a82',3,6,39,75,3,'IDIGI0023','IDIGI1015','Water','00:00:00',120,'Postpaid',85.00,2,1,0.00,2,0.00,0.00,0,76453.00,0,0,0,0,0,0,'2022-05-28 15:20:27'),
(1506,'506f980000000d2f',3,6,37,72,3,'987456','IDIGI5001','Water','02:01:00',120,'Postpaid',85.00,2,0,0.00,2,0.00,0.00,0,74607.00,0,0,0,0,0,0,'2022-05-28 15:34:38'),
(1507,'506f980000000c93',3,6,39,76,3,'IDIGI0039','IDIGI1015','Water','02:03:04',120,'Postpaid',85.00,2,0,0.00,2,0.00,0.00,0,541.00,0,0,0,0,0,0,'2022-05-28 17:18:40'),
(1508,'506f980000000a82',3,6,39,75,3,'IDIGI0023','IDIGI1015','Water','00:00:00',120,'Postpaid',85.00,2,1,0.00,2,0.00,0.00,0,81314.00,0,0,0,0,0,0,'2022-05-28 17:22:51'),
(1509,'506f980000000d2f',3,6,37,72,3,'987456','IDIGI5001','Water','02:01:00',120,'Postpaid',85.00,2,0,0.00,2,0.00,0.00,0,79365.00,0,0,0,0,0,0,'2022-05-28 17:30:53'),
(1510,'506f980000000d2f',3,6,37,72,3,'987456','IDIGI5001','Water','02:01:00',120,'Postpaid',85.00,2,0,0.00,2,0.00,0.00,0,79383.00,0,0,0,0,0,0,'2022-05-28 17:32:53'),
(1511,'506f980000000c93',3,6,39,76,3,'IDIGI0039','IDIGI1015','Water','02:03:04',120,'Postpaid',85.00,2,0,0.00,2,0.00,0.00,0,541.00,0,0,0,0,0,0,'2022-05-28 19:18:56'),
(1512,'506f980000000a82',3,6,39,75,3,'IDIGI0023','IDIGI1015','Water','00:00:00',120,'Postpaid',85.00,2,1,0.00,2,0.00,0.00,0,83435.00,0,0,0,0,0,0,'2022-05-28 19:20:56'),
(1513,'506f980000000d2f',3,6,37,72,3,'987456','IDIGI5001','Water','02:01:00',120,'Postpaid',85.00,2,0,0.00,2,0.00,0.00,0,80383.00,0,0,0,0,0,0,'2022-05-28 19:30:57'),
(1514,'506f980000000d2f',3,6,37,72,3,'987456','IDIGI5001','Water','02:01:00',120,'Postpaid',85.00,2,0,0.00,2,0.00,0.00,0,80383.00,0,0,0,0,0,0,'2022-05-28 19:35:07'),
(1515,'506f980000000b90',3,6,39,74,3,'IDIGI0008','IDIGI1015','Water','02:02:02',120,'Postpaid',86.00,2,1,0.00,2,0.00,0.00,0,9701.00,0,0,0,0,0,0,'2022-05-29 10:34:36'),
(1516,'506f980000000c93',3,6,39,76,3,'IDIGI0039','IDIGI1015','Water','02:03:04',120,'Postpaid',85.00,2,0,0.00,2,0.00,0.00,0,545.00,0,0,0,0,0,0,'2022-05-29 10:34:39'),
(1517,'506f980000000a82',3,6,39,75,3,'IDIGI0023','IDIGI1015','Water','00:00:00',120,'Postpaid',85.00,2,1,0.00,2,0.00,0.00,0,83435.00,0,0,0,0,0,0,'2022-05-29 10:34:40'),
(1518,'506f980000000d2f',3,6,37,72,3,'987456','IDIGI5001','Water','02:01:00',120,'Postpaid',85.00,2,0,0.00,2,0.00,0.00,0,80383.00,0,0,0,0,0,0,'2022-05-29 10:34:40'),
(1519,'506f980000000c93',3,6,39,76,3,'IDIGI0039','IDIGI1015','Water','02:03:04',120,'Postpaid',85.00,2,0,0.00,2,0.00,0.00,0,553.00,0,0,0,0,0,0,'2022-05-29 11:20:52'),
(1520,'506f980000000a82',3,6,39,75,3,'IDIGI0023','IDIGI1015','Water','00:00:00',120,'Postpaid',85.00,2,1,0.00,2,0.00,0.00,0,83435.00,0,0,0,0,0,0,'2022-05-29 11:20:53'),
(1521,'506f980000000d2f',3,6,37,72,3,'987456','IDIGI5001','Water','02:01:00',120,'Postpaid',85.00,2,0,0.00,2,0.00,0.00,0,80383.00,0,0,0,0,0,0,'2022-05-29 11:30:54'),
(1522,'506f980000000d2f',3,6,37,72,3,'987456','IDIGI5001','Water','02:01:00',120,'Postpaid',85.00,2,0,0.00,2,0.00,0.00,0,80383.00,0,0,0,0,0,0,'2022-05-29 11:32:55'),
(1523,'506f980000000d20',3,6,38,73,3,'987457','IDIGI5002','Water','01:01:01',1440,'Postpaid',84.00,2,1,0.00,2,0.00,0.00,0,87969.00,0,0,0,0,0,0,'2022-05-29 11:52:55'),
(1524,'506f980000000aac',3,5,35,69,3,'9874561','IDIGI1001','Water','00:00:00',2,'Postpaid',85.00,2,0,0.00,2,0.00,0.00,0,5774.00,0,0,0,0,0,0,'2022-05-29 13:04:17'),
(1525,'506f980000000c93',3,6,39,76,3,'IDIGI0039','IDIGI1015','Water','02:03:04',120,'Postpaid',85.00,2,0,0.00,2,0.00,0.00,0,555.00,0,0,0,0,0,0,'2022-05-29 13:18:57'),
(1526,'506f980000000a82',3,6,39,75,3,'IDIGI0023','IDIGI1015','Water','00:00:00',120,'Postpaid',85.00,2,1,0.00,2,0.00,0.00,0,83435.00,0,0,0,0,0,0,'2022-05-29 13:20:58'),
(1527,'506f980000000d2f',3,6,37,72,3,'987456','IDIGI5001','Water','02:01:00',120,'Postpaid',85.00,2,0,0.00,2,0.00,0.00,0,80383.00,0,0,0,0,0,0,'2022-05-29 13:30:58'),
(1528,'506f980000000d2f',3,6,37,72,3,'987456','IDIGI5001','Water','02:01:00',120,'Postpaid',85.00,2,0,0.00,2,0.00,0.00,0,80383.00,0,0,0,0,0,0,'2022-05-29 13:32:59'),
(1529,'506f980000000b90',3,6,39,74,3,'IDIGI0008','IDIGI1015','Water','02:02:02',120,'Postpaid',85.00,2,1,0.00,2,0.00,0.00,0,9776.00,0,0,0,0,0,0,'2022-05-30 07:46:15'),
(1530,'506f980000000c93',3,6,39,76,3,'IDIGI0039','IDIGI1015','Water','02:03:04',120,'Postpaid',85.00,2,0,0.00,2,0.00,0.00,0,570.00,0,0,0,0,0,0,'2022-05-30 07:46:17'),
(1531,'506f980000000a82',3,6,39,75,3,'IDIGI0023','IDIGI1015','Water','00:00:00',120,'Postpaid',86.00,2,1,0.00,2,0.00,0.00,0,83435.00,0,0,0,0,0,0,'2022-05-30 07:46:17'),
(1532,'506f980000000d2f',3,6,37,72,3,'987456','IDIGI5001','Water','02:01:00',120,'Postpaid',85.00,2,0,0.00,2,0.00,0.00,0,80383.00,0,0,0,0,0,0,'2022-05-30 07:46:18'),
(1533,'506f980000000c93',3,6,39,76,3,'IDIGI0039','IDIGI1015','Water','02:03:04',120,'Postpaid',85.00,2,0,0.00,2,0.00,0.00,0,570.00,0,0,0,0,0,0,'2022-05-30 11:15:22'),
(1534,'506f980000000a82',3,6,39,75,3,'IDIGI0023','IDIGI1015','Water','00:00:00',120,'Postpaid',85.00,2,1,0.00,2,0.00,0.00,0,83435.00,0,0,0,0,0,0,'2022-05-30 11:15:23'),
(1535,'506f980000000d2f',3,6,37,72,3,'987456','IDIGI5001','Water','02:01:00',120,'Postpaid',85.00,2,0,0.00,2,0.00,0.00,0,80383.00,0,0,0,0,0,0,'2022-05-30 11:15:25'),
(1536,'506f980000000c93',3,6,39,76,3,'IDIGI0039','IDIGI1015','Water','02:03:04',120,'Postpaid',85.00,2,0,0.00,2,0.00,0.00,0,570.00,0,0,0,0,0,0,'2022-05-30 11:19:26'),
(1537,'506f980000000a82',3,6,39,75,3,'IDIGI0023','IDIGI1015','Water','00:00:00',120,'Postpaid',86.00,2,1,0.00,2,0.00,0.00,0,83435.00,0,0,0,0,0,0,'2022-05-30 11:19:27'),
(1538,'506f980000000d2f',3,6,37,72,3,'987456','IDIGI5001','Water','02:01:00',120,'Postpaid',85.00,2,0,0.00,2,0.00,0.00,0,80383.00,0,0,0,0,0,0,'2022-05-30 11:31:27'),
(1539,'506f980000000d20',3,6,38,73,3,'987457','IDIGI5002','Water','01:01:01',1440,'Postpaid',83.00,2,1,0.00,2,0.00,0.00,0,87969.00,0,0,0,0,0,0,'2022-05-30 11:51:29'),
(1540,'506f980000000c93',3,6,39,76,3,'IDIGI0039','IDIGI1015','Water','02:03:04',120,'Postpaid',85.00,2,0,0.00,2,0.00,0.00,0,575.00,0,0,0,0,0,0,'2022-05-30 13:19:30'),
(1541,'506f980000000a82',3,6,39,75,3,'IDIGI0023','IDIGI1015','Water','00:00:00',120,'Postpaid',85.00,2,1,0.00,2,0.00,0.00,0,83435.00,0,0,0,0,0,0,'2022-05-30 13:19:30'),
(1542,'506f980000000d2f',3,6,37,72,3,'987456','IDIGI5001','Water','02:01:00',120,'Postpaid',85.00,2,0,0.00,2,0.00,0.00,0,80383.00,0,0,0,0,0,0,'2022-05-30 13:31:31'),
(1543,'506f980000000c93',3,6,39,76,3,'IDIGI0039','IDIGI1015','Water','02:03:04',120,'Postpaid',85.00,2,0,0.00,2,0.00,0.00,0,582.00,0,0,0,0,0,0,'2022-05-30 15:17:34'),
(1544,'506f980000000c93',3,6,39,76,3,'IDIGI0039','IDIGI1015','Water','02:03:04',120,'Postpaid',85.00,2,0,0.00,2,0.00,0.00,0,582.00,0,0,0,0,0,0,'2022-05-30 15:21:44'),
(1545,'506f980000000a82',3,6,39,75,3,'IDIGI0023','IDIGI1015','Water','00:00:00',120,'Postpaid',86.00,2,1,0.00,2,0.00,0.00,0,83435.00,0,0,0,0,0,0,'2022-05-30 15:21:45'),
(1546,'506f980000000d2f',3,6,37,72,3,'987456','IDIGI5001','Water','02:01:00',120,'Postpaid',85.00,2,0,0.00,2,0.00,0.00,0,80383.00,0,0,0,0,0,0,'2022-05-30 15:31:45'),
(1547,'506f980000000c93',3,6,39,76,3,'IDIGI0039','IDIGI1015','Water','02:03:04',120,'Postpaid',85.00,2,0,0.00,2,0.00,0.00,0,589.00,0,0,0,0,0,0,'2022-05-30 17:19:10'),
(1548,'506f980000000a82',3,6,39,75,3,'IDIGI0023','IDIGI1015','Water','00:00:00',120,'Postpaid',85.00,2,1,0.00,2,0.00,0.00,0,83435.00,0,0,0,0,0,0,'2022-05-30 17:19:10'),
(1549,'506f980000000d2f',3,6,37,72,3,'987456','IDIGI5001','Water','02:01:00',120,'Postpaid',85.00,2,0,0.00,2,0.00,0.00,0,80383.00,0,0,0,0,0,0,'2022-05-30 17:31:11'),
(1550,'506f980000000c26',3,5,40,77,3,'12345678','CRN1021','Water','12:58:02',1440,'Postpaid',84.00,2,1,0.00,2,0.00,0.00,0,1634.00,0,0,0,0,0,0,'2022-05-30 19:20:49'),
(1551,'506f980000000c12',3,5,41,78,3,'789646','CRN10212','Water','01:01:01',1440,'Postpaid',82.00,2,1,0.00,2,0.00,0.00,0,1439.00,0,0,0,0,0,0,'2022-05-30 19:20:50'),
(1552,'506f980000000c1d',3,5,42,79,3,'25689','CRN1012','Water','02:01:00',1440,'Postpaid',86.00,2,1,0.00,2,0.00,0.00,0,422.00,0,0,0,0,0,0,'2022-05-30 19:20:50'),
(1553,'506F980000000C6B',3,5,35,69,3,'9874561','IDIGI1001','Water','23:36:00',2,'Postpaid',85.00,2,1,0.00,2,0.00,0.00,0,0.00,0,0,0,0,0,0,'2022-05-30 19:20:51'),
(1554,'506F980000000C6B',3,5,35,69,3,'9874561','IDIGI1001','Water','23:36:00',2,'Postpaid',83.00,2,1,0.00,2,0.00,0.00,0,0.00,0,0,0,0,0,0,'2022-05-30 19:22:55'),
(1555,'506F980000000C6B',3,5,35,69,3,'9874561','IDIGI1001','Water','23:36:00',2,'Postpaid',85.00,2,1,0.00,2,0.00,0.00,0,0.00,0,0,0,0,0,0,'2022-05-30 19:24:56'),
(1556,'506F980000000C6B',3,5,35,69,3,'9874561','IDIGI1001','Water','23:36:00',2,'Postpaid',85.00,2,1,0.00,2,0.00,0.00,0,0.00,0,0,0,0,0,0,'2022-05-30 19:27:00'),
(1557,'506F980000000C6B',3,5,35,69,3,'9874561','IDIGI1001','Water','23:36:00',2,'Postpaid',85.00,2,1,0.00,2,0.00,0.00,0,0.00,0,0,0,0,0,0,'2022-05-30 19:29:00'),
(1558,'506F980000000C6B',3,5,35,69,3,'9874561','IDIGI1001','Water','23:36:00',2,'Postpaid',85.00,2,1,0.00,2,0.00,0.00,0,0.00,0,0,0,0,0,0,'2022-05-30 19:31:01'),
(1559,'506F980000000C6B',3,5,35,69,3,'9874561','IDIGI1001','Water','23:36:00',2,'Postpaid',85.00,2,1,0.00,2,0.00,0.00,0,0.00,0,0,0,0,0,0,'2022-05-30 19:45:01'),
(1560,'506F980000000C6B',3,5,35,69,3,'9874561','IDIGI1001','Water','23:36:00',2,'Postpaid',84.00,2,1,0.00,2,0.00,0.00,0,0.00,0,0,0,0,0,0,'2022-05-30 19:47:02'),
(1561,'506F980000000C6B',3,5,35,69,3,'9874561','IDIGI1001','Water','23:36:00',2,'Postpaid',84.00,2,1,0.00,2,0.00,0.00,0,0.00,0,0,0,0,0,0,'2022-05-30 19:49:02'),
(1562,'506F980000000C6B',3,5,35,69,3,'9874561','IDIGI1001','Water','23:36:00',2,'Postpaid',85.00,2,1,0.00,2,0.00,0.00,0,0.00,0,0,0,0,0,0,'2022-05-30 19:51:06'),
(1563,'506F980000000C6B',3,5,35,69,3,'9874561','IDIGI1001','Water','23:36:00',2,'Postpaid',85.00,2,1,0.00,2,0.00,0.00,0,0.00,0,0,0,0,0,0,'2022-05-30 19:53:07'),
(1564,'506F980000000C6B',3,5,35,69,3,'9874561','IDIGI1001','Water','23:36:00',2,'Postpaid',85.00,2,1,0.00,2,0.00,0.00,0,0.00,0,0,0,0,0,0,'2022-05-30 19:55:07'),
(1565,'506f980000000d04',3,6,43,80,4,'20220303146','CRN2252','Gas','00:00:00',1,'Postpaid',84.00,2,0,0.00,2,0.00,0.00,0,16.00,0,0,0,0,0,0,'2022-05-30 20:03:18'),
(1566,'506f980000000d04',3,6,43,80,4,'20220303146','CRN2252','Gas','00:00:00',1,'Prepaid',84.00,2,0,0.00,2,0.00,0.00,0,16.00,0,0,0,0,0,0,'2022-05-30 20:05:19'),
(1567,'506f980000000d04',3,6,43,80,4,'20220303146','CRN2252','Gas','00:00:00',1,'Prepaid',84.00,2,0,0.00,2,0.00,0.00,0,16.00,0,0,0,0,0,0,'2022-05-30 20:07:19'),
(1568,'506f980000000d04',3,6,43,80,4,'20220303146','CRN2252','Gas','00:00:00',1,'Prepaid',84.00,2,0,0.00,2,0.00,0.00,0,16.00,0,0,0,0,0,0,'2022-05-30 20:09:24'),
(1569,'506f980000000d04',3,6,43,80,4,'20220303146','CRN2252','Gas','00:00:00',2,'Prepaid',84.00,2,0,0.00,2,0.00,0.00,0,27.00,0,0,0,0,0,0,'2022-05-30 20:11:24'),
(1570,'506f980000000d04',3,6,43,80,4,'20220303146','CRN2252','Gas','00:00:00',2,'Prepaid',84.00,2,0,0.00,2,0.00,0.00,0,27.00,0,0,0,0,0,0,'2022-05-30 20:13:24'),
(1571,'506f980000000d04',3,6,43,80,4,'20220303146','CRN2252','Gas','00:00:00',2,'Prepaid',85.00,2,0,0.00,2,0.00,0.00,0,27.00,0,0,0,0,0,0,'2022-05-30 20:15:25'),
(1572,'506f980000000d04',3,6,43,80,4,'20220303146','CRN2252','Gas','00:00:00',2,'Prepaid',85.00,2,0,0.00,2,0.00,0.00,0,27.00,0,0,0,0,0,0,'2022-05-30 20:17:25'),
(1573,'506f980000000d04',3,6,43,80,4,'20220303146','CRN2252','Gas','00:00:00',2,'Prepaid',85.00,2,0,0.00,2,0.00,0.00,0,27.00,0,0,0,0,0,0,'2022-05-30 20:19:25'),
(1574,'506f980000000d04',3,6,43,80,4,'20220303146','CRN2252','Gas','00:00:00',2,'Prepaid',85.00,2,0,0.00,2,0.00,0.00,0,27.00,0,0,0,0,0,0,'2022-05-30 20:21:26'),
(1575,'506f980000000d04',3,6,43,80,4,'20220303146','CRN2252','Gas','00:00:00',2,'Prepaid',85.00,2,0,0.00,2,0.00,0.00,0,27.00,0,0,0,0,0,0,'2022-05-30 20:23:26');

/*Table structure for table `billingdetails` */

DROP TABLE IF EXISTS `billingdetails`;

CREATE TABLE `billingdetails` (
  `BillingID` bigint(20) NOT NULL AUTO_INCREMENT,
  `CommunityID` int(11) NOT NULL,
  `BlockID` int(11) NOT NULL,
  `CustomerID` bigint(20) NOT NULL,
  `CustomerUniqueID` varchar(500) NOT NULL,
  `CustomerMeterID` bigint(20) NOT NULL,
  `MeterType` varchar(100) NOT NULL,
  `MIUID` varchar(100) NOT NULL,
  `PreviousReading` decimal(10,2) NOT NULL,
  `PresentReading` decimal(10,2) NOT NULL,
  `Consumption` float NOT NULL,
  `TariffID` int(11) NOT NULL,
  `Tariff` float NOT NULL,
  `BillAmount` float NOT NULL,
  `BillMonth` int(11) DEFAULT NULL,
  `BillYear` int(11) DEFAULT NULL,
  `LogDate` timestamp NOT NULL DEFAULT CURRENT_TIMESTAMP,
  `ModifiedDate` datetime DEFAULT NULL,
  PRIMARY KEY (`BillingID`)
) ENGINE=InnoDB AUTO_INCREMENT=31 DEFAULT CHARSET=latin1;

/*Data for the table `billingdetails` */

insert  into `billingdetails`(`BillingID`,`CommunityID`,`BlockID`,`CustomerID`,`CustomerUniqueID`,`CustomerMeterID`,`MeterType`,`MIUID`,`PreviousReading`,`PresentReading`,`Consumption`,`TariffID`,`Tariff`,`BillAmount`,`BillMonth`,`BillYear`,`LogDate`,`ModifiedDate`) values 
(9,3,5,35,'IDIGI1001',68,'Water','506f980000000aaa',30922.00,46846.00,15924,2,1,15924,3,2022,'2022-04-26 18:34:39',NULL),
(10,3,5,35,'IDIGI1001',69,'Water','506f980000000aac',5220.00,5771.00,551,2,1,551,3,2022,'2022-04-26 18:34:39',NULL),
(11,3,5,36,'IDIGI1002',70,'Water','506f980000000aab',5777.00,5838.00,61,2,1,61,3,2022,'2022-04-26 18:34:39',NULL),
(12,3,5,36,'IDIGI1002',71,'Water','506f980000000aad',0.00,0.00,0,2,1,0,3,2022,'2022-04-26 18:34:39',NULL),
(28,3,6,37,'IDIGI5001',72,'Water','506f980000000d2f',5109.00,8836.00,3727,2,1,3727,4,2022,'2022-05-31 00:15:13',NULL),
(29,3,6,38,'IDIGI5002',73,'Water','506f980000000d20',7091.00,7091.00,0,2,1,0,4,2022,'2022-05-31 00:15:13',NULL),
(30,3,6,39,'IDIGI1015',75,'Water','506f980000000a82',5536.00,8342.00,2806,2,1,2806,4,2022,'2022-05-31 00:15:13',NULL);

/*Table structure for table `billingpaymentdetails` */

DROP TABLE IF EXISTS `billingpaymentdetails`;

CREATE TABLE `billingpaymentdetails` (
  `TransactionID` bigint(20) NOT NULL AUTO_INCREMENT,
  `CustomerBillingID` bigint(20) NOT NULL,
  `CustomerID` bigint(20) NOT NULL,
  `CustomerUniqueID` varchar(100) NOT NULL,
  `TotalAmount` float NOT NULL,
  `LateFee` float DEFAULT NULL,
  `Source` varchar(10) NOT NULL,
  `ModeOfPayment` varchar(50) NOT NULL,
  `PaymentStatus` tinyint(3) unsigned NOT NULL DEFAULT '0',
  `RazorPayOrderID` varchar(50) DEFAULT NULL,
  `RazorPayPaymentID` varchar(50) DEFAULT NULL,
  `RazorPaySignature` varchar(5000) DEFAULT NULL,
  `ErrorResponse` varchar(10000) DEFAULT NULL,
  `RazorPayRefundID` varchar(50) DEFAULT NULL,
  `RazorPayRefundStatus` varchar(50) DEFAULT NULL,
  `RazorPayRefundEntity` varchar(10000) DEFAULT NULL,
  `CreatedByID` int(11) NOT NULL,
  `CreatedByRoleID` int(11) NOT NULL,
  `TransactionDate` timestamp NOT NULL DEFAULT CURRENT_TIMESTAMP,
  `AcknowledgeDate` datetime DEFAULT NULL,
  PRIMARY KEY (`TransactionID`)
) ENGINE=InnoDB AUTO_INCREMENT=3 DEFAULT CHARSET=latin1;

/*Data for the table `billingpaymentdetails` */

/*Table structure for table `block` */

DROP TABLE IF EXISTS `block`;

CREATE TABLE `block` (
  `BlockID` bigint(20) NOT NULL AUTO_INCREMENT,
  `BlockName` varchar(80) NOT NULL,
  `Location` varchar(300) DEFAULT NULL,
  `MobileNumber` varchar(10) DEFAULT NULL,
  `Email` varchar(300) DEFAULT NULL,
  `CommunityID` int(11) NOT NULL,
  `CreatedByID` int(11) NOT NULL,
  `CreatedByRoleID` tinyint(4) NOT NULL,
  `CreatedDate` datetime NOT NULL,
  `ModifiedDate` datetime NOT NULL,
  PRIMARY KEY (`BlockID`)
) ENGINE=InnoDB AUTO_INCREMENT=7 DEFAULT CHARSET=latin1;

/*Data for the table `block` */

insert  into `block`(`BlockID`,`BlockName`,`Location`,`MobileNumber`,`Email`,`CommunityID`,`CreatedByID`,`CreatedByRoleID`,`CreatedDate`,`ModifiedDate`) values 
(5,'Chennai','Chennai','9703668598','kasamsettysri@gmail.com',3,1,1,'2022-03-08 17:28:45','2022-03-08 17:28:45'),
(6,'Delhi','ghagiabadh','9391032993','nookaraj@yahoo.co.in',3,1,1,'2022-04-29 19:03:49','2022-04-29 19:03:49');

/*Table structure for table `command` */

DROP TABLE IF EXISTS `command`;

CREATE TABLE `command` (
  `TransactionID` bigint(20) NOT NULL AUTO_INCREMENT,
  `CustomerID` bigint(20) NOT NULL,
  `CustomerMeterID` bigint(20) NOT NULL,
  `MIUID` varchar(80) NOT NULL,
  `CustomerUniqueID` varchar(100) NOT NULL,
  `CreatedDate` timestamp NULL DEFAULT CURRENT_TIMESTAMP,
  PRIMARY KEY (`TransactionID`)
) ENGINE=InnoDB AUTO_INCREMENT=81 DEFAULT CHARSET=latin1;

/*Data for the table `command` */

/*Table structure for table `commanddetails` */

DROP TABLE IF EXISTS `commanddetails`;

CREATE TABLE `commanddetails` (
  `CommandDetailsID` bigint(20) NOT NULL AUTO_INCREMENT,
  `TransactionID` bigint(20) NOT NULL,
  `CommandType` int(11) NOT NULL,
  `Value` varchar(500) NOT NULL,
  `Status` tinyint(4) NOT NULL DEFAULT '10',
  `RegisteredDate` timestamp NOT NULL DEFAULT CURRENT_TIMESTAMP,
  `ModifiedDate` datetime DEFAULT NULL,
  PRIMARY KEY (`CommandDetailsID`)
) ENGINE=InnoDB AUTO_INCREMENT=76 DEFAULT CHARSET=latin1;

/*Data for the table `commanddetails` */

/*Table structure for table `community` */

DROP TABLE IF EXISTS `community`;

CREATE TABLE `community` (
  `CommunityID` bigint(20) NOT NULL AUTO_INCREMENT,
  `CommunityName` varchar(100) NOT NULL,
  `Email` varchar(100) NOT NULL,
  `MobileNumber` varchar(10) NOT NULL,
  `Address` varchar(300) NOT NULL,
  `CreatedDate` datetime NOT NULL,
  `ModifiedDate` datetime DEFAULT NULL,
  PRIMARY KEY (`CommunityID`)
) ENGINE=InnoDB AUTO_INCREMENT=5 DEFAULT CHARSET=latin1;

/*Data for the table `community` */

insert  into `community`(`CommunityID`,`CommunityName`,`Email`,`MobileNumber`,`Address`,`CreatedDate`,`ModifiedDate`) values 
(3,'IDIGI','kasamsettysri@gmail.com','9640775555','HYDERABAD','2022-03-08 17:25:31',NULL),
(4,'HYDDEMO','kasamsettysri@gmail.com','9703668598','Plot no 88, Panchasheel enclave','2022-04-29 19:05:19','2022-05-30 11:18:30');

/*Table structure for table `customerbillingdetails` */

DROP TABLE IF EXISTS `customerbillingdetails`;

CREATE TABLE `customerbillingdetails` (
  `CustomerBillingID` bigint(20) NOT NULL AUTO_INCREMENT,
  `CommunityID` int(11) NOT NULL,
  `BlockID` int(11) NOT NULL,
  `CustomerID` bigint(20) NOT NULL,
  `CustomerUniqueID` varchar(500) NOT NULL,
  `TotalAmount` float NOT NULL,
  `TaxAmount` float NOT NULL,
  `TotalConsumption` int(11) NOT NULL,
  `PreviousDues` float DEFAULT NULL,
  `Status` tinyint(4) NOT NULL DEFAULT '0',
  `DueDate` date NOT NULL,
  `BillMonth` int(11) DEFAULT NULL,
  `BillYear` int(11) DEFAULT NULL,
  `LogDate` timestamp NOT NULL DEFAULT CURRENT_TIMESTAMP,
  `ModifiedDate` datetime DEFAULT NULL,
  PRIMARY KEY (`CustomerBillingID`)
) ENGINE=InnoDB AUTO_INCREMENT=64 DEFAULT CHARSET=latin1;

/*Data for the table `customerbillingdetails` */

insert  into `customerbillingdetails`(`CustomerBillingID`,`CommunityID`,`BlockID`,`CustomerID`,`CustomerUniqueID`,`TotalAmount`,`TaxAmount`,`TotalConsumption`,`PreviousDues`,`Status`,`DueDate`,`BillMonth`,`BillYear`,`LogDate`,`ModifiedDate`) values 
(36,3,5,35,'IDIGI1001',0,0,0,0,0,'2022-03-20',2,2022,'2022-03-10 12:54:28','2022-03-10 12:54:28'),
(37,3,5,35,'IDIGI1001',16475,2965.5,16475,0,0,'2022-05-06',3,2022,'2022-04-26 18:34:39','2022-04-26 18:34:39'),
(38,3,5,36,'IDIGI1002',61,10.98,61,0,0,'2022-05-06',3,2022,'2022-04-26 18:34:43','2022-04-26 18:34:43'),
(59,3,5,35,'IDIGI1001',0,0,0,0,0,'2022-06-10',4,2022,'2022-05-31 00:15:13','2022-05-31 00:15:13'),
(60,3,5,36,'IDIGI1002',0,0,0,0,0,'2022-06-10',4,2022,'2022-05-31 00:15:14','2022-05-31 00:15:14'),
(61,3,6,37,'IDIGI5001',3727,670.86,3727,0,0,'2022-06-10',4,2022,'2022-05-31 00:15:14','2022-05-31 00:15:14'),
(62,3,6,38,'IDIGI5002',0,0,0,0,0,'2022-06-10',4,2022,'2022-05-31 00:15:14','2022-05-31 00:15:14'),
(63,3,6,39,'IDIGI1015',2806,505.08,2806,0,0,'2022-06-10',4,2022,'2022-05-31 00:15:14','2022-05-31 00:15:14');

/*Table structure for table `customerdeletedetails` */

DROP TABLE IF EXISTS `customerdeletedetails`;

CREATE TABLE `customerdeletedetails` (
  `CustomerDeleteID` int(11) NOT NULL AUTO_INCREMENT,
  `CustomerID` int(11) NOT NULL,
  `CommunityID` int(11) NOT NULL,
  `BlockID` int(11) NOT NULL,
  `HouseNumber` varchar(30) NOT NULL,
  `FirstName` varchar(50) NOT NULL,
  `LastName` varchar(50) NOT NULL,
  `Email` varchar(100) NOT NULL,
  `MobileNumber` varchar(10) NOT NULL,
  `ActiveStatus` tinyint(4) DEFAULT NULL,
  `CustomerUniqueID` varchar(50) NOT NULL,
  `CreatedByID` int(11) NOT NULL,
  `CreatedByRoleID` tinyint(4) NOT NULL,
  `RegistrationDate` timestamp NOT NULL DEFAULT CURRENT_TIMESTAMP,
  `ModifiedDate` datetime DEFAULT NULL,
  PRIMARY KEY (`CustomerDeleteID`,`CustomerUniqueID`),
  UNIQUE KEY `CRNNumber` (`CustomerUniqueID`)
) ENGINE=InnoDB AUTO_INCREMENT=15 DEFAULT CHARSET=latin1;

/*Data for the table `customerdeletedetails` */

/*Table structure for table `customerdeletemeter` */

DROP TABLE IF EXISTS `customerdeletemeter`;

CREATE TABLE `customerdeletemeter` (
  `CustomerMeterDeleteID` bigint(20) NOT NULL AUTO_INCREMENT,
  `CustomerMeterID` bigint(20) NOT NULL,
  `CustomerID` bigint(20) NOT NULL,
  `CustomerUniqueID` varchar(50) NOT NULL,
  `MIUID` varchar(100) NOT NULL,
  `MeterSerialNumber` varchar(100) NOT NULL,
  `MeterType` varchar(12) NOT NULL,
  `MeterSizeID` int(11) NOT NULL,
  `PayType` varchar(10) NOT NULL,
  `TariffID` int(11) NOT NULL,
  `Location` varchar(100) DEFAULT NULL,
  `ThresholdMaximum` float NOT NULL,
  `ThresholdMinimum` float NOT NULL,
  `RegisteredDate` timestamp NOT NULL DEFAULT CURRENT_TIMESTAMP,
  `ModifiedDate` datetime NOT NULL,
  PRIMARY KEY (`CustomerMeterDeleteID`)
) ENGINE=InnoDB AUTO_INCREMENT=30 DEFAULT CHARSET=latin1;

/*Data for the table `customerdeletemeter` */

/*Table structure for table `customerdetails` */

DROP TABLE IF EXISTS `customerdetails`;

CREATE TABLE `customerdetails` (
  `CustomerID` int(11) NOT NULL AUTO_INCREMENT,
  `CommunityID` int(11) NOT NULL,
  `BlockID` int(11) NOT NULL,
  `HouseNumber` varchar(50) NOT NULL,
  `FirstName` varchar(50) NOT NULL,
  `LastName` varchar(50) NOT NULL,
  `Email` varchar(100) NOT NULL,
  `MobileNumber` varchar(10) NOT NULL,
  `ActiveStatus` tinyint(4) DEFAULT NULL,
  `CustomerUniqueID` varchar(50) NOT NULL,
  `CreatedByID` int(11) NOT NULL,
  `CreatedByRoleID` tinyint(4) NOT NULL,
  `RegistrationDate` timestamp NOT NULL DEFAULT CURRENT_TIMESTAMP,
  `ModifiedDate` datetime DEFAULT NULL,
  PRIMARY KEY (`CustomerID`,`CustomerUniqueID`),
  UNIQUE KEY `CRNNumber` (`CustomerUniqueID`)
) ENGINE=InnoDB AUTO_INCREMENT=44 DEFAULT CHARSET=latin1;

/*Data for the table `customerdetails` */

insert  into `customerdetails`(`CustomerID`,`CommunityID`,`BlockID`,`HouseNumber`,`FirstName`,`LastName`,`Email`,`MobileNumber`,`ActiveStatus`,`CustomerUniqueID`,`CreatedByID`,`CreatedByRoleID`,`RegistrationDate`,`ModifiedDate`) values 
(35,3,5,'12345','Chennai','Chennai1','kasamsettysri@gmail.com','9703668598',1,'IDIGI1001',1,1,'2022-03-08 17:43:08','2022-05-30 19:19:55'),
(36,3,5,'11117','TESTING2','Testing','K@gmail.com','9000000001',1,'IDIGI1002',43,2,'2022-03-15 16:29:04','2022-03-15 16:29:04'),
(37,3,6,'12345','srinivas','test1','nookaraj@yahoo.co.in','7659060022',1,'IDIGI5001',1,1,'2022-04-29 19:07:47','2022-05-04 18:00:02'),
(38,3,6,'12346','srinivas','raju','nookaraj@yahoo.co.in','7659060022',1,'IDIGI5002',1,1,'2022-04-29 19:10:33','2022-04-29 19:10:33'),
(39,3,6,'Float482','TESTING32','Testibg','nookaraj@yahoo.co.in','9000000001',1,'IDIGI1015',1,1,'2022-04-30 10:18:45','2022-05-04 17:53:34'),
(40,3,5,'4863','demo12','Demo2','k@gmail.com','9000000001',1,'CRN1021',1,1,'2022-05-30 11:44:47','2022-05-30 14:48:40'),
(41,3,5,'4893','Demo123','demo2','s@gamil.com','9000000001',1,'CRN10212',1,1,'2022-05-30 14:39:03','2022-05-30 14:48:27'),
(42,3,5,'2586','Demo12','vgsdfp','D@gmail.com','9000000001',1,'CRN1012',1,1,'2022-05-30 15:01:25','2022-05-30 15:01:25'),
(43,3,6,'4865','Gasmeter','meter','k@gmail.com','9000000001',1,'CRN2252',1,1,'2022-05-30 20:02:11','2022-05-30 20:05:40');

/*Table structure for table `customermeterdetails` */

DROP TABLE IF EXISTS `customermeterdetails`;

CREATE TABLE `customermeterdetails` (
  `CustomerMeterID` bigint(20) NOT NULL AUTO_INCREMENT,
  `CustomerID` bigint(20) NOT NULL,
  `CustomerUniqueID` varchar(50) NOT NULL,
  `MIUID` varchar(100) NOT NULL,
  `MeterSerialNumber` varchar(100) NOT NULL,
  `MeterType` varchar(12) NOT NULL,
  `MeterSizeID` int(11) NOT NULL,
  `PayType` varchar(10) NOT NULL,
  `TariffID` int(11) NOT NULL,
  `GatewayID` int(11) NOT NULL,
  `Location` varchar(100) DEFAULT NULL,
  `ThresholdMaximum` float NOT NULL,
  `ThresholdMinimum` float NOT NULL,
  `RegisteredDate` timestamp NOT NULL DEFAULT CURRENT_TIMESTAMP,
  `ModifiedDate` datetime NOT NULL,
  PRIMARY KEY (`CustomerMeterID`)
) ENGINE=InnoDB AUTO_INCREMENT=81 DEFAULT CHARSET=latin1;

/*Data for the table `customermeterdetails` */

insert  into `customermeterdetails`(`CustomerMeterID`,`CustomerID`,`CustomerUniqueID`,`MIUID`,`MeterSerialNumber`,`MeterType`,`MeterSizeID`,`PayType`,`TariffID`,`GatewayID`,`Location`,`ThresholdMaximum`,`ThresholdMinimum`,`RegisteredDate`,`ModifiedDate`) values 
(68,35,'IDIGI1001','506f980000000aaa','987456','Water',3,'Postpaid',2,4,'Hall1',0,0,'2022-03-08 17:43:08','2022-05-30 19:19:56'),
(69,35,'IDIGI1001','506f980000000c6b','9874561','Water',3,'Postpaid',2,4,'hall2',0,0,'2022-03-08 17:43:08','2022-05-30 19:19:56'),
(70,36,'IDIGI1002','506f980000000aab','IDIGI0008','Water',3,'Postpaid',2,4,'HALL',0,0,'2022-03-15 16:29:04','2022-03-15 16:29:04'),
(71,36,'IDIGI1002','506f980000000aad','IDIGI0013','Water',3,'Postpaid',2,4,'HALL1',0,0,'2022-03-15 16:29:04','2022-03-15 16:29:04'),
(72,37,'IDIGI5001','506f980000000d2f','987456','Water',3,'Postpaid',2,4,'Hall1',0,0,'2022-04-29 19:07:47','2022-05-04 18:00:02'),
(73,38,'IDIGI5002','506f980000000d20','987457','Water',3,'Postpaid',2,4,'Hall1',0,0,'2022-04-29 19:10:33','2022-04-29 19:10:33'),
(74,39,'IDIGI1015','506f980000000b90','IDIGI0008','Water',3,'Postpaid',2,4,'HALL',0,0,'2022-04-30 10:18:45','2022-05-04 17:53:34'),
(75,39,'IDIGI1015','506f980000000a82','IDIGI0023','Water',3,'Postpaid',2,4,'HALL1',0,0,'2022-04-30 10:18:45','2022-05-04 17:53:34'),
(76,39,'IDIGI1015','506f980000000c93','IDIGI0039','Water',3,'Postpaid',2,4,'HALL2',0,0,'2022-04-30 10:18:45','2022-05-04 17:53:34'),
(77,40,'CRN1021','506f980000000c26','12345678','Water',3,'Prepaid',2,4,'hall',0,0,'2022-05-30 11:44:47','2022-05-30 14:48:40'),
(78,41,'CRN10212','506f980000000c12','789646','Water',3,'Prepaid',2,4,'hall2',0,0,'2022-05-30 14:39:03','2022-05-30 14:48:27'),
(79,42,'CRN1012','506f980000000c1d','25689','Water',3,'Prepaid',2,4,'hall',0,0,'2022-05-30 15:01:25','2022-05-30 15:01:25'),
(80,43,'CRN2252','506f980000000d04','20220303146','Gas',4,'Prepaid',2,4,'hall',0,0,'2022-05-30 20:02:11','2022-05-30 20:05:40');

/*Table structure for table `displaybalancelog` */

DROP TABLE IF EXISTS `displaybalancelog`;

CREATE TABLE `displaybalancelog` (
  `ReadingID` bigint(20) NOT NULL AUTO_INCREMENT,
  `MainBalanceLogID` bigint(20) NOT NULL,
  `MIUID` varchar(100) NOT NULL,
  `CommunityID` int(11) DEFAULT NULL,
  `BlockID` int(11) DEFAULT NULL,
  `CustomerID` bigint(20) DEFAULT NULL,
  `CustomerMeterID` bigint(20) DEFAULT NULL,
  `MeterSizeID` int(11) DEFAULT NULL,
  `MeterSerialNumber` varchar(100) DEFAULT NULL,
  `CustomerUniqueID` varchar(100) DEFAULT NULL,
  `MeterType` varchar(100) NOT NULL,
  `SyncTime` varchar(100) NOT NULL,
  `SyncInterval` int(11) NOT NULL,
  `PayType` varchar(100) NOT NULL,
  `BatteryVoltage` decimal(10,2) NOT NULL,
  `ValveConfiguration` tinyint(4) NOT NULL,
  `ValveStatus` tinyint(4) NOT NULL,
  `Balance` decimal(10,2) NOT NULL,
  `TariffID` int(11) DEFAULT NULL,
  `Tariff` decimal(10,2) NOT NULL,
  `EmergencyCredit` decimal(10,2) NOT NULL,
  `Minutes` bigint(20) DEFAULT NULL,
  `Reading` decimal(10,2) NOT NULL,
  `DoorOpenTamper` tinyint(4) DEFAULT NULL,
  `MagneticTamper` tinyint(4) DEFAULT NULL,
  `Vacation` tinyint(4) DEFAULT NULL,
  `RTCFault` tinyint(4) DEFAULT NULL,
  `LowBattery` tinyint(4) DEFAULT NULL,
  `LowBalance` tinyint(4) DEFAULT NULL,
  `LogDate` datetime NOT NULL,
  PRIMARY KEY (`ReadingID`)
) ENGINE=InnoDB AUTO_INCREMENT=43 DEFAULT CHARSET=latin1;

/*Data for the table `displaybalancelog` */

insert  into `displaybalancelog`(`ReadingID`,`MainBalanceLogID`,`MIUID`,`CommunityID`,`BlockID`,`CustomerID`,`CustomerMeterID`,`MeterSizeID`,`MeterSerialNumber`,`CustomerUniqueID`,`MeterType`,`SyncTime`,`SyncInterval`,`PayType`,`BatteryVoltage`,`ValveConfiguration`,`ValveStatus`,`Balance`,`TariffID`,`Tariff`,`EmergencyCredit`,`Minutes`,`Reading`,`DoorOpenTamper`,`MagneticTamper`,`Vacation`,`RTCFault`,`LowBattery`,`LowBalance`,`LogDate`) values 
(29,1038,'506f980000000aaa',3,5,35,68,3,'987456','IDIGI1001','Water','12:30:00',480,'Postpaid',86.00,2,0,0.00,2,0.00,0.00,0,46846.00,0,0,0,0,0,0,'2022-03-30 11:39:00'),
(30,1564,'506F980000000C6B',3,5,35,69,3,'9874561','IDIGI1001','Water','23:36:00',2,'Postpaid',85.00,2,1,0.00,2,0.00,0.00,0,0.00,0,0,0,0,0,0,'2022-05-30 19:55:07'),
(31,1028,'506f980000000aad',3,5,36,71,3,'IDIGI0013','IDIGI1002','Water','02:02:02',60,'Postpaid',19.00,2,0,0.00,2,0.00,0.00,0,0.00,0,0,0,0,0,0,'2022-03-16 17:30:14'),
(32,1027,'506f980000000aab',3,5,36,70,3,'IDIGI0008','IDIGI1002','Water','00:03:00',2,'Postpaid',84.00,2,0,0.00,2,0.00,0.00,0,5838.00,0,0,0,0,0,0,'2022-03-16 17:30:13'),
(33,1539,'506f980000000d20',3,6,38,73,3,'987457','IDIGI5002','Water','01:01:01',1440,'Postpaid',83.00,2,1,0.00,2,0.00,0.00,0,87969.00,0,0,0,0,0,0,'2022-05-30 11:51:29'),
(34,1549,'506f980000000d2f',3,6,37,72,3,'987456','IDIGI5001','Water','02:01:00',120,'Postpaid',85.00,2,0,0.00,2,0.00,0.00,0,80383.00,0,0,0,0,0,0,'2022-05-30 17:31:11'),
(35,1548,'506f980000000a82',3,6,39,75,3,'IDIGI0023','IDIGI1015','Water','00:00:00',120,'Postpaid',85.00,2,1,0.00,2,0.00,0.00,0,83435.00,0,0,0,0,0,0,'2022-05-30 17:19:10'),
(36,1547,'506f980000000c93',3,6,39,76,3,'IDIGI0039','IDIGI1015','Water','02:03:04',120,'Postpaid',85.00,2,0,0.00,2,0.00,0.00,0,589.00,0,0,0,0,0,0,'2022-05-30 17:19:10'),
(37,1529,'506f980000000b90',3,6,39,74,3,'IDIGI0008','IDIGI1015','Water','02:02:02',120,'Postpaid',85.00,2,1,0.00,2,0.00,0.00,0,9776.00,0,0,0,0,0,0,'2022-05-30 07:46:16'),
(38,1550,'506f980000000c26',3,5,40,77,3,'12345678','CRN1021','Water','12:58:02',1440,'Postpaid',84.00,2,1,0.00,2,0.00,0.00,0,1634.00,0,0,0,0,0,0,'2022-05-30 19:20:49'),
(39,1551,'506f980000000c12',3,5,41,78,3,'789646','CRN10212','Water','01:01:01',1440,'Postpaid',82.00,2,1,0.00,2,0.00,0.00,0,1439.00,0,0,0,0,0,0,'2022-05-30 19:20:50'),
(40,1552,'506f980000000c1d',3,5,42,79,3,'25689','CRN1012','Water','02:01:00',1440,'Postpaid',86.00,2,1,0.00,2,0.00,0.00,0,422.00,0,0,0,0,0,0,'2022-05-30 19:20:50'),
(41,1564,'506F980000000C6B',3,5,35,69,3,'9874561','IDIGI1001','Water','23:36:00',2,'Postpaid',85.00,2,1,0.00,2,0.00,0.00,0,0.00,0,0,0,0,0,0,'2022-05-30 19:55:07'),
(42,1575,'506f980000000d04',3,6,43,80,4,'20220303146','CRN2252','Gas','00:00:00',2,'Prepaid',85.00,2,0,0.00,2,0.00,0.00,0,27.00,0,0,0,0,0,0,'2022-05-30 20:23:26');

/*Table structure for table `feedback` */

DROP TABLE IF EXISTS `feedback`;

CREATE TABLE `feedback` (
  `FeedbackID` bigint(20) NOT NULL AUTO_INCREMENT,
  `Feedback` varchar(200) DEFAULT NULL,
  `Description` varchar(2000) DEFAULT NULL,
  `Status` int(11) NOT NULL DEFAULT '0',
  `CommunityID` int(11) NOT NULL,
  `BlockID` int(11) NOT NULL,
  `CustomerID` int(11) NOT NULL,
  `CustomerUniqueID` varchar(50) NOT NULL,
  `Remarks` varchar(2000) DEFAULT NULL,
  `RegisteredDate` timestamp NOT NULL DEFAULT CURRENT_TIMESTAMP,
  `ModifiedDate` datetime NOT NULL,
  PRIMARY KEY (`FeedbackID`)
) ENGINE=InnoDB AUTO_INCREMENT=3 DEFAULT CHARSET=latin1;

/*Data for the table `feedback` */

/*Table structure for table `gateway` */

DROP TABLE IF EXISTS `gateway`;

CREATE TABLE `gateway` (
  `GatewayID` int(11) NOT NULL AUTO_INCREMENT,
  `GatewayName` varchar(100) DEFAULT NULL,
  `GatewaySerialNumber` varchar(100) NOT NULL,
  `GatewayIP` varchar(100) NOT NULL,
  `GatewayPort` int(11) DEFAULT NULL,
  `RegisteredDate` datetime NOT NULL,
  `ModifiedDate` timestamp NOT NULL DEFAULT CURRENT_TIMESTAMP,
  PRIMARY KEY (`GatewayID`)
) ENGINE=InnoDB AUTO_INCREMENT=5 DEFAULT CHARSET=latin1;

/*Data for the table `gateway` */

insert  into `gateway`(`GatewayID`,`GatewayName`,`GatewaySerialNumber`,`GatewayIP`,`GatewayPort`,`RegisteredDate`,`ModifiedDate`) values 
(4,'Gateway','123456','49.207.3.214',9090,'2022-03-08 17:34:36','2022-03-08 17:34:36');

/*Table structure for table `mailsettings` */

DROP TABLE IF EXISTS `mailsettings`;

CREATE TABLE `mailsettings` (
  `Host` varchar(50) NOT NULL,
  `User` varchar(50) NOT NULL,
  `Password` varchar(50) NOT NULL,
  `port` varchar(50) NOT NULL,
  `FromMail` varchar(50) NOT NULL,
  `ToMail` varchar(50) NOT NULL,
  `Subject` varchar(60) NOT NULL,
  `Text` varchar(60) NOT NULL,
  `CommunityID` int(11) NOT NULL
) ENGINE=InnoDB DEFAULT CHARSET=latin1;

/*Data for the table `mailsettings` */

/*Table structure for table `metersize` */

DROP TABLE IF EXISTS `metersize`;

CREATE TABLE `metersize` (
  `MeterSizeID` int(11) NOT NULL AUTO_INCREMENT,
  `MeterType` varchar(100) NOT NULL,
  `MeterSize` int(11) NOT NULL,
  `PerUnitValue` decimal(10,2) NOT NULL,
  `CreatedDate` datetime NOT NULL,
  `ModifiedDate` timestamp NULL DEFAULT CURRENT_TIMESTAMP,
  PRIMARY KEY (`MeterSizeID`)
) ENGINE=InnoDB AUTO_INCREMENT=5 DEFAULT CHARSET=latin1;

/*Data for the table `metersize` */

insert  into `metersize`(`MeterSizeID`,`MeterType`,`MeterSize`,`PerUnitValue`,`CreatedDate`,`ModifiedDate`) values 
(3,'Water',20,1.00,'2022-03-08 17:35:01','2022-03-08 17:35:01'),
(4,'Gas',20,1.00,'2022-05-30 20:00:48','2022-05-30 20:00:48');

/*Table structure for table `payment` */

DROP TABLE IF EXISTS `payment`;

CREATE TABLE `payment` (
  `Sno` int(11) NOT NULL AUTO_INCREMENT,
  `amount` double DEFAULT NULL,
  `bank_trans_id` varchar(50) DEFAULT NULL,
  `card_brand` varchar(50) DEFAULT NULL,
  `card_issuer` varchar(50) DEFAULT NULL,
  `card_issuer_country` varchar(50) DEFAULT NULL,
  `card_issuer_country_code` varchar(50) DEFAULT NULL,
  `card_no` varchar(50) DEFAULT NULL,
  `card_type` varchar(50) DEFAULT NULL,
  `status` varchar(50) DEFAULT NULL,
  `store_amount` double DEFAULT NULL,
  `store_id` varchar(50) DEFAULT NULL,
  `trans_date` datetime DEFAULT NULL,
  `trans_id` varchar(50) DEFAULT NULL,
  `val_id` varchar(50) DEFAULT NULL,
  `verify_sign` varchar(50) DEFAULT NULL,
  `verify_key` varchar(500) DEFAULT NULL,
  PRIMARY KEY (`Sno`)
) ENGINE=InnoDB DEFAULT CHARSET=latin1;

/*Data for the table `payment` */

/*Table structure for table `tariff` */

DROP TABLE IF EXISTS `tariff`;

CREATE TABLE `tariff` (
  `TariffID` int(11) NOT NULL AUTO_INCREMENT,
  `Tariff` float NOT NULL,
  `TariffName` varchar(100) NOT NULL,
  `EmergencyCredit` float DEFAULT NULL,
  `AlarmCredit` float DEFAULT NULL,
  `FixedCharges` float DEFAULT NULL,
  `RegisteredDate` datetime NOT NULL,
  `ModifiedDate` timestamp NOT NULL DEFAULT CURRENT_TIMESTAMP,
  PRIMARY KEY (`TariffID`)
) ENGINE=InnoDB AUTO_INCREMENT=3 DEFAULT CHARSET=latin1;

/*Data for the table `tariff` */

insert  into `tariff`(`TariffID`,`Tariff`,`TariffName`,`EmergencyCredit`,`AlarmCredit`,`FixedCharges`,`RegisteredDate`,`ModifiedDate`) values 
(2,1,'Testing',10,10,10,'2022-03-08 17:40:38','2022-03-08 17:40:38');

/*Table structure for table `topup` */

DROP TABLE IF EXISTS `topup`;

CREATE TABLE `topup` (
  `TransactionID` bigint(20) NOT NULL AUTO_INCREMENT,
  `CommunityID` int(11) NOT NULL,
  `BlockID` int(11) NOT NULL,
  `CustomerID` bigint(20) NOT NULL,
  `MIUID` varchar(50) NOT NULL,
  `CustomerMeterID` bigint(20) NOT NULL,
  `TariffID` int(11) NOT NULL,
  `Amount` decimal(10,0) NOT NULL,
  `Status` int(10) unsigned NOT NULL DEFAULT '10',
  `FixedCharges` int(10) unsigned DEFAULT '0',
  `ReconnectionCharges` int(10) unsigned DEFAULT '0',
  `Source` varchar(10) NOT NULL,
  `ModeOfPayment` varchar(50) NOT NULL,
  `PaymentStatus` tinyint(3) unsigned NOT NULL DEFAULT '0',
  `RazorPayOrderID` varchar(50) DEFAULT NULL,
  `RazorPayPaymentID` varchar(50) DEFAULT NULL,
  `RazorPaySignature` varchar(5000) DEFAULT NULL,
  `ErrorResponse` varchar(10000) DEFAULT NULL,
  `RazorPayRefundID` varchar(50) DEFAULT NULL,
  `RazorPayRefundStatus` varchar(50) DEFAULT NULL,
  `RazorPayRefundEntity` varchar(10000) DEFAULT NULL,
  `CreatedByID` int(11) NOT NULL,
  `CreatedByRoleID` int(11) NOT NULL,
  `CustomerUniqueID` varchar(100) NOT NULL,
  `TransactionDate` timestamp NOT NULL DEFAULT CURRENT_TIMESTAMP,
  `AcknowledgeDate` datetime NOT NULL,
  PRIMARY KEY (`TransactionID`)
) ENGINE=InnoDB AUTO_INCREMENT=7 DEFAULT CHARSET=latin1;

/*Data for the table `topup` */

/*Table structure for table `updaterequestcustomermeterdetails` */

DROP TABLE IF EXISTS `updaterequestcustomermeterdetails`;

CREATE TABLE `updaterequestcustomermeterdetails` (
  `RequestID` bigint(20) NOT NULL AUTO_INCREMENT,
  `BlockID` int(11) NOT NULL,
  `CustomerID` int(11) NOT NULL,
  `CustomerUniqueID` varchar(100) NOT NULL,
  `FirstName` varchar(50) NOT NULL,
  `Email` varchar(100) NOT NULL,
  `MobileNumber` varchar(10) NOT NULL,
  `ToBeApprovedByID` int(11) NOT NULL,
  `RegistrationDate` timestamp NOT NULL DEFAULT CURRENT_TIMESTAMP,
  PRIMARY KEY (`RequestID`),
  UNIQUE KEY `CustomerID` (`CustomerID`),
  CONSTRAINT `updaterequestcustomermeterdetails_ibfk_1` FOREIGN KEY (`CustomerID`) REFERENCES `customerdetails` (`CustomerID`)
) ENGINE=InnoDB DEFAULT CHARSET=latin1;

/*Data for the table `updaterequestcustomermeterdetails` */

/*Table structure for table `user` */

DROP TABLE IF EXISTS `user`;

CREATE TABLE `user` (
  `ID` int(11) NOT NULL AUTO_INCREMENT,
  `UserID` varchar(100) DEFAULT NULL,
  `UserName` varchar(100) NOT NULL,
  `UserPassword` varchar(100) NOT NULL,
  `RoleID` int(11) NOT NULL,
  `ActiveStatus` int(11) NOT NULL,
  `CommunityID` bigint(20) NOT NULL,
  `BlockID` bigint(20) DEFAULT NULL,
  `CustomerID` bigint(20) DEFAULT NULL,
  `CustomerUniqueID` varchar(100) DEFAULT NULL,
  `MobileNumber` varchar(100) DEFAULT NULL,
  `Email` varchar(1000) DEFAULT NULL,
  `CreatedByID` bigint(20) NOT NULL,
  `CreatedByRoleID` tinyint(4) NOT NULL,
  `RegisteredDate` timestamp NOT NULL DEFAULT CURRENT_TIMESTAMP,
  `ModifiedDate` datetime DEFAULT NULL,
  PRIMARY KEY (`ID`),
  KEY `CommunityID` (`CommunityID`)
) ENGINE=InnoDB AUTO_INCREMENT=54 DEFAULT CHARSET=latin1;

/*Data for the table `user` */

insert  into `user`(`ID`,`UserID`,`UserName`,`UserPassword`,`RoleID`,`ActiveStatus`,`CommunityID`,`BlockID`,`CustomerID`,`CustomerUniqueID`,`MobileNumber`,`Email`,`CreatedByID`,`CreatedByRoleID`,`RegisteredDate`,`ModifiedDate`) values 
(1,'Superadmin','Idigitronics','cvp/LzpadrQT+2k0WDjyOQ==',1,1,0,0,0,NULL,NULL,NULL,0,0,'2021-05-01 17:19:40','2021-05-01 17:19:37'),
(43,'Chennai','Chennai','a+/wriqvqOoQpgFRzdOVQg==',2,1,3,5,0,'NULL','9703668598','kasamsettysri@gmail.com',1,1,'2022-03-08 17:28:45','2022-03-08 17:28:45'),
(44,'IDIGI1001','Chennai Chennai1','kGHS6ylTMj4Oke0jpHrGwQ==',3,1,3,5,35,'IDIGI1001','9703668598','kasamsettysri@gmail.com',1,1,'2022-03-08 17:43:08','2022-03-08 17:43:08'),
(45,'IDIGI1002','TESTING2 Testing','qDdTSLcNv444c2iAk6zzPg==',3,1,3,5,36,'IDIGI1002','9000000001','K@gmail.com',43,2,'2022-03-15 16:29:04','2022-03-15 16:29:04'),
(46,'Delhi','Delhi','PGo3GGmHizLPritiTDsILQ==',2,1,3,6,0,'NULL','9391032993','nookaraj@yahoo.co.in',1,1,'2022-04-29 19:03:50','2022-04-29 19:03:50'),
(47,'IDIGI5001','srinivas test1','H5RKS3mjIW7PCm18AHyPqw==',3,1,3,6,37,'IDIGI5001','7659060022','nookaraj@yahoo.co.in',1,1,'2022-04-29 19:07:47','2022-04-29 19:07:47'),
(48,'IDIGI5002','srinivas raju','8HLs0vqNJe7wjrVdPA842Q==',3,1,3,6,38,'IDIGI5002','7659060022','nookaraj@yahoo.co.in',1,1,'2022-04-29 19:10:33','2022-04-29 19:10:33'),
(49,'IDIGI1015','TESTING32 Testibg','ZCQI78PL++5Fnt1d1iZqYQ==',3,1,3,6,39,'IDIGI1015','9000000001','nookaraj@yahoo.co.in',1,1,'2022-04-30 10:18:45','2022-04-30 10:18:45'),
(50,'CRN1021','demo12 Demo2','l3Efr5KUHck4KzHmjnN6Zw==',3,1,3,5,40,'CRN1021','9000000001','k@gmail.com',1,1,'2022-05-30 11:44:47','2022-05-30 11:44:47'),
(51,'CRN10212','Demo123 demo2','Bt6/t9BdHNWv9u95jRtpJg==',3,1,3,5,41,'CRN10212','9000000001','s@gamil.com',1,1,'2022-05-30 14:39:03','2022-05-30 14:39:03'),
(52,'CRN1012','Demo12 vgsdfp','ywCfFpEoygemupk0XznSuw==',3,1,3,5,42,'CRN1012','9000000001','D@gmail.com',1,1,'2022-05-30 15:01:25','2022-05-30 15:01:25'),
(53,'CRN2252','Gasmeter meter','Rcr03mtsDzr+xu17gRpTUQ==',3,1,3,6,43,'CRN2252','9000000001','k@gmail.com',1,1,'2022-05-30 20:02:11','2022-05-30 20:02:11');

/*Table structure for table `userrole` */

DROP TABLE IF EXISTS `userrole`;

CREATE TABLE `userrole` (
  `RoleID` int(11) NOT NULL,
  `RoleDescription` varchar(30) DEFAULT NULL,
  PRIMARY KEY (`RoleID`)
) ENGINE=InnoDB DEFAULT CHARSET=latin1;

/*Data for the table `userrole` */

insert  into `userrole`(`RoleID`,`RoleDescription`) values 
(1,'Super Admin'),
(2,'Admin'),
(3,'User'),
(4,'SuperAdminSupervisor'),
(5,'AdminSupervisor'),
(6,'Support');

/*Table structure for table `vacation` */

DROP TABLE IF EXISTS `vacation`;

CREATE TABLE `vacation` (
  `VacationID` bigint(20) NOT NULL AUTO_INCREMENT,
  `CommunityID` int(11) NOT NULL,
  `BlockID` int(11) NOT NULL,
  `CustomerID` int(11) NOT NULL,
  `MIUID` varchar(20) NOT NULL,
  `CustomerMeterID` bigint(20) NOT NULL,
  `VacationName` varchar(300) DEFAULT NULL,
  `StartDate` datetime NOT NULL,
  `EndDate` datetime NOT NULL,
  `Status` tinyint(4) NOT NULL DEFAULT '10',
  `Source` varchar(10) NOT NULL,
  `CustomerUniqueID` varchar(100) NOT NULL,
  `mode` varchar(100) NOT NULL,
  `RegisteredDate` timestamp NOT NULL DEFAULT CURRENT_TIMESTAMP,
  `ModifiedDate` datetime NOT NULL,
  PRIMARY KEY (`VacationID`)
) ENGINE=InnoDB AUTO_INCREMENT=3 DEFAULT CHARSET=latin1;

/*Data for the table `vacation` */

/*Table structure for table `customermeterdetailsview` */

DROP TABLE IF EXISTS `customermeterdetailsview`;

/*!50001 DROP VIEW IF EXISTS `customermeterdetailsview` */;
/*!50001 DROP TABLE IF EXISTS `customermeterdetailsview` */;

/*!50001 CREATE TABLE  `customermeterdetailsview`(
 `CommunityName` varchar(100) ,
 `BlockName` varchar(80) ,
 `CustomerID` int(11) ,
 `HouseNumber` varchar(50) ,
 `FirstName` varchar(50) ,
 `LastName` varchar(50) ,
 `Email` varchar(100) ,
 `MobileNumber` varchar(10) ,
 `MIUID` varchar(100) ,
 `MeterSerialNumber` varchar(100) ,
 `CustomerUniqueID` varchar(50) ,
 `ModifiedDate` datetime ,
 `CreatedByID` int(11) ,
 `CreatedByRoleID` tinyint(4) 
)*/;

/*View structure for view customermeterdetailsview */

/*!50001 DROP TABLE IF EXISTS `customermeterdetailsview` */;
/*!50001 DROP VIEW IF EXISTS `customermeterdetailsview` */;

/*!50001 CREATE ALGORITHM=UNDEFINED DEFINER=`root`@`localhost` SQL SECURITY DEFINER VIEW `customermeterdetailsview` AS select `community`.`CommunityName` AS `CommunityName`,`block`.`BlockName` AS `BlockName`,`customerdetails`.`CustomerID` AS `CustomerID`,`customerdetails`.`HouseNumber` AS `HouseNumber`,`customerdetails`.`FirstName` AS `FirstName`,`customerdetails`.`LastName` AS `LastName`,`customerdetails`.`Email` AS `Email`,`customerdetails`.`MobileNumber` AS `MobileNumber`,`customermeterdetails`.`MIUID` AS `MIUID`,`customermeterdetails`.`MeterSerialNumber` AS `MeterSerialNumber`,`customerdetails`.`CustomerUniqueID` AS `CustomerUniqueID`,`customerdetails`.`ModifiedDate` AS `ModifiedDate`,`customerdetails`.`CreatedByID` AS `CreatedByID`,`customerdetails`.`CreatedByRoleID` AS `CreatedByRoleID` from (((`customerdetails` left join `community` on((`community`.`CommunityID` = `customerdetails`.`CommunityID`))) left join `block` on((`block`.`BlockID` = `customerdetails`.`BlockID`))) left join `customermeterdetails` on((`customermeterdetails`.`CustomerID` = `customerdetails`.`CustomerID`))) order by `customerdetails`.`CustomerID` desc */;

/*!40101 SET SQL_MODE=@OLD_SQL_MODE */;
/*!40014 SET FOREIGN_KEY_CHECKS=@OLD_FOREIGN_KEY_CHECKS */;
/*!40014 SET UNIQUE_CHECKS=@OLD_UNIQUE_CHECKS */;
/*!40111 SET SQL_NOTES=@OLD_SQL_NOTES */;
