-- MySQL dump 10.13  Distrib 8.0.28, for Win64 (x86_64)
--
-- Host: localhost    Database: idigitest
-- ------------------------------------------------------
-- Server version	8.0.28

/*!40101 SET @OLD_CHARACTER_SET_CLIENT=@@CHARACTER_SET_CLIENT */;
/*!40101 SET @OLD_CHARACTER_SET_RESULTS=@@CHARACTER_SET_RESULTS */;
/*!40101 SET @OLD_COLLATION_CONNECTION=@@COLLATION_CONNECTION */;
/*!50503 SET NAMES utf8 */;
/*!40103 SET @OLD_TIME_ZONE=@@TIME_ZONE */;
/*!40103 SET TIME_ZONE='+00:00' */;
/*!40014 SET @OLD_UNIQUE_CHECKS=@@UNIQUE_CHECKS, UNIQUE_CHECKS=0 */;
/*!40014 SET @OLD_FOREIGN_KEY_CHECKS=@@FOREIGN_KEY_CHECKS, FOREIGN_KEY_CHECKS=0 */;
/*!40101 SET @OLD_SQL_MODE=@@SQL_MODE, SQL_MODE='NO_AUTO_VALUE_ON_ZERO' */;
/*!40111 SET @OLD_SQL_NOTES=@@SQL_NOTES, SQL_NOTES=0 */;

--
-- Table structure for table `alertsettings`
--

DROP TABLE IF EXISTS `alertsettings`;
/*!40101 SET @saved_cs_client     = @@character_set_client */;
/*!50503 SET character_set_client = utf8mb4 */;
CREATE TABLE `alertsettings` (
  `AlertID` int NOT NULL AUTO_INCREMENT,
  `NoAMRInterval` bigint NOT NULL,
  `TimeOut` int NOT NULL,
  `ReconnectionCharges` int NOT NULL,
  `LateFee` int NOT NULL,
  `ReconnectionChargeDays` int NOT NULL,
  `DueDayCount` int NOT NULL,
  `BillGenerationDate` varchar(1000) NOT NULL,
  `GST` int NOT NULL,
  `VendorGSTNumber` varchar(100) DEFAULT NULL,
  `CustomerGSTNumber` varchar(100) DEFAULT NULL,
  `RegisteredDate` datetime NOT NULL,
  `ModifiedDate` datetime NOT NULL,
  PRIMARY KEY (`AlertID`),
  KEY `AlertID` (`AlertID`)
) ENGINE=InnoDB AUTO_INCREMENT=2 DEFAULT CHARSET=latin1 MAX_ROWS=1;
/*!40101 SET character_set_client = @saved_cs_client */;

--
-- Dumping data for table `alertsettings`
--

LOCK TABLES `alertsettings` WRITE;
/*!40000 ALTER TABLE `alertsettings` DISABLE KEYS */;
INSERT INTO `alertsettings` VALUES (1,2880,330,51,50,2,10,'2nd of everymonth',9,NULL,NULL,'2021-05-18 18:52:34','2021-09-06 21:13:09');
/*!40000 ALTER TABLE `alertsettings` ENABLE KEYS */;
UNLOCK TABLES;

--
-- Table structure for table `balancelog`
--

DROP TABLE IF EXISTS `balancelog`;
/*!40101 SET @saved_cs_client     = @@character_set_client */;
/*!50503 SET character_set_client = utf8mb4 */;
CREATE TABLE `balancelog` (
  `ReadingID` bigint NOT NULL AUTO_INCREMENT,
  `MIUID` varchar(100) NOT NULL,
  `CommunityID` int DEFAULT NULL,
  `BlockID` int DEFAULT NULL,
  `CustomerID` bigint DEFAULT NULL,
  `CustomerMeterID` bigint DEFAULT NULL,
  `MeterSizeID` int DEFAULT NULL,
  `MeterSerialNumber` varchar(100) DEFAULT NULL,
  `CustomerUniqueID` varchar(100) DEFAULT NULL,
  `MeterType` varchar(100) NOT NULL,
  `SyncTime` varchar(100) NOT NULL,
  `SyncInterval` int NOT NULL,
  `PayType` varchar(100) NOT NULL,
  `BatteryVoltage` decimal(10,2) NOT NULL,
  `ValveConfiguration` tinyint NOT NULL,
  `ValveStatus` tinyint NOT NULL,
  `Balance` decimal(10,2) NOT NULL,
  `TariffID` int DEFAULT NULL,
  `Tariff` decimal(10,2) NOT NULL,
  `EmergencyCredit` decimal(10,2) NOT NULL,
  `Minutes` bigint DEFAULT NULL,
  `Reading` decimal(10,2) NOT NULL,
  `DoorOpenTamper` tinyint DEFAULT NULL,
  `MagneticTamper` tinyint DEFAULT NULL,
  `Vacation` tinyint DEFAULT NULL,
  `RTCFault` tinyint DEFAULT NULL,
  `LowBattery` tinyint DEFAULT NULL,
  `LowBalance` tinyint DEFAULT NULL,
  `LogDate` datetime NOT NULL,
  PRIMARY KEY (`ReadingID`)
) ENGINE=InnoDB AUTO_INCREMENT=942 DEFAULT CHARSET=latin1;
/*!40101 SET character_set_client = @saved_cs_client */;

--
-- Dumping data for table `balancelog`
--

LOCK TABLES `balancelog` WRITE;
/*!40000 ALTER TABLE `balancelog` DISABLE KEYS */;
INSERT INTO `balancelog` VALUES (1,'2233',1,1,1,2,2,'22334455','IDIGI1','Water','00:00:05',1440,'Postpaid',90.00,1,1,300.00,2,20.00,40.00,12,1.00,1,0,0,0,0,0,'2021-04-08 16:49:58'),(2,'1122',1,1,1,1,1,'11223344','IDIGI1','Gas','00:00:05',1440,'Prepaid',90.00,1,1,100.00,1,10.00,20.00,12,5.00,0,0,0,0,0,0,'2021-05-18 18:37:12'),(3,'2233',1,1,1,2,2,'22334455','IDIGI1','Water','00:00:05',1440,'Postpaid',90.00,1,1,0.00,2,20.00,40.00,10,10.00,0,0,0,0,0,0,'2021-04-29 19:00:27'),(4,'2233',1,1,1,2,2,'22334455','IDIGI1','Water','00:00:05',1440,'Postpaid',90.00,1,1,0.00,2,20.00,40.00,10,15.00,0,0,0,0,0,0,'2021-05-03 19:00:38'),(5,'2233',1,1,1,2,2,'22334455','IDIGI1','Water','00:00:05',1440,'Postpaid',90.00,1,1,0.00,2,20.00,40.00,10,20.00,0,0,0,0,0,0,'2021-05-18 19:00:44'),(6,'2233',1,1,1,2,2,'22334455','IDIGI1','Water','00:00:05',1440,'Postpaid',90.00,1,1,0.00,2,20.00,40.00,10,25.00,0,0,0,0,0,0,'2021-05-18 19:00:48'),(7,'2233',1,1,1,2,2,'22334455','IDIGI1','Water','00:00:05',1440,'Postpaid',90.00,1,1,0.00,2,20.00,40.00,10,30.00,0,0,0,0,0,0,'2021-05-18 19:00:53'),(8,'1122',1,1,1,1,1,'11223344','IDIGI1','Gas','00:00:05',1440,'Prepaid',90.00,1,1,1000.00,1,10.00,20.00,12,10.00,0,0,0,0,0,0,'2021-05-19 15:01:04'),(9,'1122',1,1,1,1,1,'11223344','IDIGI1','Gas','00:00:05',1440,'Prepaid',90.00,1,1,900.00,1,10.00,20.00,12,12.00,0,0,0,0,0,0,'2021-05-19 17:01:11'),(10,'1122',1,1,1,1,1,'11223344','IDIGI1','Gas','00:00:05',1440,'Prepaid',90.00,1,1,800.00,1,10.00,20.00,12,15.00,0,0,0,0,0,0,'2021-05-20 15:01:15'),(11,'1122',1,1,1,1,1,'11223344','IDIGI1','Gas','00:00:05',1440,'Prepaid',90.00,1,1,700.00,1,10.00,20.00,12,18.00,0,0,0,0,0,0,'2021-05-20 18:01:20'),(12,'1122',1,1,1,1,1,'11223344','IDIGI1','Gas','00:00:05',1440,'Prepaid',90.00,1,1,600.00,1,10.00,20.00,12,24.00,0,0,0,0,0,0,'2021-05-21 15:01:26'),(13,'1122',1,1,1,1,1,'11223344','IDIGI1','Gas','00:00:05',1440,'Prepaid',90.00,1,1,500.00,1,10.00,20.00,12,29.00,0,0,0,0,0,0,'2021-05-21 17:01:31'),(14,'1122',1,1,1,1,1,'11223344','IDIGI1','Gas','00:00:05',1440,'Prepaid',90.00,1,1,400.00,1,10.00,20.00,12,34.00,0,0,0,0,0,0,'2021-05-22 15:01:35'),(15,'1122',1,1,1,1,1,'11223344','IDIGI1','Gas','00:00:05',1440,'Prepaid',90.00,1,1,300.00,1,10.00,20.00,12,38.00,0,0,0,0,0,0,'2021-05-22 18:01:42'),(16,'1122',1,1,1,1,1,'11223344','IDIGI1','Gas','00:00:05',1440,'Prepaid',90.00,1,1,250.00,1,10.00,20.00,12,41.00,0,0,0,0,0,0,'2021-05-23 15:01:47'),(17,'1122',1,1,1,1,1,'11223344','IDIGI1','Gas','00:00:05',1440,'Prepaid',90.00,1,1,150.00,1,10.00,20.00,12,45.00,0,0,0,0,0,0,'2021-05-23 15:30:50'),(18,'1122',1,1,1,1,1,'11223344','IDIGI1','Gas','00:00:05',1440,'Prepaid',90.00,1,1,100.00,1,10.00,20.00,12,50.00,0,0,0,0,0,0,'2021-05-27 15:01:57'),(19,'1122',1,1,1,1,1,'11223344','IDIGI1','Gas','00:00:05',1440,'Prepaid',90.00,1,1,50.00,1,10.00,20.00,12,55.00,0,0,0,0,0,0,'2021-09-03 19:40:30'),(20,'2233',1,1,1,2,2,'22334455','IDIGI1','Water','00:00:05',1440,'Postpaid',90.00,1,1,0.00,2,20.00,40.00,10,35.00,0,0,0,0,0,0,'2021-07-27 20:55:25'),(21,'2233',1,1,1,2,2,'22334455','IDIGI1','Water','00:00:05',1440,'Postpaid',90.00,1,1,0.00,2,20.00,40.00,10,40.00,0,0,0,0,0,0,'2021-07-27 22:14:19'),(22,'2233',1,1,1,2,2,'22334455','IDIGI1','Water','00:00:05',1440,'Postpaid',90.00,1,1,0.00,2,20.00,40.00,10,45.00,0,0,0,0,0,0,'2021-09-03 19:40:10'),(23,'3344',1,1,1,3,2,'33445566','IDIGI1','Water','00:00:05',1440,'Postpaid',90.00,1,1,0.00,3,20.00,40.00,10,1.00,0,0,0,0,0,0,'2021-08-01 00:54:33'),(24,'3344',1,1,1,3,2,'33445566','IDIGI1','Water','00:00:05',1440,'Postpaid',90.00,1,1,0.00,3,20.00,40.00,10,3.00,0,0,0,0,0,0,'2021-08-01 20:54:55'),(25,'3344',1,1,1,3,2,'33445566','IDIGI1','Water','00:00:05',1440,'Postpaid',90.00,1,1,0.00,3,20.00,40.00,10,5.00,0,0,0,0,0,0,'2021-08-03 10:55:02'),(26,'3344',1,1,1,3,2,'33445566','IDIGI1','Water','00:00:05',1440,'Postpaid',90.00,1,1,0.00,3,20.00,40.00,10,8.00,0,0,0,0,0,0,'2021-08-03 20:55:06'),(27,'3344',1,1,1,3,2,'33445566','IDIGI1','Water','00:00:05',1440,'Postpaid',90.00,1,1,0.00,3,20.00,40.00,10,10.00,0,0,0,0,0,0,'2021-08-04 11:55:10'),(28,'3344',1,1,1,3,2,'33445566','IDIGI1','Water','00:00:05',1440,'Postpaid',90.00,1,1,0.00,3,20.00,40.00,10,14.00,0,0,0,0,0,0,'2021-08-04 20:55:27'),(29,'3344',1,1,1,3,2,'33445566','IDIGI1','Water','00:00:05',1440,'Postpaid',90.00,1,1,0.00,3,20.00,40.00,10,19.00,0,0,0,0,0,0,'2021-08-06 12:55:32'),(30,'3344',1,1,1,3,2,'33445566','IDIGI1','Water','00:00:05',1440,'Postpaid',90.00,1,1,0.00,3,20.00,40.00,10,22.00,0,0,0,0,0,0,'2021-08-06 20:55:35'),(31,'3344',1,1,1,3,2,'33445566','IDIGI1','Water','00:00:05',1440,'Postpaid',90.00,1,1,0.00,3,20.00,40.00,10,25.00,0,0,0,0,0,0,'2021-08-10 13:55:40'),(32,'3344',1,1,1,3,2,'33445566','IDIGI1','Water','00:00:05',1440,'Postpaid',90.00,1,1,0.00,3,20.00,40.00,10,29.00,0,0,0,0,0,0,'2021-08-10 20:55:49'),(33,'3344',1,1,1,3,2,'33445566','IDIGI1','Water','00:00:05',1440,'Postpaid',90.00,1,1,0.00,3,20.00,40.00,10,34.00,0,0,0,0,0,0,'2021-08-15 15:57:21'),(34,'3344',1,1,1,3,2,'33445566','IDIGI1','Water','00:00:05',1440,'Postpaid',90.00,1,1,0.00,3,20.00,40.00,10,38.00,0,0,0,0,0,0,'2021-08-15 20:57:26'),(35,'3344',1,1,1,3,2,'33445566','IDIGI1','Water','00:00:05',1440,'Postpaid',90.00,1,1,0.00,3,20.00,40.00,10,41.00,0,0,0,0,0,0,'2021-08-20 17:57:32'),(36,'3344',1,1,1,3,2,'33445566','IDIGI1','Water','00:00:05',1440,'Postpaid',90.00,1,1,0.00,3,20.00,40.00,10,47.00,0,0,0,0,0,0,'2021-08-20 20:57:38'),(37,'3344',1,1,1,3,2,'33445566','IDIGI1','Water','00:00:05',1440,'Postpaid',90.00,1,1,0.00,3,20.00,40.00,10,49.00,0,0,0,0,0,0,'2021-08-25 18:57:44'),(38,'3344',1,1,1,3,2,'33445566','IDIGI1','Water','00:00:05',1440,'Postpaid',90.00,1,1,0.00,3,20.00,40.00,10,53.00,0,0,0,0,0,0,'2021-08-25 20:57:51'),(39,'3344',1,1,1,3,2,'33445566','IDIGI1','Water','00:00:05',1440,'Postpaid',90.00,1,1,0.00,3,20.00,40.00,10,57.00,0,0,0,0,0,0,'2021-08-27 19:57:54'),(40,'3344',1,1,1,3,2,'33445566','IDIGI1','Water','00:00:05',1440,'Postpaid',90.00,1,1,0.00,3,20.00,40.00,10,58.00,0,0,0,0,0,0,'2021-08-27 20:57:58'),(41,'3344',1,1,1,3,2,'33445566','IDIGI1','Water','00:00:05',1440,'Postpaid',90.00,1,1,0.00,3,20.00,40.00,10,59.00,0,0,0,0,0,0,'2021-08-29 20:58:02'),(42,'3344',1,1,1,3,2,'33445566','IDIGI1','Water','00:00:05',1440,'Postpaid',90.00,1,1,0.00,3,20.00,40.00,10,62.00,0,0,0,0,0,0,'2021-08-31 20:58:06'),(43,'9889',2,2,6,8,1,'98899889','KVK0001','Gas','00:00:05',1440,'Prepaid',95.00,1,1,21.00,1,10.00,20.00,0,1.00,0,0,0,0,0,0,'2021-08-31 13:33:27'),(44,'9889',2,2,6,8,1,'98899889','KVK0001','Gas','00:00:05',1440,'Prepaid',95.00,1,1,100.00,1,10.00,20.00,0,5.00,0,0,0,0,0,0,'2021-09-01 13:33:59'),(45,'9889',2,2,6,8,1,'98899889','KVK0001','Gas','00:00:05',1440,'Prepaid',95.00,1,1,100.00,1,10.00,20.00,0,10.00,0,0,0,0,0,0,'2021-09-01 13:34:09'),(46,'9889',2,2,6,8,1,'98899889','KVK0001','Gas','00:00:05',1440,'Prepaid',95.00,1,1,100.00,1,10.00,20.00,0,15.00,0,0,0,0,0,0,'2021-09-02 13:34:15'),(47,'9889',2,2,6,8,1,'98899889','KVK0001','Gas','00:00:05',1440,'Prepaid',95.00,1,1,100.00,1,10.00,20.00,0,20.00,0,0,0,0,0,0,'2021-09-02 13:34:21'),(48,'9889',2,2,6,8,1,'98899889','KVK0001','Gas','00:00:05',1440,'Prepaid',95.00,1,1,100.00,1,10.00,20.00,0,25.00,0,0,0,0,0,0,'2021-09-03 13:34:25'),(49,'9889',2,2,6,8,1,'98899889','KVK0001','Gas','00:00:05',1440,'Prepaid',95.00,1,1,100.00,1,10.00,20.00,0,30.00,0,0,0,0,0,0,'2021-09-04 13:34:30'),(50,'9889',2,2,6,8,1,'98899889','KVK0001','Gas','00:00:05',1440,'Prepaid',95.00,1,1,100.00,1,10.00,20.00,0,35.00,0,0,0,0,0,0,'2021-09-04 13:34:35'),(51,'9889',2,2,6,8,1,'98899889','KVK0001','Gas','00:00:05',1440,'Prepaid',95.00,1,1,100.00,1,10.00,20.00,0,40.00,0,0,0,0,0,0,'2021-09-05 13:34:39'),(52,'9889',2,2,6,8,1,'98899889','KVK0001','Gas','00:00:05',1440,'Prepaid',95.00,1,1,100.00,1,10.00,20.00,0,45.00,0,0,0,0,0,0,'2021-09-05 13:34:43'),(53,'9889',2,2,6,8,1,'98899889','KVK0001','Gas','00:00:05',1440,'Prepaid',95.00,1,1,100.00,1,10.00,20.00,0,50.00,0,0,0,0,0,0,'2021-09-06 13:34:48'),(54,'9889',2,2,6,8,1,'98899889','KVK0001','Gas','00:00:05',1440,'Prepaid',95.00,1,1,100.00,1,10.00,20.00,0,60.00,0,0,0,0,0,0,'2021-09-06 13:34:53'),(55,'9888',2,2,6,9,2,'98899888','KVK0001','Water','00:00:05',1440,'Postpaid',93.00,1,1,0.00,2,20.00,0.00,0,1.00,0,0,0,0,0,0,'2021-08-31 15:07:38'),(56,'9888',2,2,6,9,2,'98899888','KVK0001','Water','00:00:05',1440,'Postpaid',93.00,1,1,0.00,2,20.00,0.00,0,3.00,0,0,0,0,0,0,'2021-08-31 15:07:48'),(57,'9888',2,2,6,9,2,'98899888','KVK0001','Water','00:00:05',1440,'Postpaid',93.00,1,1,0.00,2,20.00,0.00,0,5.00,0,0,0,0,0,0,'2021-09-01 15:07:52'),(58,'9888',2,2,6,9,2,'98899888','KVK0001','Water','00:00:05',1440,'Postpaid',93.00,1,1,0.00,2,20.00,0.00,0,8.00,0,0,0,0,0,0,'2021-09-01 15:07:56'),(59,'9888',2,2,6,9,2,'98899888','KVK0001','Water','00:00:05',1440,'Postpaid',93.00,1,1,0.00,2,20.00,0.00,0,11.00,0,0,0,0,0,0,'2021-09-02 15:08:02'),(60,'9888',2,2,6,9,2,'98899888','KVK0001','Water','00:00:05',1440,'Postpaid',93.00,1,1,0.00,2,20.00,0.00,0,17.00,0,0,0,0,0,0,'2021-09-02 15:08:06'),(61,'9888',2,2,6,9,2,'98899888','KVK0001','Water','00:00:05',1440,'Postpaid',93.00,1,1,0.00,2,20.00,0.00,0,21.00,0,0,0,0,0,0,'2021-09-03 15:08:13'),(62,'9888',2,2,6,9,2,'98899888','KVK0001','Water','00:00:05',1440,'Postpaid',93.00,1,1,0.00,2,20.00,0.00,0,25.00,0,0,0,0,0,0,'2021-09-03 15:08:17'),(63,'9888',2,2,6,9,2,'98899888','KVK0001','Water','00:00:05',1440,'Postpaid',93.00,1,1,0.00,2,20.00,0.00,0,30.00,0,0,0,0,0,0,'2021-09-04 15:08:21'),(64,'9888',2,2,6,9,2,'98899888','KVK0001','Water','00:00:05',1440,'Postpaid',93.00,1,1,0.00,2,20.00,0.00,0,38.00,0,0,0,0,0,0,'2021-09-04 15:08:25'),(65,'9888',2,2,6,9,2,'98899888','KVK0001','Water','00:00:05',1440,'Postpaid',93.00,1,1,0.00,2,20.00,0.00,0,47.00,0,0,0,0,0,0,'2021-09-05 15:08:32'),(66,'9888',2,2,6,9,2,'98899888','KVK0001','Water','00:00:05',1440,'Postpaid',93.00,1,1,0.00,2,20.00,0.00,0,53.00,0,0,0,0,0,0,'2021-09-05 15:08:38'),(67,'9888',2,2,6,9,2,'98899888','KVK0001','Water','00:00:05',1440,'Postpaid',93.00,1,1,0.00,2,20.00,0.00,0,62.00,0,0,0,0,0,0,'2021-09-06 15:08:44'),(68,'9888',2,2,6,9,2,'98899888','KVK0001','Water','00:00:05',1440,'Postpaid',93.00,1,1,0.00,2,20.00,0.00,0,65.00,0,0,0,0,0,0,'2021-09-06 15:08:44'),(69,'9888',2,2,6,9,2,'98899888','KVK0001','Water','00:00:05',1440,'Postpaid',93.00,1,1,0.00,2,20.00,0.00,0,68.00,0,0,0,0,0,0,'2021-09-06 15:28:57'),(70,'9889',2,2,6,8,1,'98899889','KVK0001','Water','19:07:42',212,'Postpaid',122.00,0,0,12321.00,1,1.00,3231.00,0,3212.00,1,1,1,0,0,0,'2021-11-08 19:08:16'),(71,'9889',2,2,6,8,1,'98899889','KVK0001','Water','19:25:20',21,'Postpaid',123.00,0,1,2313.00,1,1.00,2132.00,0,2312.00,1,0,0,1,1,0,'2021-11-08 19:12:49'),(72,'506f980000000b59',1,1,10,15,2,'1002','CS10001','Water','00:00:00',720,'Postpaid',86.00,2,1,0.00,1,0.00,0.00,0,11000.00,0,0,0,0,1,0,'2022-01-08 10:48:50'),(73,'506f980000000b5a',1,1,10,14,2,'1001','CS10001','Water','00:00:00',720,'Postpaid',85.00,2,1,0.00,1,0.00,0.00,0,22.00,0,0,0,0,1,0,'2022-01-08 10:49:53'),(74,'506f980000000b5a',1,1,10,14,2,'1001','CS10001','Water','00:00:00',720,'Postpaid',85.00,2,1,0.00,1,0.00,0.00,0,22.00,0,0,0,0,1,0,'2022-01-08 10:51:06'),(75,'506f980000000b59',1,1,10,15,2,'1002','CS10001','Water','00:00:00',720,'Postpaid',86.00,2,1,0.00,1,0.00,0.00,0,11000.00,0,0,0,0,1,0,'2022-01-08 11:03:57'),(76,'506f980000000b5a',1,1,10,14,2,'1001','CS10001','Water','00:00:00',720,'Postpaid',85.00,2,1,0.00,1,0.00,0.00,0,22.00,0,0,0,0,1,0,'2022-01-08 11:05:02'),(77,'506f980000000b5a',1,1,10,14,2,'1001','CS10001','Water','00:00:00',720,'Postpaid',84.00,2,1,0.00,1,0.00,0.00,0,22.00,0,0,0,0,1,0,'2022-01-08 11:09:04'),(78,'506f980000000b59',1,1,10,15,2,'1002','CS10001','Water','00:00:00',720,'Postpaid',85.00,2,1,0.00,1,0.00,0.00,0,11000.00,0,0,0,0,1,0,'2022-01-08 11:19:14'),(79,'506f980000000b5a',1,1,10,14,2,'1001','CS10001','Water','00:00:00',720,'Postpaid',84.00,2,1,0.00,1,0.00,0.00,0,22.00,0,0,0,0,1,0,'2022-01-08 11:19:14'),(80,'b5d',1,1,12,17,2,'1002','CA1002','Water','00:00:00',5,'Postpaid',85.00,2,1,0.00,1,0.00,0.00,0,25.00,0,0,0,0,1,0,'2022-01-08 11:56:58'),(81,'b5d',1,1,12,17,2,'1002','CA1002','Water','00:00:00',5,'Postpaid',85.00,2,1,0.00,1,0.00,0.00,0,25.00,0,0,0,0,1,0,'2022-01-08 11:58:01'),(82,'b5d',1,1,12,17,2,'1002','CA1002','Water','00:00:00',5,'Postpaid',85.00,2,1,0.00,1,0.00,0.00,0,25.00,0,0,0,0,1,0,'2022-01-08 12:02:08'),(83,'b5d',1,1,12,17,2,'1002','CA1002','Water','00:00:00',5,'Postpaid',85.00,2,1,0.00,1,0.00,0.00,0,25.00,0,0,0,0,1,0,'2022-01-08 12:07:21'),(84,'b5d',1,1,12,17,2,'1002','CA1002','Water','00:00:00',5,'Postpaid',85.00,2,1,0.00,1,0.00,0.00,0,25.00,0,0,0,0,1,0,'2022-01-08 12:12:25'),(85,'b5d',1,1,12,17,2,'1002','CA1002','Water','00:00:00',5,'Postpaid',85.00,2,1,0.00,1,0.00,0.00,0,25.00,0,0,0,0,1,0,'2022-01-08 12:17:33'),(86,'b5d',1,1,12,17,2,'1002','CA1002','Water','00:00:00',5,'Postpaid',85.00,2,1,0.00,1,0.00,0.00,0,25.00,0,0,0,0,1,0,'2022-01-08 12:21:44'),(87,'b5a',1,1,11,16,2,'1001','ca1001','Water','00:00:00',720,'Postpaid',85.00,2,1,0.00,1,0.00,0.00,0,22.00,0,0,0,0,1,0,'2022-01-08 12:24:48'),(88,'b5a',1,1,11,16,2,'1001','ca1001','Water','00:00:00',5,'Postpaid',85.00,2,1,0.00,1,0.00,0.00,0,0.00,0,0,0,0,1,0,'2022-01-08 12:26:00'),(89,'b5a',1,1,11,16,2,'1001','ca1001','Water','00:00:00',5,'Postpaid',85.00,2,1,0.00,1,0.00,0.00,0,0.00,0,0,0,0,1,0,'2022-01-08 12:27:04'),(90,'b5d',1,1,12,17,2,'1002','CA1002','Water','00:00:00',5,'Postpaid',85.00,2,1,0.00,1,0.00,0.00,0,25.00,0,0,0,0,1,0,'2022-01-08 12:27:06'),(91,'b5a',1,1,11,16,2,'1001','ca1001','Water','00:00:00',5,'Postpaid',85.00,2,1,0.00,1,0.00,0.00,0,22.00,0,0,0,0,1,0,'2022-01-08 12:30:08'),(92,'b5d',1,1,12,17,2,'1002','CA1002','Water','00:00:00',5,'Postpaid',85.00,2,1,0.00,1,0.00,0.00,0,25.00,0,0,0,0,1,0,'2022-01-08 12:32:09'),(93,'b5a',1,1,11,16,2,'1001','ca1001','Water','00:00:00',5,'Postpaid',85.00,2,1,0.00,1,0.00,0.00,0,22.00,0,0,0,0,1,0,'2022-01-08 12:35:11'),(94,'b5d',1,1,12,17,2,'1002','CA1002','Water','00:00:00',5,'Postpaid',85.00,2,1,0.00,1,0.00,0.00,0,49.00,0,0,0,0,1,0,'2022-01-08 12:37:15'),(95,'b5a',1,1,11,16,2,'1001','ca1001','Water','00:00:00',5,'Postpaid',85.00,2,1,0.00,1,0.00,0.00,0,0.00,0,0,0,0,1,0,'2022-01-08 12:40:18'),(96,'b5a',1,1,11,16,2,'1001','ca1001','Water','00:00:00',5,'Postpaid',85.00,2,1,0.00,1,0.00,0.00,0,0.00,0,0,0,0,1,0,'2022-01-08 12:41:18'),(97,'b5d',1,1,12,17,2,'1002','CA1002','Water','00:00:00',5,'Postpaid',85.00,2,1,0.00,1,0.00,0.00,0,49.00,0,0,0,0,1,0,'2022-01-08 12:42:19'),(98,'b5a',1,1,11,16,2,'1001','ca1001','Water','00:00:00',5,'Postpaid',85.00,2,1,0.00,1,0.00,0.00,0,22.00,0,0,0,0,1,0,'2022-01-08 12:45:20'),(99,'b5d',1,1,12,17,2,'1002','CA1002','Water','00:00:00',5,'Postpaid',85.00,2,1,0.00,1,0.00,0.00,0,0.00,0,0,0,0,1,0,'2022-01-08 12:47:20'),(100,'b5d',1,1,12,17,2,'1002','CA1002','Water','00:00:00',5,'Postpaid',85.00,2,1,0.00,1,0.00,0.00,0,0.00,0,0,0,0,1,0,'2022-01-08 12:48:21'),(101,'b5a',1,1,11,16,2,'1001','ca1001','Water','00:00:00',5,'Postpaid',85.00,2,1,0.00,1,0.00,0.00,0,22.00,0,0,0,0,1,0,'2022-01-08 12:50:22'),(102,'b5d',1,1,12,17,2,'1002','CA1002','Water','00:00:00',5,'Postpaid',85.00,2,1,0.00,1,0.00,0.00,0,49.00,0,0,0,0,1,0,'2022-01-08 12:52:22'),(103,'b5a',1,1,11,16,2,'1001','ca1001','Water','00:00:00',5,'Postpaid',85.00,2,1,0.00,1,0.00,0.00,0,22.00,0,0,0,0,1,0,'2022-01-08 12:55:24'),(104,'b5d',1,1,12,17,2,'1002','CA1002','Water','00:00:00',1,'Postpaid',86.00,2,1,0.00,1,0.00,0.00,0,54.00,0,0,0,0,1,0,'2022-01-08 13:01:25'),(105,'b5a',1,1,11,16,2,'1001','ca1001','Water','00:00:00',5,'Postpaid',83.00,2,1,0.00,1,0.00,0.00,0,22.00,0,0,0,0,1,0,'2022-01-08 13:35:36'),(106,'b5d',1,1,12,17,2,'1002','CA1002','Water','00:00:00',5,'Postpaid',84.00,2,1,0.00,1,0.00,0.00,0,52.00,0,0,0,0,1,0,'2022-01-08 13:35:36'),(107,'b5a',1,1,11,16,2,'1001','ca1001','Water','00:00:00',5,'Postpaid',85.00,2,1,0.00,1,0.00,0.00,0,31.00,0,0,0,0,1,0,'2022-01-08 13:39:42'),(108,'b5d',1,1,12,17,2,'1002','CA1002','Water','00:00:00',5,'Postpaid',85.00,2,1,0.00,1,0.00,0.00,0,132.00,0,0,0,0,1,0,'2022-01-08 13:40:50'),(109,'b5a',1,1,11,16,2,'1001','ca1001','Water','00:00:00',5,'Postpaid',85.00,2,1,0.00,1,0.00,0.00,0,31.00,0,0,0,0,1,0,'2022-01-08 13:46:07'),(110,'b5d',1,1,12,17,2,'1002','CA1002','Water','00:00:00',5,'Postpaid',85.00,2,1,0.00,1,0.00,0.00,0,132.00,0,0,0,0,1,0,'2022-01-08 13:46:07'),(111,'b5a',1,1,11,16,2,'1001','ca1001','Water','00:00:00',5,'Postpaid',85.00,2,1,0.00,1,0.00,0.00,0,31.00,0,0,0,0,1,0,'2022-01-08 13:50:12'),(112,'b5d',1,1,12,17,2,'1002','CA1002','Water','00:00:00',5,'Postpaid',85.00,2,1,0.00,1,0.00,0.00,0,132.00,0,0,0,0,1,0,'2022-01-08 13:50:12'),(113,'b5a',1,1,11,16,2,'1001','ca1001','Water','00:00:00',5,'Postpaid',84.00,2,1,0.00,1,0.00,0.00,0,31.00,0,0,0,0,1,0,'2022-01-08 13:55:44'),(114,'b5d',1,1,12,17,2,'1002','CA1002','Water','00:00:00',5,'Postpaid',85.00,2,1,0.00,1,0.00,0.00,0,132.00,0,0,0,0,1,0,'2022-01-08 13:55:46'),(115,'b5a',1,1,11,16,2,'1001','ca1001','Water','00:00:00',5,'Postpaid',84.00,2,1,0.00,1,0.00,0.00,0,31.00,0,0,0,0,1,0,'2022-01-08 14:00:03'),(116,'b5d',1,1,12,17,2,'1002','CA1002','Water','00:00:00',5,'Postpaid',85.00,2,1,0.00,1,0.00,0.00,0,132.00,0,0,0,0,1,0,'2022-01-08 14:00:05'),(117,'b5a',1,1,11,16,2,'1001','ca1001','Water','00:00:00',5,'Postpaid',84.00,2,1,0.00,1,0.00,0.00,0,31.00,0,0,0,0,1,0,'2022-01-08 14:05:12'),(118,'b5d',1,1,12,17,2,'1002','CA1002','Water','00:00:00',5,'Postpaid',85.00,2,1,0.00,1,0.00,0.00,0,132.00,0,0,0,0,1,0,'2022-01-08 14:05:13'),(119,'b5a',1,1,11,16,2,'1001','ca1001','Water','00:00:00',5,'Postpaid',85.00,2,1,0.00,1,0.00,0.00,0,31.00,0,0,0,0,1,0,'2022-01-08 14:10:29'),(120,'b5d',1,1,12,17,2,'1002','CA1002','Water','00:00:00',5,'Postpaid',85.00,2,1,0.00,1,0.00,0.00,0,132.00,0,0,0,0,1,0,'2022-01-08 14:10:29'),(121,'b5d',1,1,12,17,2,'1002','CA1002','Water','00:00:00',5,'Postpaid',85.00,2,1,0.00,1,0.00,0.00,0,132.00,0,0,0,0,1,0,'2022-01-08 14:15:36'),(122,'b5a',1,1,11,16,2,'1001','ca1001','Water','00:00:00',5,'Postpaid',84.00,2,1,0.00,1,0.00,0.00,0,31.00,0,0,0,0,1,0,'2022-01-08 14:19:40'),(123,'b5d',1,1,12,17,2,'1002','CA1002','Water','00:00:00',5,'Postpaid',85.00,2,1,0.00,1,0.00,0.00,0,132.00,0,0,0,0,1,0,'2022-01-08 14:20:41'),(124,'b5a',1,1,11,16,2,'1001','ca1001','Water','00:00:00',5,'Postpaid',85.00,2,1,0.00,1,0.00,0.00,0,31.00,0,0,0,0,1,0,'2022-01-08 14:24:54'),(125,'b5d',1,1,12,17,2,'1002','CA1002','Water','00:00:00',5,'Postpaid',85.00,2,1,0.00,1,0.00,0.00,0,132.00,0,0,0,0,1,0,'2022-01-08 14:24:55'),(126,'b5a',1,1,11,16,2,'1001','ca1001','Water','00:00:00',5,'Postpaid',85.00,2,1,0.00,1,0.00,0.00,0,31.00,0,0,0,0,1,0,'2022-01-08 14:30:00'),(127,'b5d',1,1,12,17,2,'1002','CA1002','Water','00:00:00',5,'Postpaid',85.00,2,1,0.00,1,0.00,0.00,0,132.00,0,0,0,0,1,0,'2022-01-08 14:30:00'),(128,'b5d',1,1,12,17,2,'1002','CA1002','Water','00:00:00',5,'Postpaid',85.00,2,1,0.00,1,0.00,0.00,0,132.00,0,0,0,0,1,0,'2022-01-08 14:36:33'),(129,'b5d',1,1,12,17,2,'1002','CA1002','Water','00:00:00',5,'Postpaid',85.00,2,1,0.00,1,0.00,0.00,0,132.00,0,0,0,0,1,0,'2022-01-08 14:40:39'),(130,'b5a',1,1,11,16,2,'1001','ca1001','Water','00:00:00',5,'Postpaid',84.00,2,1,0.00,1,0.00,0.00,0,31.00,0,0,0,0,1,0,'2022-01-08 14:44:43'),(131,'b5d',1,1,12,17,2,'1002','CA1002','Water','00:00:00',5,'Postpaid',85.00,2,1,0.00,1,0.00,0.00,0,132.00,0,0,0,0,1,0,'2022-01-08 14:45:45'),(132,'b5d',1,1,12,17,2,'1002','CA1002','Water','00:00:00',5,'Postpaid',85.00,2,1,0.00,1,0.00,0.00,0,132.00,0,0,0,0,1,0,'2022-01-08 14:50:02'),(133,'b5d',1,1,12,17,2,'1002','CA1002','Water','00:00:00',5,'Postpaid',85.00,2,1,0.00,1,0.00,0.00,0,132.00,0,0,0,0,1,0,'2022-01-08 14:55:49'),(134,'b5d',1,1,12,17,2,'1002','CA1002','Water','00:00:00',5,'Postpaid',85.00,2,1,0.00,1,0.00,0.00,0,19262.00,0,0,0,0,1,0,'2022-01-08 14:56:54'),(135,'b5d',1,1,12,17,2,'1002','CA1002','Water','00:00:00',5,'Postpaid',85.00,2,1,0.00,1,0.00,0.00,0,19262.00,0,0,0,0,1,0,'2022-01-08 15:00:03'),(136,'b5a',1,1,11,16,2,'1001','ca1001','Water','00:00:00',5,'Postpaid',85.00,2,1,0.00,1,0.00,0.00,0,31.00,0,0,0,0,1,0,'2022-01-08 15:05:09'),(137,'b5d',1,1,12,17,2,'1002','CA1002','Water','00:00:00',5,'Postpaid',85.00,2,1,0.00,1,0.00,0.00,0,19262.00,0,0,0,0,1,0,'2022-01-08 15:05:09'),(138,'b5a',1,1,11,16,2,'1001','ca1001','Water','00:00:00',5,'Postpaid',85.00,2,1,0.00,1,0.00,0.00,0,99.00,0,0,0,0,1,0,'2022-01-08 15:06:21'),(139,'b5d',1,1,12,17,2,'1002','CA1002','Water','00:00:00',5,'Postpaid',85.00,2,1,0.00,1,0.00,0.00,0,19262.00,0,0,0,0,1,0,'2022-01-08 15:10:24'),(140,'b5d',1,1,12,17,2,'1002','CA1002','Water','00:00:00',5,'Postpaid',85.00,2,1,0.00,1,0.00,0.00,0,19262.00,0,0,0,0,1,0,'2022-01-08 15:15:37'),(141,'b5a',1,1,11,16,2,'1001','ca1001','Water','00:00:00',5,'Postpaid',85.00,2,1,0.00,1,0.00,0.00,0,99.00,0,0,0,0,1,0,'2022-01-08 15:19:52'),(142,'b5d',1,1,12,17,2,'1002','CA1002','Water','00:00:00',5,'Postpaid',85.00,2,1,0.00,1,0.00,0.00,0,19262.00,0,0,0,0,1,0,'2022-01-08 15:19:52'),(143,'b5a',1,1,11,16,2,'1001','ca1001','Water','00:00:00',5,'Postpaid',85.00,2,1,0.00,1,0.00,0.00,0,99.00,0,0,0,0,1,0,'2022-01-08 15:20:54'),(144,'b5d',1,1,12,17,2,'1002','CA1002','Water','00:00:00',5,'Postpaid',85.00,2,1,0.00,1,0.00,0.00,0,19262.00,0,0,0,0,1,0,'2022-01-08 15:25:08'),(145,'b5d',1,1,12,17,2,'1002','CA1002','Water','00:00:00',5,'Postpaid',85.00,2,1,0.00,1,0.00,0.00,0,19262.00,0,0,0,0,1,0,'2022-01-08 15:31:22'),(146,'b5a',1,1,11,16,2,'1001','ca1001','Water','00:00:00',5,'Postpaid',85.00,2,1,0.00,1,0.00,0.00,0,99.00,0,0,0,0,1,0,'2022-01-08 15:35:30'),(147,'b5d',1,1,12,17,2,'1002','CA1002','Water','00:00:00',5,'Postpaid',85.00,2,1,0.00,1,0.00,0.00,0,19262.00,0,0,0,0,1,0,'2022-01-08 15:35:30'),(148,'b5a',1,1,11,16,2,'1001','ca1001','Water','00:00:00',5,'Postpaid',85.00,2,1,0.00,1,0.00,0.00,0,99.00,0,0,0,0,1,0,'2022-01-08 15:40:44'),(149,'b5a',1,1,11,16,2,'1001','ca1001','Water','00:00:00',5,'Postpaid',85.00,2,1,0.00,1,0.00,0.00,0,99.00,0,0,0,0,1,0,'2022-01-08 15:48:35'),(150,'b5a',1,1,11,16,2,'1001','ca1001','Water','00:00:00',5,'Postpaid',85.00,2,1,0.00,1,0.00,0.00,0,99.00,0,0,0,0,1,0,'2022-01-08 15:50:36'),(151,'b5d',1,1,12,17,2,'1002','CA1002','Water','00:00:00',5,'Postpaid',85.00,2,1,0.00,1,0.00,0.00,0,19262.00,0,0,0,0,1,0,'2022-01-08 15:50:37'),(152,'b5a',1,1,11,16,2,'1001','ca1001','Water','00:00:00',5,'Postpaid',85.00,2,1,0.00,1,0.00,0.00,0,99.00,0,0,0,0,1,0,'2022-01-08 15:54:44'),(153,'b5d',1,1,12,17,2,'1002','CA1002','Water','00:00:00',5,'Postpaid',85.00,2,1,0.00,1,0.00,0.00,0,19262.00,0,0,0,0,1,0,'2022-01-08 15:55:45'),(154,'b5a',1,1,11,16,2,'1001','ca1001','Water','00:00:00',5,'Postpaid',85.00,2,1,0.00,1,0.00,0.00,0,99.00,0,0,0,0,1,0,'2022-01-08 15:59:47'),(155,'b5d',1,1,12,17,2,'1002','CA1002','Water','00:00:00',5,'Postpaid',85.00,2,1,0.00,1,0.00,0.00,0,19262.00,0,0,0,0,1,0,'2022-01-08 16:00:47'),(156,'b5a',1,1,11,16,2,'1001','ca1001','Water','00:00:00',5,'Postpaid',85.00,2,1,0.00,1,0.00,0.00,0,99.00,0,0,0,0,1,0,'2022-01-08 16:04:50'),(157,'b5a',1,1,11,16,2,'1001','ca1001','Water','00:00:00',5,'Postpaid',85.00,2,1,0.00,1,0.00,0.00,0,99.00,0,0,0,0,1,0,'2022-01-08 16:09:53'),(158,'b5d',1,1,12,17,2,'1002','CA1002','Water','00:00:00',5,'Postpaid',85.00,2,1,0.00,1,0.00,0.00,0,19262.00,0,0,0,0,1,0,'2022-01-08 16:09:53'),(159,'b5d',1,1,12,17,2,'1002','CA1002','Water','00:00:00',5,'Postpaid',85.00,2,1,0.00,1,0.00,0.00,0,19262.00,0,0,0,0,1,0,'2022-01-08 16:14:57'),(160,'b5a',1,1,11,16,2,'1001','ca1001','Water','00:00:00',5,'Postpaid',85.00,2,1,0.00,1,0.00,0.00,0,99.00,0,0,0,0,1,0,'2022-01-08 16:20:01'),(161,'b5d',1,1,12,17,2,'1002','CA1002','Water','00:00:00',5,'Postpaid',85.00,2,1,0.00,1,0.00,0.00,0,19262.00,0,0,0,0,1,0,'2022-01-08 16:20:02'),(162,'b5d',1,1,12,17,2,'1002','CA1002','Water','00:00:00',5,'Postpaid',85.00,2,1,0.00,1,0.00,0.00,0,19262.00,0,0,0,0,1,0,'2022-01-08 16:25:06'),(163,'b5d',1,1,12,17,2,'1002','CA1002','Water','00:00:00',5,'Postpaid',85.00,2,1,0.00,1,0.00,0.00,0,19262.00,0,0,0,0,1,0,'2022-01-08 16:26:07'),(164,'b5d',1,1,12,17,2,'1002','CA1002','Water','00:00:00',5,'Postpaid',85.00,2,1,0.00,1,0.00,0.00,0,19262.00,0,0,0,0,1,0,'2022-01-08 16:35:27'),(165,'b5a',1,1,11,16,2,'1001','ca1001','Water','00:00:00',5,'Postpaid',85.00,2,1,0.00,1,0.00,0.00,0,99.00,0,0,0,0,1,0,'2022-01-08 16:40:33'),(166,'b5d',1,1,12,17,2,'1002','CA1002','Water','00:00:00',5,'Postpaid',85.00,2,1,0.00,1,0.00,0.00,0,19262.00,0,0,0,0,1,0,'2022-01-08 16:40:33'),(167,'b5a',1,1,11,16,2,'1001','ca1001','Water','00:00:00',5,'Postpaid',85.00,2,1,0.00,1,0.00,0.00,0,99.00,0,0,0,0,1,0,'2022-01-08 16:45:35'),(168,'b5d',1,1,12,17,2,'1002','CA1002','Water','00:00:00',5,'Postpaid',85.00,2,1,0.00,1,0.00,0.00,0,19262.00,0,0,0,0,1,0,'2022-01-08 16:45:35'),(169,'b5a',1,1,11,16,2,'1001','ca1001','Water','00:00:00',5,'Postpaid',85.00,2,1,0.00,1,0.00,0.00,0,99.00,0,0,0,0,1,0,'2022-01-08 16:49:37'),(170,'b5d',1,1,12,17,2,'1002','CA1002','Water','00:00:00',5,'Postpaid',85.00,2,1,0.00,1,0.00,0.00,0,19262.00,0,0,0,0,1,0,'2022-01-08 16:50:40'),(171,'b5d',1,1,12,17,2,'1002','CA1002','Water','00:00:00',5,'Postpaid',85.00,2,1,0.00,1,0.00,0.00,0,19262.00,0,0,0,0,1,0,'2022-01-08 16:55:42'),(172,'b5a',1,1,11,16,2,'1001','ca1001','Water','00:00:00',5,'Postpaid',85.00,2,1,0.00,1,0.00,0.00,0,99.00,0,0,0,0,1,0,'2022-01-08 16:59:45'),(173,'b5d',1,1,12,17,2,'1002','CA1002','Water','00:00:00',5,'Postpaid',85.00,2,1,0.00,1,0.00,0.00,0,19262.00,0,0,0,0,1,0,'2022-01-08 17:00:46'),(174,'b5a',1,1,11,16,2,'1001','ca1001','Water','00:00:00',5,'Postpaid',85.00,2,1,0.00,1,0.00,0.00,0,99.00,0,0,0,0,1,0,'2022-01-08 17:04:48'),(175,'b5a',1,1,11,16,2,'1001','ca1001','Water','00:00:00',5,'Postpaid',85.00,2,1,0.00,1,0.00,0.00,0,99.00,0,0,0,0,1,0,'2022-01-08 17:09:58'),(176,'b5d',1,1,12,17,2,'1002','CA1002','Water','00:00:00',5,'Postpaid',85.00,2,1,0.00,1,0.00,0.00,0,19262.00,0,0,0,0,1,0,'2022-01-08 17:09:59'),(177,'b5d',1,1,12,17,2,'1002','CA1002','Water','00:00:00',5,'Postpaid',85.00,2,1,0.00,1,0.00,0.00,0,19262.00,0,0,0,0,1,0,'2022-01-08 17:15:15'),(178,'b5d',1,1,12,17,2,'1002','CA1002','Water','00:00:00',5,'Postpaid',85.00,2,1,0.00,1,0.00,0.00,0,19262.00,0,0,0,0,1,0,'2022-01-08 17:20:20'),(179,'b5a',1,1,11,16,2,'1001','ca1001','Water','00:00:00',5,'Postpaid',84.00,2,1,0.00,1,0.00,0.00,0,99.00,0,0,0,0,1,0,'2022-01-08 17:25:23'),(180,'b5d',1,1,12,17,2,'1002','CA1002','Water','00:00:00',5,'Postpaid',85.00,2,1,0.00,1,0.00,0.00,0,19262.00,0,0,0,0,1,0,'2022-01-08 17:25:23'),(181,'b5a',1,1,11,16,2,'1001','ca1001','Water','00:00:00',5,'Postpaid',85.00,2,1,0.00,1,0.00,0.00,0,99.00,0,0,0,0,1,0,'2022-01-08 17:30:25'),(182,'b5d',1,1,12,17,2,'1002','CA1002','Water','00:00:00',5,'Postpaid',85.00,2,1,0.00,1,0.00,0.00,0,19262.00,0,0,0,0,1,0,'2022-01-08 17:30:25'),(183,'b5a',1,1,11,16,2,'1001','ca1001','Water','00:00:00',5,'Postpaid',85.00,2,1,0.00,1,0.00,0.00,0,99.00,0,0,0,0,1,0,'2022-01-08 17:35:27'),(184,'b5d',1,1,12,17,2,'1002','CA1002','Water','00:00:00',5,'Postpaid',85.00,2,1,0.00,1,0.00,0.00,0,19262.00,0,0,0,0,1,0,'2022-01-08 17:35:27'),(185,'b5a',1,1,11,16,2,'1001','ca1001','Water','00:00:00',5,'Postpaid',85.00,2,1,0.00,1,0.00,0.00,0,99.00,0,0,0,0,1,0,'2022-01-08 17:40:32'),(186,'b5d',1,1,12,17,2,'1002','CA1002','Water','00:00:00',5,'Postpaid',85.00,2,1,0.00,1,0.00,0.00,0,19262.00,0,0,0,0,1,0,'2022-01-08 17:40:33'),(187,'b5a',1,1,11,16,2,'1001','ca1001','Water','00:00:00',5,'Postpaid',85.00,2,1,0.00,1,0.00,0.00,0,99.00,0,0,0,0,1,0,'2022-01-08 17:44:40'),(188,'b5d',1,1,12,17,2,'1002','CA1002','Water','00:00:00',5,'Postpaid',85.00,2,1,0.00,1,0.00,0.00,0,19262.00,0,0,0,0,1,0,'2022-01-08 17:49:55'),(189,'b5d',1,1,12,17,2,'1002','CA1002','Water','00:00:00',5,'Postpaid',85.00,2,1,0.00,1,0.00,0.00,0,19262.00,0,0,0,0,1,0,'2022-01-08 17:55:14'),(190,'b5a',1,1,11,16,2,'1001','ca1001','Water','00:00:00',5,'Postpaid',84.00,2,1,0.00,1,0.00,0.00,0,99.00,0,0,0,0,1,0,'2022-01-08 18:00:34'),(191,'b5d',1,1,12,17,2,'1002','CA1002','Water','00:00:00',5,'Postpaid',85.00,2,1,0.00,1,0.00,0.00,0,19262.00,0,0,0,0,1,0,'2022-01-08 18:00:35'),(192,'b5a',1,1,11,16,2,'1001','ca1001','Water','00:00:00',5,'Postpaid',85.00,2,1,0.00,1,0.00,0.00,0,99.00,0,0,0,0,1,0,'2022-01-08 18:05:37'),(193,'b5d',1,1,12,17,2,'1002','CA1002','Water','00:00:00',5,'Postpaid',85.00,2,1,0.00,1,0.00,0.00,0,19262.00,0,0,0,0,1,0,'2022-01-08 18:05:37'),(194,'b5a',1,1,11,16,2,'1001','ca1001','Water','00:00:00',5,'Postpaid',85.00,2,1,0.00,1,0.00,0.00,0,99.00,0,0,0,0,1,0,'2022-01-08 18:09:40'),(195,'b5d',1,1,12,17,2,'1002','CA1002','Water','00:00:00',5,'Postpaid',85.00,2,1,0.00,1,0.00,0.00,0,19262.00,0,0,0,0,1,0,'2022-01-08 18:10:41'),(196,'b5a',1,1,11,16,2,'1001','ca1001','Water','00:00:00',5,'Postpaid',84.00,2,1,0.00,1,0.00,0.00,0,99.00,0,0,0,0,1,0,'2022-01-08 18:15:44'),(197,'b5d',1,1,12,17,2,'1002','CA1002','Water','00:00:00',5,'Postpaid',85.00,2,1,0.00,1,0.00,0.00,0,19262.00,0,0,0,0,1,0,'2022-01-08 18:15:44'),(198,'b5a',1,1,11,16,2,'1001','ca1001','Water','00:00:00',5,'Postpaid',85.00,2,1,0.00,1,0.00,0.00,0,99.00,0,0,0,0,1,0,'2022-01-08 18:19:47'),(199,'b5d',1,1,12,17,2,'1002','CA1002','Water','00:00:00',5,'Postpaid',85.00,2,1,0.00,1,0.00,0.00,0,19262.00,0,0,0,0,1,0,'2022-01-08 18:25:52'),(200,'b5a',1,1,11,16,2,'1001','ca1001','Water','00:00:00',5,'Postpaid',85.00,2,1,0.00,1,0.00,0.00,0,99.00,0,0,0,0,1,0,'2022-01-08 18:29:54'),(201,'b5d',1,1,12,17,2,'1002','CA1002','Water','00:00:00',5,'Postpaid',85.00,2,1,0.00,1,0.00,0.00,0,19262.00,0,0,0,0,1,0,'2022-01-08 18:29:55'),(202,'b5d',1,1,12,17,2,'1002','CA1002','Water','00:00:00',5,'Postpaid',85.00,2,1,0.00,1,0.00,0.00,0,19262.00,0,0,0,0,1,0,'2022-01-08 18:36:00'),(203,'b5a',1,1,11,16,2,'1001','ca1001','Water','00:00:00',5,'Postpaid',85.00,2,1,0.00,1,0.00,0.00,0,99.00,0,0,0,0,1,0,'2022-01-08 18:40:03'),(204,'b5d',1,1,12,17,2,'1002','CA1002','Water','00:00:00',5,'Postpaid',85.00,2,1,0.00,1,0.00,0.00,0,19262.00,0,0,0,0,1,0,'2022-01-08 18:40:03'),(205,'b5a',1,1,11,16,2,'1001','ca1001','Water','00:00:00',5,'Postpaid',85.00,2,1,0.00,1,0.00,0.00,0,99.00,0,0,0,0,1,0,'2022-01-08 18:45:04'),(206,'b5d',1,1,12,17,2,'1002','CA1002','Water','00:00:00',5,'Postpaid',85.00,2,1,0.00,1,0.00,0.00,0,19262.00,0,0,0,0,1,0,'2022-01-08 18:45:05'),(207,'b5a',1,1,11,16,2,'1001','ca1001','Water','00:00:00',5,'Postpaid',85.00,2,1,0.00,1,0.00,0.00,0,99.00,0,0,0,0,1,0,'2022-01-08 18:50:13'),(208,'b5d',1,1,12,17,2,'1002','CA1002','Water','00:00:00',5,'Postpaid',85.00,2,1,0.00,1,0.00,0.00,0,19262.00,0,0,0,0,1,0,'2022-01-08 18:50:17'),(209,'b5a',1,1,11,16,2,'1001','ca1001','Water','00:00:00',5,'Postpaid',85.00,2,1,0.00,1,0.00,0.00,0,99.00,0,0,0,0,1,0,'2022-01-08 18:55:18'),(210,'b5d',1,1,12,17,2,'1002','CA1002','Water','00:00:00',5,'Postpaid',85.00,2,1,0.00,1,0.00,0.00,0,19262.00,0,0,0,0,1,0,'2022-01-08 18:55:18'),(211,'b5a',1,1,11,16,2,'1001','ca1001','Water','00:00:00',5,'Postpaid',85.00,2,1,0.00,1,0.00,0.00,0,99.00,0,0,0,0,1,0,'2022-01-08 19:00:19'),(212,'b5d',1,1,12,17,2,'1002','CA1002','Water','00:00:00',5,'Postpaid',85.00,2,1,0.00,1,0.00,0.00,0,19262.00,0,0,0,0,1,0,'2022-01-08 19:00:19'),(213,'b5a',1,1,11,16,2,'1001','ca1001','Water','00:00:00',5,'Postpaid',85.00,2,1,0.00,1,0.00,0.00,0,99.00,0,0,0,0,1,0,'2022-01-08 19:05:21'),(214,'b5d',1,1,12,17,2,'1002','CA1002','Water','00:00:00',5,'Postpaid',85.00,2,1,0.00,1,0.00,0.00,0,19262.00,0,0,0,0,1,0,'2022-01-08 19:05:21'),(215,'b5a',1,1,11,16,2,'1001','ca1001','Water','00:00:00',5,'Postpaid',85.00,2,1,0.00,1,0.00,0.00,0,99.00,0,0,0,0,1,0,'2022-01-08 19:09:41'),(216,'b5d',1,1,12,17,2,'1002','CA1002','Water','00:00:00',5,'Postpaid',85.00,2,1,0.00,1,0.00,0.00,0,19262.00,0,0,0,0,1,0,'2022-01-08 19:10:42'),(217,'b5a',1,1,11,16,2,'1001','ca1001','Water','00:00:00',5,'Postpaid',85.00,2,1,0.00,1,0.00,0.00,0,99.00,0,0,0,0,1,0,'2022-01-08 19:14:42'),(218,'b5d',1,1,12,17,2,'1002','CA1002','Water','00:00:00',5,'Postpaid',85.00,2,1,0.00,1,0.00,0.00,0,19262.00,0,0,0,0,1,0,'2022-01-08 19:15:43'),(219,'b5a',1,1,11,16,2,'1001','ca1001','Water','00:00:00',5,'Postpaid',85.00,2,1,0.00,1,0.00,0.00,0,99.00,0,0,0,0,1,0,'2022-01-08 19:20:29'),(220,'b5d',1,1,12,17,2,'1002','CA1002','Water','00:00:00',5,'Postpaid',85.00,2,1,0.00,1,0.00,0.00,0,19262.00,0,0,0,0,1,0,'2022-01-08 19:20:29'),(221,'b5a',1,1,11,16,2,'1001','ca1001','Water','00:00:00',5,'Postpaid',85.00,2,1,0.00,1,0.00,0.00,0,99.00,0,0,0,0,1,0,'2022-01-08 19:25:29'),(222,'b5d',1,1,12,17,2,'1002','CA1002','Water','00:00:00',5,'Postpaid',85.00,2,1,0.00,1,0.00,0.00,0,19262.00,0,0,0,0,1,0,'2022-01-08 19:25:29'),(223,'b5a',1,1,11,16,2,'1001','ca1001','Water','00:00:00',5,'Postpaid',85.00,2,1,0.00,1,0.00,0.00,0,99.00,0,0,0,0,1,0,'2022-01-08 19:30:30'),(224,'b5d',1,1,12,17,2,'1002','CA1002','Water','00:00:00',5,'Postpaid',85.00,2,1,0.00,1,0.00,0.00,0,19262.00,0,0,0,0,1,0,'2022-01-08 19:30:31'),(225,'b5a',1,1,11,16,2,'1001','ca1001','Water','00:00:00',5,'Postpaid',85.00,2,1,0.00,1,0.00,0.00,0,99.00,0,0,0,0,1,0,'2022-01-08 19:35:32'),(226,'b5d',1,1,12,17,2,'1002','CA1002','Water','00:00:00',5,'Postpaid',85.00,2,1,0.00,1,0.00,0.00,0,19262.00,0,0,0,0,1,0,'2022-01-08 19:35:32'),(227,'b5a',1,1,11,16,2,'1001','ca1001','Water','00:00:00',5,'Postpaid',85.00,2,1,0.00,1,0.00,0.00,0,99.00,0,0,0,0,1,0,'2022-01-08 19:40:33'),(228,'b5d',1,1,12,17,2,'1002','CA1002','Water','00:00:00',5,'Postpaid',85.00,2,1,0.00,1,0.00,0.00,0,19262.00,0,0,0,0,1,0,'2022-01-08 19:40:35'),(229,'b5a',1,1,11,16,2,'1001','ca1001','Water','00:00:00',5,'Postpaid',85.00,2,1,0.00,1,0.00,0.00,0,99.00,0,0,0,0,1,0,'2022-01-08 19:44:37'),(230,'b5d',1,1,12,17,2,'1002','CA1002','Water','00:00:00',5,'Postpaid',85.00,2,1,0.00,1,0.00,0.00,0,19262.00,0,0,0,0,1,0,'2022-01-08 19:45:38'),(231,'b5a',1,1,11,16,2,'1001','ca1001','Water','00:00:00',5,'Postpaid',85.00,2,1,0.00,1,0.00,0.00,0,99.00,0,0,0,0,1,0,'2022-01-08 19:49:43'),(232,'b5d',1,1,12,17,2,'1002','CA1002','Water','00:00:00',5,'Postpaid',85.00,2,1,0.00,1,0.00,0.00,0,19262.00,0,0,0,0,1,0,'2022-01-08 19:50:44'),(233,'b5a',1,1,11,16,2,'1001','ca1001','Water','00:00:00',5,'Postpaid',85.00,2,1,0.00,1,0.00,0.00,0,99.00,0,0,0,0,1,0,'2022-01-08 19:54:45'),(234,'b5d',1,1,12,17,2,'1002','CA1002','Water','00:00:00',5,'Postpaid',85.00,2,1,0.00,1,0.00,0.00,0,19262.00,0,0,0,0,1,0,'2022-01-08 19:55:46'),(235,'b5a',1,1,11,16,2,'1001','ca1001','Water','00:00:00',5,'Postpaid',85.00,2,1,0.00,1,0.00,0.00,0,99.00,0,0,0,0,1,0,'2022-01-08 19:59:47'),(236,'b5d',1,1,12,17,2,'1002','CA1002','Water','00:00:00',5,'Postpaid',85.00,2,1,0.00,1,0.00,0.00,0,19262.00,0,0,0,0,1,0,'2022-01-08 20:00:47'),(237,'b5a',1,1,11,16,2,'1001','ca1001','Water','00:00:00',5,'Postpaid',85.00,2,1,0.00,1,0.00,0.00,0,99.00,0,0,0,0,1,0,'2022-01-08 20:04:48'),(238,'b5d',1,1,12,17,2,'1002','CA1002','Water','00:00:00',5,'Postpaid',85.00,2,1,0.00,1,0.00,0.00,0,19262.00,0,0,0,0,1,0,'2022-01-08 20:05:49'),(239,'b5a',1,1,11,16,2,'1001','ca1001','Water','00:00:00',5,'Postpaid',85.00,2,1,0.00,1,0.00,0.00,0,99.00,0,0,0,0,1,0,'2022-01-08 20:09:50'),(240,'b5d',1,1,12,17,2,'1002','CA1002','Water','00:00:00',5,'Postpaid',85.00,2,1,0.00,1,0.00,0.00,0,19262.00,0,0,0,0,1,0,'2022-01-08 20:10:51'),(241,'b5a',1,1,11,16,2,'1001','ca1001','Water','00:00:00',5,'Postpaid',85.00,2,1,0.00,1,0.00,0.00,0,99.00,0,0,0,0,1,0,'2022-01-08 20:16:07'),(242,'b5d',1,1,12,17,2,'1002','CA1002','Water','00:00:00',5,'Postpaid',86.00,2,1,0.00,1,0.00,0.00,0,19262.00,0,0,0,0,1,0,'2022-01-08 20:16:07'),(243,'b5a',1,1,11,16,2,'1001','ca1001','Water','00:00:00',5,'Postpaid',85.00,2,1,0.00,1,0.00,0.00,0,99.00,0,0,0,0,1,0,'2022-01-08 20:20:20'),(244,'b5d',1,1,12,17,2,'1002','CA1002','Water','00:00:00',5,'Postpaid',86.00,2,1,0.00,1,0.00,0.00,0,19262.00,0,0,0,0,1,0,'2022-01-08 20:20:20'),(245,'b5d',1,1,12,17,2,'1002','CA1002','Water','00:00:00',5,'Postpaid',85.00,2,1,0.00,1,0.00,0.00,0,19262.00,0,0,0,0,1,0,'2022-01-08 20:25:32'),(246,'b5a',1,1,11,16,2,'1001','ca1001','Water','00:00:00',5,'Postpaid',85.00,2,1,0.00,1,0.00,0.00,0,99.00,0,0,0,0,1,0,'2022-01-08 20:30:34'),(247,'b5d',1,1,12,17,2,'1002','CA1002','Water','00:00:00',5,'Postpaid',85.00,2,1,0.00,1,0.00,0.00,0,19262.00,0,0,0,0,1,0,'2022-01-08 20:30:35'),(248,'b5a',1,1,11,16,2,'1001','ca1001','Water','00:00:00',5,'Postpaid',85.00,2,1,0.00,1,0.00,0.00,0,99.00,0,0,0,0,1,0,'2022-01-08 20:35:36'),(249,'b5d',1,1,12,17,2,'1002','CA1002','Water','00:00:00',5,'Postpaid',86.00,2,1,0.00,1,0.00,0.00,0,19262.00,0,0,0,0,1,0,'2022-01-08 20:35:37'),(250,'b5a',1,1,11,16,2,'1001','ca1001','Water','00:00:00',5,'Postpaid',85.00,2,1,0.00,1,0.00,0.00,0,99.00,0,0,0,0,1,0,'2022-01-08 20:39:37'),(251,'b5d',1,1,12,17,2,'1002','CA1002','Water','00:00:00',5,'Postpaid',86.00,2,1,0.00,1,0.00,0.00,0,19262.00,0,0,0,0,1,0,'2022-01-08 20:40:38'),(252,'b5a',1,1,11,16,2,'1001','ca1001','Water','00:00:00',5,'Postpaid',84.00,2,1,0.00,1,0.00,0.00,0,99.00,0,0,0,0,1,0,'2022-01-09 10:27:09'),(253,'b5d',1,1,12,17,2,'1002','CA1002','Water','00:00:00',5,'Postpaid',85.00,2,1,0.00,1,0.00,0.00,0,19262.00,0,0,0,0,1,0,'2022-01-09 10:27:11'),(254,'b5d',1,1,12,17,2,'1002','CA1002','Water','00:00:00',5,'Postpaid',85.00,2,1,0.00,1,0.00,0.00,0,19262.00,0,0,0,0,1,0,'2022-01-09 10:28:21'),(255,'b5a',1,1,11,16,2,'1001','ca1001','Water','00:00:00',5,'Postpaid',85.00,2,1,0.00,1,0.00,0.00,0,99.00,0,0,0,0,1,0,'2022-01-09 10:31:27'),(256,'b5d',1,1,12,17,2,'1002','CA1002','Water','00:00:00',5,'Postpaid',86.00,2,1,0.00,1,0.00,0.00,0,19262.00,0,0,0,0,1,0,'2022-01-09 10:31:27'),(257,'b5a',1,1,11,16,2,'1001','ca1001','Water','00:00:00',5,'Postpaid',85.00,2,1,0.00,1,0.00,0.00,0,99.00,0,0,0,0,1,0,'2022-01-09 10:36:28'),(258,'b5d',1,1,12,17,2,'1002','CA1002','Water','00:00:00',5,'Postpaid',86.00,2,1,0.00,1,0.00,0.00,0,19262.00,0,0,0,0,1,0,'2022-01-09 10:36:28'),(259,'b5a',1,1,11,16,2,'1001','ca1001','Water','00:00:00',5,'Postpaid',85.00,2,1,0.00,1,0.00,0.00,0,99.00,0,0,0,0,1,0,'2022-01-09 10:41:29'),(260,'b5d',1,1,12,17,2,'1002','CA1002','Water','00:00:00',5,'Postpaid',85.00,2,1,0.00,1,0.00,0.00,0,19262.00,0,0,0,0,1,0,'2022-01-09 10:42:29'),(261,'b5a',1,1,11,16,2,'1001','ca1001','Water','00:00:00',5,'Postpaid',85.00,2,1,0.00,1,0.00,0.00,0,99.00,0,0,0,0,1,0,'2022-01-09 10:46:30'),(262,'b5d',1,1,12,17,2,'1002','CA1002','Water','00:00:00',5,'Postpaid',86.00,2,1,0.00,1,0.00,0.00,0,19262.00,0,0,0,0,1,0,'2022-01-09 10:46:30'),(263,'b5a',1,1,11,16,2,'1001','ca1001','Water','00:00:00',20,'Postpaid',85.00,2,1,0.00,1,0.00,0.00,0,99.00,0,0,0,0,1,0,'2022-01-09 10:51:31'),(264,'b5a',1,1,11,16,2,'1001','ca1001','Water','00:00:00',20,'Postpaid',85.00,2,1,0.00,1,0.00,0.00,0,99.00,0,0,0,0,1,0,'2022-01-09 10:52:31'),(265,'b5a',1,1,11,16,2,'1001','ca1001','Water','00:00:00',20,'Postpaid',85.00,2,1,0.00,1,0.00,0.00,0,99.00,0,0,0,0,1,0,'2022-01-09 10:56:32'),(266,'b5d',1,1,12,17,2,'1002','CA1002','Water','00:00:00',5,'Postpaid',86.00,2,1,0.00,1,0.00,0.00,0,19262.00,0,0,0,0,1,0,'2022-01-09 10:56:33'),(267,'b5d',1,1,12,17,2,'1002','CA1002','Water','00:00:00',25,'Postpaid',86.00,2,1,0.00,1,0.00,0.00,0,19262.00,0,0,0,0,1,0,'2022-01-09 10:57:33'),(268,'b5a',1,1,11,16,2,'1001','ca1001','Water','00:00:00',20,'Postpaid',86.00,2,1,0.00,1,0.00,0.00,0,99.00,0,0,0,0,1,0,'2022-01-09 11:32:46'),(269,'b5d',1,1,12,17,2,'1002','CA1002','Water','00:00:00',25,'Postpaid',86.00,2,1,0.00,1,0.00,0.00,0,19262.00,0,0,0,0,1,0,'2022-01-09 11:32:47'),(270,'b5a',1,1,11,16,2,'1001','ca1001','Water','00:00:00',20,'Postpaid',86.00,2,1,0.00,1,0.00,0.00,0,99.00,0,0,0,0,1,0,'2022-01-09 11:36:52'),(271,'b5d',1,1,12,17,2,'1002','CA1002','Water','00:00:00',25,'Postpaid',87.00,2,1,0.00,1,0.00,0.00,0,19262.00,0,0,0,0,1,0,'2022-01-09 11:41:53'),(272,'b5d',1,1,12,17,2,'1002','CA1002','Water','00:00:00',25,'Postpaid',87.00,2,1,0.00,1,0.00,0.00,0,19263.00,0,0,0,0,1,0,'2022-01-09 11:43:17'),(273,'b5a',1,1,11,16,2,'1001','ca1001','Water','00:00:00',20,'Postpaid',86.00,2,1,0.00,1,0.00,0.00,0,99.00,0,0,0,0,1,0,'2022-01-09 11:55:57'),(274,'b5d',1,1,12,17,2,'1002','CA1002','Water','00:00:00',25,'Postpaid',86.00,2,1,0.00,1,0.00,0.00,0,19272.00,0,0,0,0,1,0,'2022-01-09 12:06:58'),(275,'b5a',1,1,11,16,2,'1001','ca1001','Water','00:00:00',20,'Postpaid',86.00,2,1,0.00,1,0.00,0.00,0,99.00,0,0,0,0,1,0,'2022-01-09 12:15:59'),(276,'b5d',1,1,12,17,2,'1002','CA1002','Water','00:00:00',25,'Postpaid',86.00,2,1,0.00,1,0.00,0.00,0,19272.00,0,0,0,0,1,0,'2022-01-09 12:32:03'),(277,'b5a',1,1,11,16,2,'1001','ca1001','Water','00:00:00',20,'Postpaid',86.00,2,1,0.00,1,0.00,0.00,0,99.00,0,0,0,0,1,0,'2022-01-09 12:36:04'),(278,'b5a',1,1,11,16,2,'1001','ca1001','Water','00:00:00',20,'Postpaid',86.00,2,1,0.00,1,0.00,0.00,0,99.00,0,0,0,0,1,0,'2022-01-09 12:56:03'),(279,'b5a',1,1,11,16,2,'1001','ca1001','Water','00:00:00',20,'Postpaid',85.00,2,1,0.00,1,0.00,0.00,0,99.00,0,0,0,0,1,0,'2022-01-09 12:57:04'),(280,'b5d',1,1,12,17,2,'1002','CA1002','Water','00:00:00',25,'Postpaid',85.00,2,1,0.00,1,0.00,0.00,0,19282.00,0,0,0,0,1,0,'2022-01-09 12:57:05'),(281,'b5a',1,1,11,16,2,'1001','ca1001','Water','00:00:00',20,'Postpaid',86.00,2,1,0.00,1,0.00,0.00,0,419.00,0,0,0,0,1,0,'2022-01-09 13:16:22'),(282,'b5d',1,1,12,17,2,'1002','CA1002','Water','00:00:00',25,'Postpaid',85.00,2,1,0.00,1,0.00,0.00,0,25292.00,0,0,0,0,1,0,'2022-01-09 13:21:53'),(283,'b5a',1,1,11,16,2,'1001','ca1001','Water','00:00:00',20,'Postpaid',86.00,2,1,0.00,1,0.00,0.00,0,949.00,0,0,0,0,1,0,'2022-01-09 13:36:23'),(284,'b5d',1,1,12,17,2,'1002','CA1002','Water','00:00:00',25,'Postpaid',85.00,2,1,0.00,1,0.00,0.00,0,28752.00,0,0,0,0,1,0,'2022-01-09 13:46:37'),(285,'b5a',1,1,11,16,2,'1001','ca1001','Water','00:00:00',20,'Postpaid',86.00,2,1,0.00,1,0.00,0.00,0,949.00,0,0,0,0,1,0,'2022-01-09 13:56:53'),(286,'b5d',1,1,12,17,2,'1002','CA1002','Water','00:00:00',25,'Postpaid',86.00,2,1,0.00,1,0.00,0.00,0,28752.00,0,0,0,0,1,0,'2022-01-09 14:01:57'),(287,'506f980000000a71',1,1,14,20,2,'5060980001','CRN10001','Water','00:00:00',720,'Postpaid',86.00,2,1,0.00,1,0.00,0.00,0,3.00,0,0,0,0,1,0,'2022-01-09 14:06:17'),(288,'506f980000000a71',1,1,14,20,2,'5060980001','CRN10001','Water','00:00:00',2,'Postpaid',86.00,2,1,0.00,1,0.00,0.00,0,3.00,0,0,0,0,1,0,'2022-01-09 14:07:11'),(289,'506f980000000a70',1,1,14,19,2,'5060980000','CRN10001','Water','00:00:00',720,'Postpaid',85.00,2,1,0.00,1,0.00,0.00,0,0.00,0,0,0,0,1,0,'2022-01-09 14:08:11'),(290,'506f980000000a70',1,1,14,19,2,'5060980000','CRN10001','Water','00:00:00',720,'Postpaid',85.00,2,1,0.00,1,0.00,0.00,0,0.00,0,0,0,0,1,0,'2022-01-09 14:09:21'),(291,'506f980000000a71',1,1,14,20,2,'5060980001','CRN10001','Water','00:00:00',2,'Postpaid',86.00,2,1,0.00,1,0.00,0.00,0,3.00,0,0,0,0,1,0,'2022-01-09 14:09:22'),(292,'506f980000000a71',1,1,14,20,2,'5060980001','CRN10001','Water','00:00:00',2,'Postpaid',84.00,2,1,0.00,1,0.00,0.00,0,3.00,0,0,0,0,1,0,'2022-01-09 14:10:22'),(293,'506f980000000a70',1,1,14,19,2,'5060980000','CRN10001','Water','00:00:00',720,'Postpaid',85.00,2,1,0.00,1,0.00,0.00,0,0.00,0,0,0,0,1,0,'2022-01-09 14:11:22'),(294,'506f980000000a71',1,1,14,20,2,'5060980001','CRN10001','Water','00:00:00',2,'Postpaid',85.00,2,1,0.00,1,0.00,0.00,0,3.00,0,0,0,0,1,0,'2022-01-09 14:12:23'),(295,'506f980000000a70',1,1,14,19,2,'5060980000','CRN10001','Water','00:00:00',2,'Postpaid',85.00,2,1,0.00,1,0.00,0.00,0,0.00,0,0,0,0,1,0,'2022-01-09 14:13:23'),(296,'506f980000000a71',1,1,14,20,2,'5060980001','CRN10001','Water','00:00:00',2,'Postpaid',85.00,2,1,0.00,1,0.00,0.00,0,3.00,0,0,0,0,1,0,'2022-01-09 14:14:27'),(297,'506f980000000a70',1,1,14,19,2,'5060980000','CRN10001','Water','00:00:00',2,'Postpaid',84.00,2,1,0.00,1,0.00,0.00,0,0.00,0,0,0,0,1,0,'2022-01-09 14:15:30'),(298,'506f980000000a71',1,1,14,20,2,'5060980001','CRN10001','Water','00:00:00',2,'Postpaid',85.00,2,1,0.00,1,0.00,0.00,0,3.00,0,0,0,0,1,0,'2022-01-09 14:15:31'),(299,'b5a',1,1,11,16,2,'1001','ca1001','Water','00:00:00',20,'Postpaid',86.00,2,1,0.00,1,0.00,0.00,0,949.00,0,0,0,0,1,0,'2022-01-09 14:16:40'),(300,'506f980000000a70',1,1,14,19,2,'5060980000','CRN10001','Water','00:00:00',2,'Postpaid',84.00,2,1,0.00,1,0.00,0.00,0,0.00,0,0,0,0,1,0,'2022-01-09 14:17:41'),(301,'506f980000000a71',1,1,14,20,2,'5060980001','CRN10001','Water','00:00:00',2,'Postpaid',85.00,2,1,0.00,1,0.00,0.00,0,3.00,0,0,0,0,1,0,'2022-01-09 14:17:41'),(302,'506f980000000a70',1,1,14,19,2,'5060980000','CRN10001','Water','00:00:00',2,'Postpaid',85.00,2,1,0.00,1,0.00,0.00,0,0.00,0,0,0,0,1,0,'2022-01-09 14:19:45'),(303,'506f980000000a71',1,1,14,20,2,'5060980001','CRN10001','Water','00:00:00',2,'Postpaid',85.00,2,1,0.00,1,0.00,0.00,0,3.00,0,0,0,0,1,0,'2022-01-09 14:19:45'),(304,'506f980000000a70',1,1,14,19,2,'5060980000','CRN10001','Water','00:00:00',2,'Postpaid',84.00,2,1,0.00,1,0.00,0.00,0,0.00,0,0,0,0,1,0,'2022-01-09 14:21:49'),(305,'506f980000000a71',1,1,14,20,2,'5060980001','CRN10001','Water','00:00:00',2,'Postpaid',85.00,2,1,0.00,1,0.00,0.00,0,3.00,0,0,0,0,1,0,'2022-01-09 14:21:49'),(306,'506f980000000a70',1,1,14,19,2,'5060980000','CRN10001','Water','00:00:00',2,'Postpaid',84.00,2,1,0.00,1,0.00,0.00,0,0.00,0,0,0,0,1,0,'2022-01-09 14:24:00'),(307,'506f980000000a71',1,1,14,20,2,'5060980001','CRN10001','Water','00:00:00',2,'Postpaid',85.00,2,1,0.00,1,0.00,0.00,0,3.00,0,0,0,0,1,0,'2022-01-09 14:24:00'),(308,'506f980000000a70',1,1,14,19,2,'5060980000','CRN10001','Water','00:00:00',2,'Postpaid',84.00,2,1,0.00,1,0.00,0.00,0,0.00,0,0,0,0,1,0,'2022-01-09 14:26:01'),(309,'506f980000000a71',1,1,14,20,2,'5060980001','CRN10001','Water','00:00:00',2,'Postpaid',84.00,2,1,0.00,1,0.00,0.00,0,3.00,0,0,0,0,1,0,'2022-01-09 14:26:01'),(310,'506f980000000b3c',1,1,15,27,2,'10000007','CRN100002','Water','00:00:00',720,'Postpaid',82.00,2,1,0.00,1,0.00,0.00,0,34.00,0,0,0,0,1,0,'2022-01-09 14:26:01'),(311,'506f980000000b32',1,1,15,23,2,'10000003','CRN100002','Water','00:00:00',720,'Postpaid',85.00,2,1,0.00,2,0.00,0.00,0,6.00,0,0,0,0,1,0,'2022-01-09 14:27:11'),(312,'506f980000000b3c',1,1,15,27,2,'10000007','CRN100002','Water','00:00:00',720,'Postpaid',82.00,2,1,0.00,1,0.00,0.00,0,34.00,0,0,0,0,1,0,'2022-01-09 14:27:13'),(313,'b5d',1,1,12,17,2,'1002','CA1002','Water','00:00:00',25,'Postpaid',86.00,2,1,0.00,1,0.00,0.00,0,28752.00,0,0,0,0,1,0,'2022-01-09 14:27:13'),(314,'506f980000000a70',1,1,14,19,2,'5060980000','CRN10001','Water','00:00:00',2,'Postpaid',84.00,2,1,0.00,1,0.00,0.00,0,0.00,0,0,0,0,1,0,'2022-01-09 14:28:15'),(315,'506f980000000a71',1,1,14,20,2,'5060980001','CRN10001','Water','00:00:00',2,'Postpaid',84.00,2,1,0.00,1,0.00,0.00,0,3.00,0,0,0,0,1,0,'2022-01-09 14:28:16'),(316,'506f980000000a71',1,1,14,20,2,'5060980001','CRN10001','Water','00:00:00',720,'Postpaid',84.00,2,1,0.00,1,0.00,0.00,0,3.00,0,0,0,0,1,0,'2022-01-09 14:29:16'),(317,'506f980000000b37',1,1,15,25,2,'10000005','CRN100002','Water','00:00:00',720,'Postpaid',86.00,2,1,0.00,2,0.00,0.00,0,26.00,0,0,0,0,1,0,'2022-01-09 14:29:17'),(318,'506f980000000a70',1,1,14,19,2,'5060980000','CRN10001','Water','00:00:00',720,'Postpaid',84.00,2,1,0.00,1,0.00,0.00,0,0.00,0,0,0,0,1,0,'2022-01-09 14:30:27'),(319,'506f980000000b31',1,1,15,22,2,'10000002','CRN100002','Water','00:00:00',720,'Postpaid',83.00,2,1,0.00,1,0.00,0.00,0,23.00,0,0,0,0,1,0,'2022-01-09 14:30:27'),(320,'506f980000000b37',1,1,15,25,2,'10000005','CRN100002','Water','00:00:00',720,'Postpaid',86.00,2,1,0.00,2,0.00,0.00,0,26.00,0,0,0,0,1,0,'2022-01-09 14:30:30'),(321,'506f980000000b30',1,1,15,21,2,'10000001','CRN100002','Water','00:00:00',720,'Postpaid',82.00,2,1,0.00,1,0.00,0.00,0,5.00,0,0,0,0,1,0,'2022-01-09 14:31:30'),(322,'506f980000000b3b',1,1,15,26,2,'10000006','CRN100002','Water','00:00:00',1,'Postpaid',85.00,2,1,0.00,1,0.00,0.00,0,2.00,0,0,0,0,1,0,'2022-01-09 14:31:32'),(323,'506f980000000b3b',1,1,15,26,2,'10000006','CRN100002','Water','00:00:00',1,'Postpaid',84.00,2,1,0.00,1,0.00,0.00,0,2.00,0,0,0,0,1,0,'2022-01-09 14:32:35'),(324,'506f980000000b3b',1,1,15,26,2,'10000006','CRN100002','Water','00:00:00',1,'Postpaid',84.00,2,1,0.00,1,0.00,0.00,0,2.00,0,0,0,0,1,0,'2022-01-09 14:33:36'),(325,'506f980000000b3b',1,1,15,26,2,'10000006','CRN100002','Water','00:00:00',1,'Postpaid',84.00,2,1,0.00,1,0.00,0.00,0,2.00,0,0,0,0,1,0,'2022-01-09 14:34:36'),(326,'506f980000000b3f',1,1,15,29,2,'10000008','CRN100002','Water','00:00:00',720,'Postpaid',85.00,2,1,0.00,2,0.00,0.00,0,1.00,0,0,0,0,1,0,'2022-01-09 14:35:37'),(327,'506f980000000b3f',1,1,15,29,2,'10000008','CRN100002','Water','00:00:00',720,'Postpaid',85.00,2,1,0.00,2,0.00,0.00,0,1.00,0,0,0,0,1,0,'2022-01-09 14:36:47'),(328,'506f980000000b3d',1,1,15,28,2,'10000007','CRN100002','Water','00:00:00',720,'Postpaid',85.00,2,1,0.00,1,0.00,0.00,0,5.00,0,0,0,0,1,0,'2022-01-09 14:36:47'),(329,'b5a',1,1,11,16,2,'1001','ca1001','Water','00:00:00',20,'Postpaid',86.00,2,1,0.00,1,0.00,0.00,0,949.00,0,0,0,0,1,0,'2022-01-09 14:36:48'),(330,'506f980000000b3b',1,1,15,26,2,'10000006','CRN100002','Water','00:00:00',1,'Postpaid',84.00,2,1,0.00,1,0.00,0.00,0,2.00,0,0,0,0,1,0,'2022-01-09 14:38:52'),(331,'506f980000000b3b',1,1,15,26,2,'10000006','CRN100002','Water','00:00:00',1,'Postpaid',84.00,2,1,0.00,1,0.00,0.00,0,2.00,0,0,0,0,1,0,'2022-01-09 14:41:58'),(332,'506f980000000b3b',1,1,15,26,2,'10000006','CRN100002','Water','00:00:00',1,'Postpaid',84.00,2,1,0.00,1,0.00,0.00,0,2.00,0,0,0,0,1,0,'2022-01-09 14:44:00'),(333,'506f980000000b3b',1,1,15,26,2,'10000006','CRN100002','Water','00:00:00',1,'Postpaid',84.00,2,1,0.00,1,0.00,0.00,0,2.00,0,0,0,0,1,0,'2022-01-09 14:45:02'),(334,'506f980000000b3b',1,1,15,26,2,'10000006','CRN100002','Water','00:00:00',1,'Postpaid',84.00,2,1,0.00,1,0.00,0.00,0,2.00,0,0,0,0,1,0,'2022-01-09 14:46:02'),(335,'506f980000000b3b',1,1,15,26,2,'10000006','CRN100002','Water','00:00:00',1,'Postpaid',84.00,2,1,0.00,1,0.00,0.00,0,2.00,0,0,0,0,1,0,'2022-01-09 14:47:04'),(336,'506f980000000b3b',1,1,15,26,2,'10000006','CRN100002','Water','00:00:00',1,'Postpaid',85.00,2,1,0.00,1,0.00,0.00,0,2.00,0,0,0,0,1,0,'2022-01-09 14:48:05'),(337,'506f980000000b3b',1,1,15,26,2,'10000006','CRN100002','Water','00:00:00',1,'Postpaid',85.00,2,1,0.00,1,0.00,0.00,0,2.00,0,0,0,0,1,0,'2022-01-09 14:49:06'),(338,'506f980000000b3b',1,1,15,26,2,'10000006','CRN100002','Water','00:00:00',1,'Postpaid',85.00,2,1,0.00,1,0.00,0.00,0,2.00,0,0,0,0,1,0,'2022-01-09 14:50:08'),(339,'b5d',1,1,12,17,2,'1002','CA1002','Water','00:00:00',25,'Postpaid',86.00,2,1,0.00,1,0.00,0.00,0,28752.00,0,0,0,0,1,0,'2022-01-09 14:51:08'),(340,'506f980000000b3b',1,1,15,26,2,'10000006','CRN100002','Water','00:00:00',1,'Postpaid',84.00,2,1,0.00,1,0.00,0.00,0,2.00,0,0,0,0,1,0,'2022-01-09 14:52:09'),(341,'506f980000000b3b',1,1,15,26,2,'10000006','CRN100002','Water','00:00:00',1,'Postpaid',84.00,2,1,0.00,1,0.00,0.00,0,2.00,0,0,0,0,1,0,'2022-01-09 14:53:11'),(342,'506f980000000b3b',1,1,15,26,2,'10000006','CRN100002','Water','00:00:00',1,'Postpaid',85.00,2,1,0.00,1,0.00,0.00,0,2.00,0,0,0,0,1,0,'2022-01-09 14:54:11'),(343,'506f980000000b3b',1,1,15,26,2,'10000006','CRN100002','Water','00:00:00',1,'Postpaid',84.00,2,1,0.00,1,0.00,0.00,0,2.00,0,0,0,0,1,0,'2022-01-09 14:55:17'),(344,'506f980000000b3b',1,1,15,26,2,'10000006','CRN100002','Water','00:00:00',1,'Postpaid',84.00,2,1,0.00,1,0.00,0.00,0,2.00,0,0,0,0,1,0,'2022-01-09 14:57:18'),(345,'506f980000000b3b',1,1,15,26,2,'10000006','CRN100002','Water','00:00:00',1,'Postpaid',84.00,2,1,0.00,1,0.00,0.00,0,2.00,0,0,0,0,1,0,'2022-01-09 14:58:19'),(346,'506f980000000b3b',1,1,15,26,2,'10000006','CRN100002','Water','00:00:00',1,'Postpaid',84.00,2,1,0.00,1,0.00,0.00,0,2.00,0,0,0,0,1,0,'2022-01-09 14:59:20'),(347,'506f980000000b3b',1,1,15,26,2,'10000006','CRN100002','Water','00:00:00',1,'Postpaid',84.00,2,1,0.00,1,0.00,0.00,0,2.00,0,0,0,0,1,0,'2022-01-09 15:00:23'),(348,'506f980000000b3b',1,1,15,26,2,'10000006','CRN100002','Water','00:00:00',1,'Postpaid',85.00,2,1,0.00,1,0.00,0.00,0,2.00,0,0,0,0,1,0,'2022-01-09 15:01:24'),(349,'506f980000000b3b',1,1,15,26,2,'10000006','CRN100002','Water','00:00:00',1,'Postpaid',84.00,2,1,0.00,1,0.00,0.00,0,2.00,0,0,0,0,1,0,'2022-01-09 15:02:29'),(350,'506f980000000b3b',1,1,15,26,2,'10000006','CRN100002','Water','00:00:00',1,'Postpaid',84.00,2,1,0.00,1,0.00,0.00,0,2.00,0,0,0,0,1,0,'2022-01-09 15:03:29'),(351,'506f980000000b3b',1,1,15,26,2,'10000006','CRN100002','Water','00:00:00',1,'Postpaid',85.00,2,1,0.00,1,0.00,0.00,0,2.00,0,0,0,0,1,0,'2022-01-09 15:04:30'),(352,'506f980000000b3b',1,1,15,26,2,'10000006','CRN100002','Water','00:00:00',1,'Postpaid',84.00,2,1,0.00,1,0.00,0.00,0,2.00,0,0,0,0,1,0,'2022-01-09 15:05:40'),(353,'506f980000000b3b',1,1,15,26,2,'10000006','CRN100002','Water','00:00:00',1,'Postpaid',85.00,2,1,0.00,1,0.00,0.00,0,2.00,0,0,0,0,1,0,'2022-01-09 15:06:40'),(354,'506f980000000b3b',1,1,15,26,2,'10000006','CRN100002','Water','00:00:00',1,'Postpaid',84.00,2,1,0.00,1,0.00,0.00,0,2.00,0,0,0,0,1,0,'2022-01-09 15:07:41'),(355,'506f980000000b3b',1,1,15,26,2,'10000006','CRN100002','Water','00:00:00',1,'Postpaid',84.00,2,1,0.00,1,0.00,0.00,0,2.00,0,0,0,0,1,0,'2022-01-09 15:08:42'),(356,'506f980000000b3b',1,1,15,26,2,'10000006','CRN100002','Water','00:00:00',1,'Postpaid',84.00,2,1,0.00,1,0.00,0.00,0,2.00,0,0,0,0,1,0,'2022-01-09 15:09:44'),(357,'506f980000000b3b',1,1,15,26,2,'10000006','CRN100002','Water','00:00:00',1,'Postpaid',85.00,2,1,0.00,1,0.00,0.00,0,2.00,0,0,0,0,1,0,'2022-01-09 15:10:44'),(358,'506f980000000b3b',1,1,15,26,2,'10000006','CRN100002','Water','00:00:00',1,'Postpaid',85.00,2,1,0.00,1,0.00,0.00,0,2.00,0,0,0,0,1,0,'2022-01-09 15:11:45'),(359,'506f980000000b3b',1,1,15,26,2,'10000006','CRN100002','Water','00:00:00',1,'Postpaid',85.00,2,1,0.00,1,0.00,0.00,0,2.00,0,0,0,0,1,0,'2022-01-09 15:13:47'),(360,'506f980000000b3b',1,1,15,26,2,'10000006','CRN100002','Water','00:00:00',1,'Postpaid',85.00,2,1,0.00,1,0.00,0.00,0,2.00,0,0,0,0,1,0,'2022-01-09 15:14:47'),(361,'506f980000000b3b',1,1,15,26,2,'10000006','CRN100002','Water','00:00:00',1,'Postpaid',85.00,2,1,0.00,1,0.00,0.00,0,2.00,0,0,0,0,1,0,'2022-01-09 15:16:48'),(362,'b5a',1,1,11,16,2,'1001','ca1001','Water','00:00:00',20,'Postpaid',86.00,2,1,0.00,1,0.00,0.00,0,949.00,0,0,0,0,1,0,'2022-01-09 15:16:48'),(363,'b5d',1,1,12,17,2,'1002','CA1002','Water','00:00:00',25,'Postpaid',85.00,2,1,0.00,1,0.00,0.00,0,28752.00,0,0,0,0,1,0,'2022-01-09 15:16:48'),(364,'506f980000000b3b',1,1,15,26,2,'10000006','CRN100002','Water','00:00:00',1,'Postpaid',84.00,2,1,0.00,1,0.00,0.00,0,2.00,0,0,0,0,1,0,'2022-01-09 15:17:49'),(365,'506f980000000b3b',1,1,15,26,2,'10000006','CRN100002','Water','00:00:00',1,'Postpaid',85.00,2,1,0.00,1,0.00,0.00,0,2.00,0,0,0,0,1,0,'2022-01-09 15:18:51'),(366,'506f980000000b3b',1,1,15,26,2,'10000006','CRN100002','Water','00:00:00',1,'Postpaid',85.00,2,1,0.00,1,0.00,0.00,0,2.00,0,0,0,0,1,0,'2022-01-09 15:19:52'),(367,'506f980000000b3b',1,1,15,26,2,'10000006','CRN100002','Water','00:00:00',1,'Postpaid',85.00,2,1,0.00,1,0.00,0.00,0,2.00,0,0,0,0,1,0,'2022-01-09 15:21:54'),(368,'506f980000000b3b',1,1,15,26,2,'10000006','CRN100002','Water','00:00:00',1,'Postpaid',85.00,2,1,0.00,1,0.00,0.00,0,2.00,0,0,0,0,1,0,'2022-01-09 15:22:55'),(369,'506f980000000b3b',1,1,15,26,2,'10000006','CRN100002','Water','00:00:00',1,'Postpaid',85.00,2,1,0.00,1,0.00,0.00,0,2.00,0,0,0,0,1,0,'2022-01-09 15:23:55'),(370,'506f980000000b3b',1,1,15,26,2,'10000006','CRN100002','Water','00:00:00',1,'Postpaid',85.00,2,1,0.00,1,0.00,0.00,0,2.00,0,0,0,0,1,0,'2022-01-09 15:24:59'),(371,'506f980000000b3b',1,1,15,26,2,'10000006','CRN100002','Water','00:00:00',1,'Postpaid',85.00,2,1,0.00,1,0.00,0.00,0,2.00,0,0,0,0,1,0,'2022-01-09 15:25:59'),(372,'506f980000000b3b',1,1,15,26,2,'10000006','CRN100002','Water','00:00:00',1,'Postpaid',85.00,2,1,0.00,1,0.00,0.00,0,2.00,0,0,0,0,1,0,'2022-01-09 15:27:00'),(373,'506f980000000b3b',1,1,15,26,2,'10000006','CRN100002','Water','00:00:00',1,'Postpaid',85.00,2,1,0.00,1,0.00,0.00,0,2.00,0,0,0,0,1,0,'2022-01-09 15:28:02'),(374,'506f980000000b3b',1,1,15,26,2,'10000006','CRN100002','Water','00:00:00',1,'Postpaid',85.00,2,1,0.00,1,0.00,0.00,0,2.00,0,0,0,0,1,0,'2022-01-09 15:29:08'),(375,'506f980000000b3b',1,1,15,26,2,'10000006','CRN100002','Water','00:00:00',1,'Postpaid',85.00,2,1,0.00,1,0.00,0.00,0,2.00,0,0,0,0,1,0,'2022-01-09 15:30:09'),(376,'506f980000000b3b',1,1,15,26,2,'10000006','CRN100002','Water','00:00:00',1,'Postpaid',85.00,2,1,0.00,1,0.00,0.00,0,2.00,0,0,0,0,1,0,'2022-01-09 15:31:09'),(377,'506f980000000b3b',1,1,15,26,2,'10000006','CRN100002','Water','00:00:00',1,'Postpaid',85.00,2,1,0.00,1,0.00,0.00,0,2.00,0,0,0,0,1,0,'2022-01-09 15:32:12'),(378,'506f980000000b3b',1,1,15,26,2,'10000006','CRN100002','Water','00:00:00',720,'Postpaid',85.00,2,1,0.00,1,0.00,0.00,0,2.00,0,0,0,0,1,0,'2022-01-09 15:33:13'),(379,'b5a',1,1,11,16,2,'1001','ca1001','Water','00:00:00',20,'Postpaid',86.00,2,1,0.00,1,0.00,0.00,0,949.00,0,0,0,0,1,0,'2022-01-09 15:36:14'),(380,'b5d',1,1,12,17,2,'1002','CA1002','Water','00:00:00',25,'Postpaid',86.00,2,1,0.00,1,0.00,0.00,0,28752.00,0,0,0,0,1,0,'2022-01-09 15:41:17'),(381,'b5a',1,1,11,16,2,'1001','ca1001','Water','00:00:00',20,'Postpaid',86.00,2,1,0.00,1,0.00,0.00,0,949.00,0,0,0,0,1,0,'2022-01-09 15:56:24'),(382,'b5d',1,1,12,17,2,'1002','CA1002','Water','00:00:00',25,'Postpaid',86.00,2,1,0.00,1,0.00,0.00,0,28752.00,0,0,0,0,1,0,'2022-01-09 16:06:27'),(383,'b5a',1,1,11,16,2,'1001','ca1001','Water','00:00:00',20,'Postpaid',86.00,2,1,0.00,1,0.00,0.00,0,949.00,0,0,0,0,1,0,'2022-01-09 16:16:36'),(384,'b5d',1,1,12,17,2,'1002','CA1002','Water','00:00:00',25,'Postpaid',85.00,2,1,0.00,1,0.00,0.00,0,28752.00,0,0,0,0,1,0,'2022-01-09 16:31:45'),(385,'b5a',1,1,11,16,2,'1001','ca1001','Water','00:00:00',20,'Postpaid',86.00,2,1,0.00,1,0.00,0.00,0,949.00,0,0,0,0,1,0,'2022-01-09 16:36:48'),(386,'b5a',1,1,11,16,2,'1001','ca1001','Water','00:00:00',20,'Postpaid',86.00,2,1,0.00,1,0.00,0.00,0,949.00,0,0,0,0,1,0,'2022-01-09 16:56:00'),(387,'b5d',1,1,12,17,2,'1002','CA1002','Water','00:00:00',25,'Postpaid',85.00,2,1,0.00,1,0.00,0.00,0,28752.00,0,0,0,0,1,0,'2022-01-09 16:57:01'),(388,'b5a',1,1,11,16,2,'1001','ca1001','Water','00:00:00',20,'Postpaid',86.00,2,1,0.00,1,0.00,0.00,0,949.00,0,0,0,0,1,0,'2022-01-09 17:16:30'),(389,'b5d',1,1,12,17,2,'1002','CA1002','Water','00:00:00',25,'Postpaid',86.00,2,1,0.00,1,0.00,0.00,0,28752.00,0,0,0,0,1,0,'2022-01-09 17:23:15'),(390,'b5a',1,1,11,16,2,'1001','ca1001','Water','00:00:00',20,'Postpaid',86.00,2,1,0.00,1,0.00,0.00,0,949.00,0,0,0,0,1,0,'2022-01-09 17:35:56'),(391,'b5d',1,1,12,17,2,'1002','CA1002','Water','00:00:00',25,'Postpaid',85.00,2,1,0.00,1,0.00,0.00,0,28752.00,0,0,0,0,1,0,'2022-01-09 17:49:38'),(392,'b5a',1,1,11,16,2,'1001','ca1001','Water','00:00:00',20,'Postpaid',86.00,2,1,0.00,1,0.00,0.00,0,949.00,0,0,0,0,1,0,'2022-01-09 17:57:06'),(393,'b5d',1,1,12,17,2,'1002','CA1002','Water','00:00:00',25,'Postpaid',86.00,2,1,0.00,1,0.00,0.00,0,28752.00,0,0,0,0,1,0,'2022-01-09 18:11:53'),(394,'b5a',1,1,11,16,2,'1001','ca1001','Water','00:00:00',20,'Postpaid',86.00,2,1,0.00,1,0.00,0.00,0,949.00,0,0,0,0,1,0,'2022-01-09 18:16:01'),(395,'b5a',1,1,11,16,2,'1001','ca1001','Water','00:00:00',20,'Postpaid',86.00,2,1,0.00,1,0.00,0.00,0,949.00,0,0,0,0,1,0,'2022-01-09 18:36:37'),(396,'b5d',1,1,12,17,2,'1002','CA1002','Water','00:00:00',25,'Postpaid',86.00,2,1,0.00,1,0.00,0.00,0,28752.00,0,0,0,0,1,0,'2022-01-09 18:36:37'),(397,'b5a',1,1,11,16,2,'1001','ca1001','Water','00:00:00',20,'Postpaid',85.00,2,1,0.00,1,0.00,0.00,0,949.00,0,0,0,0,1,0,'2022-01-09 18:56:18'),(398,'b5d',1,1,12,17,2,'1002','CA1002','Water','00:00:00',25,'Postpaid',86.00,2,1,0.00,1,0.00,0.00,0,28752.00,0,0,0,0,1,0,'2022-01-09 19:01:22'),(399,'b5a',1,1,11,16,2,'1001','ca1001','Water','00:00:00',20,'Postpaid',86.00,2,1,0.00,1,0.00,0.00,0,949.00,0,0,0,0,1,0,'2022-01-09 19:16:14'),(400,'b5d',1,1,12,17,2,'1002','CA1002','Water','00:00:00',25,'Postpaid',86.00,2,1,0.00,1,0.00,0.00,0,28752.00,0,0,0,0,1,0,'2022-01-09 19:26:23'),(401,'b5d',1,1,12,17,2,'1002','CA1002','Water','00:00:00',25,'Postpaid',86.00,2,1,0.00,1,0.00,0.00,0,28752.00,0,0,0,0,1,0,'2022-01-09 19:51:22'),(402,'b5a',1,1,11,16,2,'1001','ca1001','Water','00:00:00',20,'Postpaid',85.00,2,1,0.00,1,0.00,0.00,0,949.00,0,0,0,0,1,0,'2022-01-09 19:56:22'),(403,'b5a',1,1,11,16,2,'1001','ca1001','Water','00:00:00',20,'Postpaid',85.00,2,1,0.00,1,0.00,0.00,0,949.00,0,0,0,0,1,0,'2022-01-09 20:16:23'),(404,'b5d',1,1,12,17,2,'1002','CA1002','Water','00:00:00',25,'Postpaid',85.00,2,1,0.00,1,0.00,0.00,0,28752.00,0,0,0,0,1,0,'2022-01-09 20:17:24'),(405,'506f980000000b32',1,1,15,23,2,'10000003','CRN100002','Water','00:00:00',720,'Postpaid',85.00,2,1,0.00,2,0.00,0.00,0,6.00,0,0,0,0,1,0,'2022-01-09 20:27:24'),(406,'506f980000000a71',1,1,14,20,2,'5060980001','CRN10001','Water','00:00:00',720,'Postpaid',84.00,2,1,0.00,1,0.00,0.00,0,3.00,0,0,0,0,1,0,'2022-01-09 20:28:32'),(407,'506f980000000b35',1,1,15,24,2,'10000004','CRN100002','Water','00:00:00',720,'Postpaid',84.00,2,1,0.00,1,0.00,0.00,0,22.00,0,0,0,0,1,0,'2022-01-09 20:28:33'),(408,'506f980000000b3f',1,1,15,29,2,'10000008','CRN100002','Water','00:00:00',720,'Postpaid',84.00,2,1,0.00,2,0.00,0.00,0,1.00,0,0,0,0,1,0,'2022-01-09 20:36:48'),(409,'506f980000000b3d',1,1,15,28,2,'10000007','CRN100002','Water','00:00:00',720,'Postpaid',85.00,2,1,0.00,1,0.00,0.00,0,5.00,0,0,0,0,1,0,'2022-01-09 20:36:49'),(410,'b5a',1,1,11,16,2,'1001','ca1001','Water','00:00:00',20,'Postpaid',86.00,2,1,0.00,1,0.00,0.00,0,949.00,0,0,0,0,1,0,'2022-01-09 20:36:49'),(411,'b5d',1,1,12,17,2,'1002','CA1002','Water','00:00:00',25,'Postpaid',86.00,2,1,0.00,1,0.00,0.00,0,28752.00,0,0,0,0,1,0,'2022-01-09 20:41:56'),(412,'b5a',1,1,11,16,2,'1001','ca1001','Water','00:00:00',20,'Postpaid',86.00,2,1,0.00,1,0.00,0.00,0,949.00,0,0,0,0,1,0,'2022-01-09 20:59:28'),(413,'b5d',1,1,12,17,2,'1002','CA1002','Water','00:00:00',25,'Postpaid',86.00,2,1,0.00,1,0.00,0.00,0,28752.00,0,0,0,0,1,0,'2022-01-09 21:06:29'),(414,'b5a',1,1,11,16,2,'1001','ca1001','Water','00:00:00',20,'Postpaid',86.00,2,1,0.00,1,0.00,0.00,0,949.00,0,0,0,0,1,0,'2022-01-09 21:16:48'),(415,'b5a',1,1,11,16,2,'1001','ca1001','Water','00:00:00',20,'Postpaid',86.00,2,1,0.00,1,0.00,0.00,0,949.00,0,0,0,0,1,0,'2022-01-09 21:17:48'),(416,'b5d',1,1,12,17,2,'1002','CA1002','Water','00:00:00',25,'Postpaid',86.00,2,1,0.00,1,0.00,0.00,0,28752.00,0,0,0,0,1,0,'2022-01-09 21:31:49'),(417,'b5a',1,1,11,16,2,'1001','ca1001','Water','00:00:00',20,'Postpaid',86.00,2,1,0.00,1,0.00,0.00,0,949.00,0,0,0,0,1,0,'2022-01-09 21:49:02'),(418,'b5a',1,1,11,16,2,'1001','ca1001','Water','00:00:00',20,'Postpaid',86.00,2,1,0.00,1,0.00,0.00,0,949.00,0,0,0,0,1,0,'2022-01-09 21:56:04'),(419,'b5d',1,1,12,17,2,'1002','CA1002','Water','00:00:00',25,'Postpaid',86.00,2,1,0.00,1,0.00,0.00,0,28752.00,0,0,0,0,1,0,'2022-01-09 21:59:33'),(420,'b5a',1,1,11,16,2,'1001','ca1001','Water','00:00:00',20,'Postpaid',86.00,2,1,0.00,1,0.00,0.00,0,949.00,0,0,0,0,1,0,'2022-01-09 22:21:23'),(421,'b5d',1,1,12,17,2,'1002','CA1002','Water','00:00:00',25,'Postpaid',86.00,2,1,0.00,1,0.00,0.00,0,28752.00,0,0,0,0,1,0,'2022-01-09 22:21:24'),(422,'b5a',1,1,11,16,2,'1001','ca1001','Water','00:00:00',20,'Postpaid',86.00,2,1,0.00,1,0.00,0.00,0,949.00,0,0,0,0,1,0,'2022-01-09 22:36:26'),(423,'b5d',1,1,12,17,2,'1002','CA1002','Water','00:00:00',25,'Postpaid',86.00,2,1,0.00,1,0.00,0.00,0,28752.00,0,0,0,0,1,0,'2022-01-09 22:46:33'),(424,'b5a',1,1,11,16,2,'1001','ca1001','Water','00:00:00',20,'Postpaid',86.00,2,1,0.00,1,0.00,0.00,0,949.00,0,0,0,0,1,0,'2022-01-09 22:57:43'),(425,'b5d',1,1,12,17,2,'1002','CA1002','Water','00:00:00',25,'Postpaid',86.00,2,1,0.00,1,0.00,0.00,0,28752.00,0,0,0,0,1,0,'2022-01-09 23:11:45'),(426,'b5a',1,1,11,16,2,'1001','ca1001','Water','00:00:00',20,'Postpaid',86.00,2,1,0.00,1,0.00,0.00,0,949.00,0,0,0,0,1,0,'2022-01-09 23:16:46'),(427,'b5a',1,1,11,16,2,'1001','ca1001','Water','00:00:00',20,'Postpaid',86.00,2,1,0.00,1,0.00,0.00,0,949.00,0,0,0,0,1,0,'2022-01-09 23:37:05'),(428,'b5d',1,1,12,17,2,'1002','CA1002','Water','00:00:00',25,'Postpaid',86.00,2,1,0.00,1,0.00,0.00,0,28752.00,0,0,0,0,1,0,'2022-01-09 23:37:06'),(429,'b5a',1,1,11,16,2,'1001','ca1001','Water','00:00:00',20,'Postpaid',86.00,2,1,0.00,1,0.00,0.00,0,949.00,0,0,0,0,1,0,'2022-01-09 23:56:15'),(430,'b5d',1,1,12,17,2,'1002','CA1002','Water','00:00:00',25,'Postpaid',86.00,2,1,0.00,1,0.00,0.00,0,28752.00,0,0,0,0,1,0,'2022-01-10 00:01:15'),(431,'b5a',1,1,11,16,2,'1001','ca1001','Water','00:00:00',20,'Postpaid',86.00,2,1,0.00,1,0.00,0.00,0,949.00,0,0,0,0,1,0,'2022-01-10 00:16:27'),(432,'b5a',1,1,11,16,2,'1001','ca1001','Water','00:00:00',20,'Postpaid',86.00,2,1,0.00,1,0.00,0.00,0,949.00,0,0,0,0,1,0,'2022-01-10 00:17:27'),(433,'b5d',1,1,12,17,2,'1002','CA1002','Water','00:00:00',25,'Postpaid',86.00,2,1,0.00,1,0.00,0.00,0,28752.00,0,0,0,0,1,0,'2022-01-10 00:26:28'),(434,'b5a',1,1,11,16,2,'1001','ca1001','Water','00:00:00',20,'Postpaid',86.00,2,1,0.00,1,0.00,0.00,0,949.00,0,0,0,0,1,0,'2022-01-10 00:36:29'),(435,'b5d',1,1,12,17,2,'1002','CA1002','Water','00:00:00',25,'Postpaid',86.00,2,1,0.00,1,0.00,0.00,0,28752.00,0,0,0,0,1,0,'2022-01-10 00:51:29'),(436,'b5a',1,1,11,16,2,'1001','ca1001','Water','00:00:00',20,'Postpaid',86.00,2,1,0.00,1,0.00,0.00,0,949.00,0,0,0,0,1,0,'2022-01-10 00:56:30'),(437,'b5a',1,1,11,16,2,'1001','ca1001','Water','00:00:00',20,'Postpaid',86.00,2,1,0.00,1,0.00,0.00,0,949.00,0,0,0,0,1,0,'2022-01-10 01:16:31'),(438,'b5d',1,1,12,17,2,'1002','CA1002','Water','00:00:00',25,'Postpaid',86.00,2,1,0.00,1,0.00,0.00,0,28752.00,0,0,0,0,1,0,'2022-01-10 01:16:31'),(439,'b5a',1,1,11,16,2,'1001','ca1001','Water','00:00:00',20,'Postpaid',86.00,2,1,0.00,1,0.00,0.00,0,949.00,0,0,0,0,1,0,'2022-01-10 01:36:34'),(440,'b5d',1,1,12,17,2,'1002','CA1002','Water','00:00:00',25,'Postpaid',86.00,2,1,0.00,1,0.00,0.00,0,28752.00,0,0,0,0,1,0,'2022-01-10 01:41:35'),(441,'b5a',1,1,11,16,2,'1001','ca1001','Water','00:00:00',20,'Postpaid',86.00,2,1,0.00,1,0.00,0.00,0,949.00,0,0,0,0,1,0,'2022-01-10 01:56:36'),(442,'506f980000000a71',1,1,14,20,2,'5060980001','CRN10001','Water','00:00:00',720,'Postpaid',86.00,2,1,0.00,1,0.00,0.00,0,3.00,0,0,0,0,1,0,'2022-01-10 02:05:36'),(443,'b5d',1,1,12,17,2,'1002','CA1002','Water','00:00:00',25,'Postpaid',86.00,2,1,0.00,1,0.00,0.00,0,28752.00,0,0,0,0,1,0,'2022-01-10 02:06:38'),(444,'506f980000000a70',1,1,14,19,2,'5060980000','CRN10001','Water','00:00:00',720,'Postpaid',84.00,2,1,0.00,1,0.00,0.00,0,0.00,0,0,0,0,1,0,'2022-01-10 02:11:39'),(445,'506f980000000a70',1,1,14,19,2,'5060980000','CRN10001','Water','00:00:00',720,'Postpaid',84.00,2,1,0.00,1,0.00,0.00,0,0.00,0,0,0,0,1,0,'2022-01-10 02:12:48'),(446,'b5a',1,1,11,16,2,'1001','ca1001','Water','00:00:00',20,'Postpaid',86.00,2,1,0.00,1,0.00,0.00,0,949.00,0,0,0,0,1,0,'2022-01-10 02:16:49'),(447,'506f980000000b3c',1,1,15,27,2,'10000007','CRN100002','Water','00:00:00',720,'Postpaid',82.00,2,1,0.00,1,0.00,0.00,0,34.00,0,0,0,0,1,0,'2022-01-10 02:25:49'),(448,'506f980000000b32',1,1,15,23,2,'10000003','CRN100002','Water','00:00:00',720,'Postpaid',85.00,2,1,0.00,2,0.00,0.00,0,6.00,0,0,0,0,1,0,'2022-01-10 02:26:51'),(449,'506f980000000b32',1,1,15,23,2,'10000003','CRN100002','Water','00:00:00',720,'Postpaid',85.00,2,1,0.00,2,0.00,0.00,0,6.00,0,0,0,0,1,0,'2022-01-10 02:28:01'),(450,'506f980000000b35',1,1,15,24,2,'10000004','CRN100002','Water','00:00:00',720,'Postpaid',84.00,2,1,0.00,1,0.00,0.00,0,22.00,0,0,0,0,1,0,'2022-01-10 02:28:01'),(451,'506f980000000b3b',1,1,15,26,2,'10000006','CRN100002','Water','00:00:00',720,'Postpaid',87.00,2,1,0.00,1,0.00,0.00,0,2.00,0,0,0,0,1,0,'2022-01-10 02:29:02'),(452,'506f980000000b37',1,1,15,25,2,'10000005','CRN100002','Water','00:00:00',720,'Postpaid',86.00,2,1,0.00,2,0.00,0.00,0,26.00,0,0,0,0,1,0,'2022-01-10 02:30:04'),(453,'506f980000000b30',1,1,15,21,2,'10000001','CRN100002','Water','00:00:00',720,'Postpaid',82.00,2,1,0.00,1,0.00,0.00,0,5.00,0,0,0,0,1,0,'2022-01-10 02:31:14'),(454,'506f980000000b31',1,1,15,22,2,'10000002','CRN100002','Water','00:00:00',720,'Postpaid',84.00,2,1,0.00,1,0.00,0.00,0,23.00,0,0,0,0,1,0,'2022-01-10 02:31:15'),(455,'506f980000000b37',1,1,15,25,2,'10000005','CRN100002','Water','00:00:00',720,'Postpaid',86.00,2,1,0.00,2,0.00,0.00,0,26.00,0,0,0,0,1,0,'2022-01-10 02:31:16'),(456,'b5d',1,1,12,17,2,'1002','CA1002','Water','00:00:00',25,'Postpaid',86.00,2,1,0.00,1,0.00,0.00,0,28752.00,0,0,0,0,1,0,'2022-01-10 02:32:17'),(457,'506f980000000b3f',1,1,15,29,2,'10000008','CRN100002','Water','00:00:00',720,'Postpaid',84.00,2,1,0.00,2,0.00,0.00,0,1.00,0,0,0,0,1,0,'2022-01-10 02:35:17'),(458,'506f980000000b3f',1,1,15,29,2,'10000008','CRN100002','Water','00:00:00',720,'Postpaid',84.00,2,1,0.00,2,0.00,0.00,0,1.00,0,0,0,0,1,0,'2022-01-10 02:36:27'),(459,'506f980000000b3d',1,1,15,28,2,'10000007','CRN100002','Water','00:00:00',720,'Postpaid',85.00,2,1,0.00,1,0.00,0.00,0,5.00,0,0,0,0,1,0,'2022-01-10 02:36:27'),(460,'b5a',1,1,11,16,2,'1001','ca1001','Water','00:00:00',20,'Postpaid',86.00,2,1,0.00,1,0.00,0.00,0,949.00,0,0,0,0,1,0,'2022-01-10 02:36:28'),(461,'b5a',1,1,11,16,2,'1001','ca1001','Water','00:00:00',20,'Postpaid',86.00,2,1,0.00,1,0.00,0.00,0,949.00,0,0,0,0,1,0,'2022-01-10 02:56:29'),(462,'b5d',1,1,12,17,2,'1002','CA1002','Water','00:00:00',25,'Postpaid',86.00,2,1,0.00,1,0.00,0.00,0,28752.00,0,0,0,0,1,0,'2022-01-10 02:56:29'),(463,'b5a',1,1,11,16,2,'1001','ca1001','Water','00:00:00',20,'Postpaid',86.00,2,1,0.00,1,0.00,0.00,0,949.00,0,0,0,0,1,0,'2022-01-10 03:16:30'),(464,'b5d',1,1,12,17,2,'1002','CA1002','Water','00:00:00',25,'Postpaid',86.00,2,1,0.00,1,0.00,0.00,0,28752.00,0,0,0,0,1,0,'2022-01-10 03:21:30'),(465,'b5a',1,1,11,16,2,'1001','ca1001','Water','00:00:00',20,'Postpaid',86.00,2,1,0.00,1,0.00,0.00,0,949.00,0,0,0,0,1,0,'2022-01-10 03:36:32'),(466,'b5d',1,1,12,17,2,'1002','CA1002','Water','00:00:00',25,'Postpaid',86.00,2,1,0.00,1,0.00,0.00,0,28752.00,0,0,0,0,1,0,'2022-01-10 03:46:33'),(467,'b5a',1,1,11,16,2,'1001','ca1001','Water','00:00:00',20,'Postpaid',86.00,2,1,0.00,1,0.00,0.00,0,949.00,0,0,0,0,1,0,'2022-01-10 03:56:33'),(468,'b5d',1,1,12,17,2,'1002','CA1002','Water','00:00:00',25,'Postpaid',86.00,2,1,0.00,1,0.00,0.00,0,28752.00,0,0,0,0,1,0,'2022-01-10 04:11:34'),(469,'b5a',1,1,11,16,2,'1001','ca1001','Water','00:00:00',20,'Postpaid',86.00,2,1,0.00,1,0.00,0.00,0,949.00,0,0,0,0,1,0,'2022-01-10 04:16:34'),(470,'b5a',1,1,11,16,2,'1001','ca1001','Water','00:00:00',20,'Postpaid',86.00,2,1,0.00,1,0.00,0.00,0,949.00,0,0,0,0,1,0,'2022-01-10 04:36:35'),(471,'b5d',1,1,12,17,2,'1002','CA1002','Water','00:00:00',25,'Postpaid',86.00,2,1,0.00,1,0.00,0.00,0,28752.00,0,0,0,0,1,0,'2022-01-10 04:36:35'),(472,'b5a',1,1,11,16,2,'1001','ca1001','Water','00:00:00',20,'Postpaid',86.00,2,1,0.00,1,0.00,0.00,0,949.00,0,0,0,0,1,0,'2022-01-10 04:56:36'),(473,'b5d',1,1,12,17,2,'1002','CA1002','Water','00:00:00',25,'Postpaid',86.00,2,1,0.00,1,0.00,0.00,0,28752.00,0,0,0,0,1,0,'2022-01-10 05:01:36'),(474,'b5a',1,1,11,16,2,'1001','ca1001','Water','00:00:00',20,'Postpaid',86.00,2,1,0.00,1,0.00,0.00,0,949.00,0,0,0,0,1,0,'2022-01-10 05:16:37'),(475,'b5d',1,1,12,17,2,'1002','CA1002','Water','00:00:00',25,'Postpaid',86.00,2,1,0.00,1,0.00,0.00,0,28752.00,0,0,0,0,1,0,'2022-01-10 05:26:38'),(476,'b5a',1,1,11,16,2,'1001','ca1001','Water','00:00:00',20,'Postpaid',86.00,2,1,0.00,1,0.00,0.00,0,949.00,0,0,0,0,1,0,'2022-01-10 05:36:39'),(477,'b5d',1,1,12,17,2,'1002','CA1002','Water','00:00:00',25,'Postpaid',87.00,2,1,0.00,1,0.00,0.00,0,28752.00,0,0,0,0,1,0,'2022-01-10 05:51:40'),(478,'b5a',1,1,11,16,2,'1001','ca1001','Water','00:00:00',20,'Postpaid',86.00,2,1,0.00,1,0.00,0.00,0,949.00,0,0,0,0,1,0,'2022-01-10 05:56:40'),(479,'b5a',1,1,11,16,2,'1001','ca1001','Water','00:00:00',20,'Postpaid',86.00,2,1,0.00,1,0.00,0.00,0,949.00,0,0,0,0,1,0,'2022-01-10 06:16:41'),(480,'b5d',1,1,12,17,2,'1002','CA1002','Water','00:00:00',25,'Postpaid',86.00,2,1,0.00,1,0.00,0.00,0,28752.00,0,0,0,0,1,0,'2022-01-10 06:16:41'),(481,'b5a',1,1,11,16,2,'1001','ca1001','Water','00:00:00',20,'Postpaid',86.00,2,1,0.00,1,0.00,0.00,0,949.00,0,0,0,0,1,0,'2022-01-10 06:36:42'),(482,'b5d',1,1,12,17,2,'1002','CA1002','Water','00:00:00',25,'Postpaid',87.00,2,1,0.00,1,0.00,0.00,0,28752.00,0,0,0,0,1,0,'2022-01-10 06:41:43'),(483,'b5a',1,1,11,16,2,'1001','ca1001','Water','00:00:00',20,'Postpaid',86.00,2,1,0.00,1,0.00,0.00,0,949.00,0,0,0,0,1,0,'2022-01-10 06:56:44'),(484,'b5d',1,1,12,17,2,'1002','CA1002','Water','00:00:00',25,'Postpaid',86.00,2,1,0.00,1,0.00,0.00,0,28752.00,0,0,0,0,1,0,'2022-01-10 07:06:45'),(485,'b5a',1,1,11,16,2,'1001','ca1001','Water','00:00:00',20,'Postpaid',86.00,2,1,0.00,1,0.00,0.00,0,949.00,0,0,0,0,1,0,'2022-01-10 07:16:02'),(486,'b5d',1,1,12,17,2,'1002','CA1002','Water','00:00:00',25,'Postpaid',87.00,2,1,0.00,1,0.00,0.00,0,28752.00,0,0,0,0,1,0,'2022-01-10 07:31:15'),(487,'b5a',1,1,11,16,2,'1001','ca1001','Water','00:00:00',20,'Postpaid',85.00,2,1,0.00,1,0.00,0.00,0,949.00,0,0,0,0,1,0,'2022-01-10 07:36:31'),(488,'b5a',1,1,11,16,2,'1001','ca1001','Water','00:00:00',20,'Postpaid',86.00,2,1,0.00,1,0.00,0.00,0,949.00,0,0,0,0,1,0,'2022-01-10 07:57:59'),(489,'b5a',1,1,11,16,2,'1001','ca1001','Water','00:00:00',20,'Postpaid',86.00,2,1,0.00,1,0.00,0.00,0,949.00,0,0,0,0,1,0,'2022-01-10 07:58:52'),(490,'b5d',1,1,12,17,2,'1002','CA1002','Water','00:00:00',25,'Postpaid',87.00,2,1,0.00,1,0.00,0.00,0,28752.00,0,0,0,0,1,0,'2022-01-10 07:58:52'),(491,'b5a',1,1,11,16,2,'1001','ca1001','Water','00:00:00',20,'Postpaid',86.00,2,1,0.00,1,0.00,0.00,0,949.00,0,0,0,0,1,0,'2022-01-10 08:15:58'),(492,'b5d',1,1,12,17,2,'1002','CA1002','Water','00:00:00',25,'Postpaid',87.00,2,1,0.00,1,0.00,0.00,0,28752.00,0,0,0,0,1,0,'2022-01-10 08:21:59'),(493,'506f980000000b37',1,1,15,25,2,'10000005','CRN100002','Water','00:00:00',720,'Postpaid',86.00,2,1,0.00,2,0.00,0.00,0,26.00,0,0,0,0,1,0,'2022-01-10 08:31:06'),(494,'506f980000000b3b',1,1,15,26,2,'10000006','CRN100002','Water','00:00:00',720,'Postpaid',87.00,2,1,0.00,1,0.00,0.00,0,2.00,0,0,0,0,1,0,'2022-01-10 08:31:06'),(495,'b5a',1,1,11,16,2,'1001','ca1001','Water','00:00:00',20,'Postpaid',86.00,2,1,0.00,1,0.00,0.00,0,949.00,0,0,0,0,1,0,'2022-01-10 08:36:08'),(496,'b5d',1,1,12,17,2,'1002','CA1002','Water','00:00:00',25,'Postpaid',87.00,2,1,0.00,1,0.00,0.00,0,28752.00,0,0,0,0,1,0,'2022-01-10 08:53:58'),(497,'b5a',1,1,11,16,2,'1001','ca1001','Water','00:00:00',20,'Postpaid',86.00,2,1,0.00,1,0.00,0.00,0,949.00,0,0,0,0,1,0,'2022-01-10 09:00:17'),(498,'b5d',1,1,12,17,2,'1002','CA1002','Water','00:00:00',25,'Postpaid',87.00,2,1,0.00,1,0.00,0.00,0,28752.00,0,0,0,0,1,0,'2022-01-10 09:11:17'),(499,'b5a',1,1,11,16,2,'1001','ca1001','Water','00:00:00',20,'Postpaid',86.00,2,1,0.00,1,0.00,0.00,0,949.00,0,0,0,0,1,0,'2022-01-10 09:16:18'),(500,'b5a',1,1,11,16,2,'1001','ca1001','Water','00:00:00',20,'Postpaid',86.00,2,1,0.00,1,0.00,0.00,0,949.00,0,0,0,0,1,0,'2022-01-10 09:36:40'),(501,'b5d',1,1,12,17,2,'1002','CA1002','Water','00:00:00',25,'Postpaid',87.00,2,1,0.00,1,0.00,0.00,0,28752.00,0,0,0,0,1,0,'2022-01-10 09:36:41'),(502,'b5a',1,1,11,16,2,'1001','ca1001','Water','00:00:00',20,'Postpaid',86.00,2,1,0.00,1,0.00,0.00,0,949.00,0,0,0,0,1,0,'2022-01-10 09:56:42'),(503,'b5d',1,1,12,17,2,'1002','CA1002','Water','00:00:00',25,'Postpaid',87.00,2,1,0.00,1,0.00,0.00,0,28752.00,0,0,0,0,1,0,'2022-01-10 10:01:43'),(504,'b5a',1,1,11,16,2,'1001','ca1001','Water','00:00:00',20,'Postpaid',86.00,2,1,0.00,1,0.00,0.00,0,949.00,0,0,0,0,1,0,'2022-01-10 10:16:45'),(505,'b5d',1,1,12,17,2,'1002','CA1002','Water','00:00:00',25,'Postpaid',86.00,2,1,0.00,1,0.00,0.00,0,28752.00,0,0,0,0,1,0,'2022-01-10 10:26:45'),(506,'b5a',1,1,11,16,2,'1001','ca1001','Water','00:00:00',20,'Postpaid',86.00,2,1,0.00,1,0.00,0.00,0,949.00,0,0,0,0,1,0,'2022-01-10 10:36:46'),(507,'b5d',1,1,12,17,2,'1002','CA1002','Water','00:00:00',25,'Postpaid',87.00,2,1,0.00,1,0.00,0.00,0,28752.00,0,0,0,0,1,0,'2022-01-10 10:51:47'),(508,'b5a',1,1,11,16,2,'1001','ca1001','Water','00:00:00',20,'Postpaid',86.00,2,1,0.00,1,0.00,0.00,0,949.00,0,0,0,0,1,0,'2022-01-10 10:56:47'),(509,'b5a',1,1,11,16,2,'1001','ca1001','Water','00:00:00',20,'Postpaid',86.00,2,1,0.00,1,0.00,0.00,0,949.00,0,0,0,0,1,0,'2022-01-10 11:15:49'),(510,'b5d',1,1,12,17,2,'1002','CA1002','Water','00:00:00',25,'Postpaid',86.00,2,1,0.00,1,0.00,0.00,0,28752.00,0,0,0,0,1,0,'2022-01-10 11:16:49'),(511,'b5a',1,1,11,16,2,'1001','ca1001','Water','00:00:00',20,'Postpaid',86.00,2,1,0.00,1,0.00,0.00,0,949.00,0,0,0,0,1,0,'2022-01-10 11:35:53'),(512,'b5d',1,1,12,17,2,'1002','CA1002','Water','00:00:00',25,'Postpaid',86.00,2,1,0.00,1,0.00,0.00,0,28752.00,0,0,0,0,1,0,'2022-01-10 11:41:54'),(513,'b5a',1,1,11,16,2,'1001','ca1001','Water','00:00:00',20,'Postpaid',86.00,2,1,0.00,1,0.00,0.00,0,949.00,0,0,0,0,1,0,'2022-01-10 11:56:01'),(514,'b5d',1,1,12,17,2,'1002','CA1002','Water','00:00:00',25,'Postpaid',86.00,2,1,0.00,1,0.00,0.00,0,28752.00,0,0,0,0,1,0,'2022-01-10 12:07:09'),(515,'b5a',1,1,11,16,2,'1001','ca1001','Water','00:00:00',20,'Postpaid',86.00,2,1,0.00,1,0.00,0.00,0,949.00,0,0,0,0,1,0,'2022-01-10 12:16:15'),(516,'b5d',1,1,12,17,2,'1002','CA1002','Water','00:00:00',25,'Postpaid',86.00,2,1,0.00,1,0.00,0.00,0,28752.00,0,0,0,0,1,0,'2022-01-10 12:31:17'),(517,'b5a',1,1,11,16,2,'1001','ca1001','Water','00:00:00',20,'Postpaid',86.00,2,1,0.00,1,0.00,0.00,0,949.00,0,0,0,0,1,0,'2022-01-10 12:36:18'),(518,'b5a',1,1,11,16,2,'1001','ca1001','Water','00:00:00',20,'Postpaid',86.00,2,1,0.00,1,0.00,0.00,0,949.00,0,0,0,0,1,0,'2022-01-10 12:56:20'),(519,'b5d',1,1,12,17,2,'1002','CA1002','Water','00:00:00',25,'Postpaid',86.00,2,1,0.00,1,0.00,0.00,0,28752.00,0,0,0,0,1,0,'2022-01-10 12:56:20'),(520,'b5a',1,1,11,16,2,'1001','ca1001','Water','00:00:00',20,'Postpaid',86.00,2,1,0.00,1,0.00,0.00,0,949.00,0,0,0,0,1,0,'2022-01-10 13:16:23'),(521,'b5d',1,1,12,17,2,'1002','CA1002','Water','00:00:00',25,'Postpaid',86.00,2,1,0.00,1,0.00,0.00,0,28752.00,0,0,0,0,1,0,'2022-01-10 13:21:24'),(522,'b5a',1,1,11,16,2,'1001','ca1001','Water','00:00:00',20,'Postpaid',86.00,2,1,0.00,1,0.00,0.00,0,949.00,0,0,0,0,1,0,'2022-01-10 13:36:25'),(523,'b5d',1,1,12,17,2,'1002','CA1002','Water','00:00:00',25,'Postpaid',86.00,2,1,0.00,1,0.00,0.00,0,28752.00,0,0,0,0,1,0,'2022-01-10 13:46:26'),(524,'b5a',1,1,11,16,2,'1001','ca1001','Water','00:00:00',20,'Postpaid',86.00,2,1,0.00,1,0.00,0.00,0,949.00,0,0,0,0,1,0,'2022-01-10 13:56:26'),(525,'b5d',1,1,12,17,2,'1002','CA1002','Water','00:00:00',25,'Postpaid',86.00,2,1,0.00,1,0.00,0.00,0,28752.00,0,0,0,0,1,0,'2022-01-10 14:01:31'),(526,'506f980000000a70',1,1,14,19,2,'5060980000','CRN10001','Water','00:00:00',720,'Postpaid',84.00,2,1,0.00,1,0.00,0.00,0,0.00,0,0,0,0,1,0,'2022-01-10 14:11:37'),(527,'b5a',1,1,11,16,2,'1001','ca1001','Water','00:00:00',20,'Postpaid',85.00,2,1,0.00,1,0.00,0.00,0,949.00,0,0,0,0,1,0,'2022-01-10 14:16:39'),(528,'b5d',1,1,12,17,2,'1002','CA1002','Water','00:00:00',25,'Postpaid',86.00,2,1,0.00,1,0.00,0.00,0,28752.00,0,0,0,0,1,0,'2022-01-10 14:26:51'),(529,'506f980000000b35',1,1,15,24,2,'10000004','CRN100002','Water','00:00:00',720,'Postpaid',84.00,2,1,0.00,1,0.00,0.00,0,22.00,0,0,0,0,1,0,'2022-01-10 14:27:51'),(530,'506f980000000b31',1,1,15,22,2,'10000002','CRN100002','Water','00:00:00',720,'Postpaid',84.00,2,1,0.00,1,0.00,0.00,0,23.00,0,0,0,0,1,0,'2022-01-10 14:30:52'),(531,'506f980000000b3d',1,1,15,28,2,'10000007','CRN100002','Water','00:00:00',720,'Postpaid',84.00,2,1,0.00,1,0.00,0.00,0,5.00,0,0,0,0,1,0,'2022-01-10 14:34:53'),(532,'506f980000000b3f',1,1,15,29,2,'10000008','CRN100002','Water','00:00:00',720,'Postpaid',83.00,2,1,0.00,2,0.00,0.00,0,1.00,0,0,0,0,1,0,'2022-01-10 14:35:54'),(533,'b5a',1,1,11,16,2,'1001','ca1001','Water','00:00:00',20,'Postpaid',86.00,2,1,0.00,1,0.00,0.00,0,949.00,0,0,0,0,1,0,'2022-01-10 14:35:54'),(534,'b5d',1,1,12,17,2,'1002','CA1002','Water','00:00:00',25,'Postpaid',86.00,2,1,0.00,1,0.00,0.00,0,28752.00,0,0,0,0,1,0,'2022-01-10 14:52:00'),(535,'b5a',1,1,11,16,2,'1001','ca1001','Water','00:00:00',20,'Postpaid',86.00,2,1,0.00,1,0.00,0.00,0,949.00,0,0,0,0,1,0,'2022-01-10 14:56:05'),(536,'b5a',1,1,11,16,2,'1001','ca1001','Water','00:00:00',20,'Postpaid',86.00,2,1,0.00,1,0.00,0.00,0,949.00,0,0,0,0,1,0,'2022-01-10 15:16:17'),(537,'b5d',1,1,12,17,2,'1002','CA1002','Water','00:00:00',25,'Postpaid',86.00,2,1,0.00,1,0.00,0.00,0,28752.00,0,0,0,0,1,0,'2022-01-10 15:16:17'),(538,'b5a',1,1,11,16,2,'1001','ca1001','Water','00:00:00',20,'Postpaid',85.00,2,1,0.00,1,0.00,0.00,0,949.00,0,0,0,0,1,0,'2022-01-10 15:36:23'),(539,'b5d',1,1,12,17,2,'1002','CA1002','Water','00:00:00',25,'Postpaid',86.00,2,1,0.00,1,0.00,0.00,0,28752.00,0,0,0,0,1,0,'2022-01-10 15:41:25'),(540,'b5a',1,1,11,16,2,'1001','ca1001','Water','00:00:00',20,'Postpaid',86.00,2,1,0.00,1,0.00,0.00,0,949.00,0,0,0,0,1,0,'2022-01-10 15:56:37'),(541,'b5d',1,1,12,17,2,'1002','CA1002','Water','00:00:00',25,'Postpaid',86.00,2,1,0.00,1,0.00,0.00,0,28752.00,0,0,0,0,1,0,'2022-01-10 16:06:46'),(542,'b5a',1,1,11,16,2,'1001','ca1001','Water','00:00:00',20,'Postpaid',86.00,2,1,0.00,1,0.00,0.00,0,949.00,0,0,0,0,1,0,'2022-01-10 16:15:48'),(543,'b5d',1,1,12,17,2,'1002','CA1002','Water','00:00:00',25,'Postpaid',86.00,2,1,0.00,1,0.00,0.00,0,28752.00,0,0,0,0,1,0,'2022-01-10 16:31:50'),(544,'b5a',1,1,11,16,2,'1001','ca1001','Water','00:00:00',20,'Postpaid',86.00,2,1,0.00,1,0.00,0.00,0,949.00,0,0,0,0,1,0,'2022-01-10 16:35:51'),(545,'b5a',1,1,11,16,2,'1001','ca1001','Water','00:00:00',20,'Postpaid',86.00,2,1,0.00,1,0.00,0.00,0,949.00,0,0,0,0,1,0,'2022-01-10 16:56:08'),(546,'b5d',1,1,12,17,2,'1002','CA1002','Water','00:00:00',25,'Postpaid',86.00,2,1,0.00,1,0.00,0.00,0,28752.00,0,0,0,0,1,0,'2022-01-10 16:56:09'),(547,'b5a',1,1,11,16,2,'1001','ca1001','Water','00:00:00',20,'Postpaid',86.00,2,1,0.00,1,0.00,0.00,0,949.00,0,0,0,0,1,0,'2022-01-10 17:16:28'),(548,'b5d',1,1,12,17,2,'1002','CA1002','Water','00:00:00',25,'Postpaid',86.00,2,1,0.00,1,0.00,0.00,0,28752.00,0,0,0,0,1,0,'2022-01-10 17:21:29'),(549,'b5a',1,1,11,16,2,'1001','ca1001','Water','00:00:00',20,'Postpaid',86.00,2,1,0.00,1,0.00,0.00,0,949.00,0,0,0,0,1,0,'2022-01-10 17:35:58'),(550,'b5d',1,1,12,17,2,'1002','CA1002','Water','00:00:00',25,'Postpaid',86.00,2,1,0.00,1,0.00,0.00,0,28752.00,0,0,0,0,1,0,'2022-01-10 17:46:59'),(551,'b5a',1,1,11,16,2,'1001','ca1001','Water','00:00:00',20,'Postpaid',86.00,2,1,0.00,1,0.00,0.00,0,949.00,0,0,0,0,1,0,'2022-01-10 17:56:05'),(552,'b5d',1,1,12,17,2,'1002','CA1002','Water','00:00:00',25,'Postpaid',86.00,2,1,0.00,1,0.00,0.00,0,28752.00,0,0,0,0,1,0,'2022-01-10 18:11:07'),(553,'b5a',1,1,11,16,2,'1001','ca1001','Water','00:00:00',20,'Postpaid',86.00,2,1,0.00,1,0.00,0.00,0,949.00,0,0,0,0,1,0,'2022-01-10 18:16:11'),(554,'b5a',1,1,11,16,2,'1001','ca1001','Water','00:00:00',20,'Postpaid',86.00,2,1,0.00,1,0.00,0.00,0,949.00,0,0,0,0,1,0,'2022-01-10 18:36:12'),(555,'b5d',1,1,12,17,2,'1002','CA1002','Water','00:00:00',25,'Postpaid',86.00,2,1,0.00,1,0.00,0.00,0,28752.00,0,0,0,0,1,0,'2022-01-10 18:36:13'),(556,'b5a',1,1,11,16,2,'1001','ca1001','Water','00:00:00',20,'Postpaid',86.00,2,1,0.00,1,0.00,0.00,0,949.00,0,0,0,0,1,0,'2022-01-10 18:56:15'),(557,'b5d',1,1,12,17,2,'1002','CA1002','Water','00:00:00',25,'Postpaid',86.00,2,1,0.00,1,0.00,0.00,0,28752.00,0,0,0,0,1,0,'2022-01-10 19:01:16'),(558,'b5a',1,1,11,16,2,'1001','ca1001','Water','00:00:00',20,'Postpaid',86.00,2,1,0.00,1,0.00,0.00,0,949.00,0,0,0,0,1,0,'2022-01-10 19:16:17'),(559,'b5d',1,1,12,17,2,'1002','CA1002','Water','00:00:00',25,'Postpaid',86.00,2,1,0.00,1,0.00,0.00,0,28752.00,0,0,0,0,1,0,'2022-01-10 19:26:19'),(560,'b5a',1,1,11,16,2,'1001','ca1001','Water','00:00:00',20,'Postpaid',86.00,2,1,0.00,1,0.00,0.00,0,949.00,0,0,0,0,1,0,'2022-01-10 19:36:19'),(561,'506f980000000a70',1,1,14,19,2,'5060980000','CRN10001','Water','00:00:00',1,'Postpaid',86.00,2,1,0.00,1,0.00,0.00,0,0.00,0,0,0,0,1,0,'2022-01-10 19:48:20'),(562,'506f980000000a71',1,1,14,20,2,'5060980001','CRN10001','Water','00:00:00',1,'Postpaid',128.00,2,1,0.00,1,0.00,0.00,0,0.00,0,0,0,0,1,0,'2022-01-10 19:50:24'),(563,'b5d',1,1,12,17,2,'1002','CA1002','Water','00:00:00',25,'Postpaid',86.00,2,1,0.00,1,0.00,0.00,0,28752.00,0,0,0,0,1,0,'2022-01-10 19:51:25'),(564,'b5a',1,1,11,16,2,'1001','ca1001','Water','00:00:00',20,'Postpaid',86.00,2,1,0.00,1,0.00,0.00,0,949.00,0,0,0,0,1,0,'2022-01-10 19:56:27'),(565,'b5a',1,1,11,16,2,'1001','ca1001','Water','00:00:00',20,'Postpaid',86.00,2,1,0.00,1,0.00,0.00,0,949.00,0,0,0,0,1,0,'2022-01-10 20:16:38'),(566,'b5d',1,1,12,17,2,'1002','CA1002','Water','00:00:00',25,'Postpaid',86.00,2,1,0.00,1,0.00,0.00,0,28752.00,0,0,0,0,1,0,'2022-01-10 20:16:39'),(567,'b5d',1,1,12,17,2,'1002','CA1002','Water','00:00:00',25,'Postpaid',85.00,2,1,0.00,1,0.00,0.00,0,28752.00,0,0,0,0,1,0,'2022-01-11 09:46:26'),(568,'b5a',1,1,11,16,2,'1001','ca1001','Water','00:00:00',20,'Postpaid',86.00,2,1,0.00,1,0.00,0.00,0,949.00,0,0,0,0,1,0,'2022-01-11 09:59:11'),(569,'b5a',1,1,11,16,2,'1001','ca1001','Water','00:00:00',20,'Postpaid',86.00,2,1,0.00,1,0.00,0.00,0,949.00,0,0,0,0,1,0,'2022-01-11 10:00:35'),(570,'b5d',1,1,12,17,2,'1002','CA1002','Water','00:00:00',25,'Postpaid',86.00,2,1,0.00,1,0.00,0.00,0,28752.00,0,0,0,0,1,0,'2022-01-11 10:01:41'),(571,'b5a',1,1,11,16,2,'1001','ca1001','Water','00:00:00',20,'Postpaid',86.00,2,1,0.00,1,0.00,0.00,0,949.00,0,0,0,0,1,0,'2022-01-11 10:16:08'),(572,'b5d',1,1,12,17,2,'1002','CA1002','Water','00:00:00',25,'Postpaid',86.00,2,1,0.00,1,0.00,0.00,0,28752.00,0,0,0,0,1,0,'2022-01-11 10:26:12'),(573,'b5a',1,1,11,16,2,'1001','ca1001','Water','00:00:00',20,'Postpaid',86.00,2,1,0.00,1,0.00,0.00,0,949.00,0,0,0,0,1,0,'2022-01-11 10:36:13'),(574,'b5d',1,1,12,17,2,'1002','CA1002','Water','00:00:00',25,'Postpaid',86.00,2,1,0.00,1,0.00,0.00,0,28752.00,0,0,0,0,1,0,'2022-01-11 10:51:14'),(575,'b5a',1,1,11,16,2,'1001','ca1001','Water','00:00:00',20,'Postpaid',86.00,2,1,0.00,1,0.00,0.00,0,949.00,0,0,0,0,1,0,'2022-01-11 10:56:19'),(576,'b5a',1,1,11,16,2,'1001','ca1001','Water','00:00:00',20,'Postpaid',86.00,2,1,0.00,1,0.00,0.00,0,949.00,0,0,0,0,1,0,'2022-01-11 11:16:21'),(577,'b5d',1,1,12,17,2,'1002','CA1002','Water','00:00:00',25,'Postpaid',86.00,2,1,0.00,1,0.00,0.00,0,28752.00,0,0,0,0,1,0,'2022-01-11 11:17:22'),(578,'b5a',1,1,11,16,2,'1001','ca1001','Water','00:00:00',20,'Postpaid',86.00,2,1,0.00,1,0.00,0.00,0,949.00,0,0,0,0,1,0,'2022-01-11 11:36:23'),(579,'b5d',1,1,12,17,2,'1002','CA1002','Water','00:00:00',25,'Postpaid',86.00,2,1,0.00,1,0.00,0.00,0,28752.00,0,0,0,0,1,0,'2022-01-11 11:41:25'),(580,'b5a',1,1,11,16,2,'1001','ca1001','Water','00:00:00',20,'Postpaid',86.00,2,1,0.00,1,0.00,0.00,0,949.00,0,0,0,0,1,0,'2022-01-11 11:56:27'),(581,'b5d',1,1,12,17,2,'1002','CA1002','Water','00:00:00',25,'Postpaid',86.00,2,1,0.00,1,0.00,0.00,0,28752.00,0,0,0,0,1,0,'2022-01-11 12:06:27'),(582,'b5a',1,1,11,16,2,'1001','ca1001','Water','00:00:00',20,'Postpaid',86.00,2,1,0.00,1,0.00,0.00,0,949.00,0,0,0,0,1,0,'2022-01-11 12:16:33'),(583,'b5d',1,1,12,17,2,'1002','CA1002','Water','00:00:00',25,'Postpaid',86.00,2,1,0.00,1,0.00,0.00,0,28752.00,0,0,0,0,1,0,'2022-01-11 12:31:36'),(584,'b5a',1,1,11,16,2,'1001','ca1001','Water','00:00:00',20,'Postpaid',86.00,2,1,0.00,1,0.00,0.00,0,949.00,0,0,0,0,1,0,'2022-01-11 12:36:36'),(585,'506f980000000a70',1,1,14,19,2,'5060980000','CRN10001','Water','00:00:00',1,'Postpaid',84.00,2,1,0.00,1,0.00,0.00,0,0.00,0,0,0,0,1,0,'2022-01-11 12:41:39'),(586,'506f980000000a70',1,1,14,19,2,'5060980000','CRN10001','Water','00:00:00',1,'Postpaid',86.00,2,1,0.00,1,0.00,0.00,0,0.00,0,0,0,0,1,0,'2022-01-11 12:52:42'),(587,'b5a',1,1,11,16,2,'1001','ca1001','Water','00:00:00',20,'Postpaid',85.00,2,1,0.00,1,0.00,0.00,0,949.00,0,0,0,0,1,0,'2022-01-11 12:57:52'),(588,'b5a',1,1,11,16,2,'1001','ca1001','Water','00:00:00',20,'Postpaid',86.00,2,1,0.00,1,0.00,0.00,0,949.00,0,0,0,0,1,0,'2022-01-11 13:16:56'),(589,'b5d',1,1,12,17,2,'1002','CA1002','Water','00:00:00',25,'Postpaid',86.00,2,1,0.00,1,0.00,0.00,0,28752.00,0,0,0,0,1,0,'2022-01-11 13:21:58'),(590,'b5a',1,1,11,16,2,'1001','ca1001','Water','00:00:00',20,'Postpaid',86.00,2,1,0.00,1,0.00,0.00,0,949.00,0,0,0,0,1,0,'2022-01-11 13:37:00'),(591,'b5d',1,1,12,17,2,'1002','CA1002','Water','00:00:00',25,'Postpaid',86.00,2,1,0.00,1,0.00,0.00,0,28752.00,0,0,0,0,1,0,'2022-01-11 13:47:01'),(592,'b5a',1,1,11,16,2,'1001','ca1001','Water','00:00:00',20,'Postpaid',86.00,2,1,0.00,1,0.00,0.00,0,949.00,0,0,0,0,1,0,'2022-01-11 13:56:03'),(593,'506f980000000a71',1,1,14,20,2,'5060980001','CRN10001','Water','00:00:00',1,'Postpaid',85.00,2,1,0.00,1,0.00,0.00,0,0.00,0,0,0,0,1,0,'2022-01-11 16:28:18'),(594,'506f980000000a70',1,1,14,19,2,'5060980000','CRN10001','Water','00:00:00',1,'Postpaid',84.00,2,1,0.00,1,0.00,0.00,0,0.00,0,0,0,0,1,0,'2022-01-11 17:10:24'),(595,'506f980000000a70',1,1,14,19,2,'5060980000','CRN10001','Water','00:00:00',1,'Postpaid',81.00,2,1,0.00,1,0.00,0.00,0,0.00,0,0,0,0,1,0,'2022-01-11 17:28:38'),(596,'506f980000000a70',1,1,14,19,2,'5060980000','CRN10001','Water','00:00:00',1,'Postpaid',81.00,2,1,0.00,1,0.00,0.00,0,0.00,0,0,0,0,1,0,'2022-01-20 16:07:10'),(597,'506f980000000c42',2,3,16,30,2,'12345678','ASBL10001','Water','00:00:00',1,'Postpaid',84.00,2,1,0.00,1,0.00,0.00,0,22.00,0,0,0,0,1,0,'2022-01-30 16:21:18'),(598,'506f980000000c42',2,3,16,30,2,'12345678','ASBL10001','Water','00:00:00',1,'Postpaid',85.00,2,1,0.00,1,0.00,0.00,0,0.00,0,0,0,0,1,0,'2022-01-30 16:22:28'),(599,'506f980000000c42',2,3,16,30,2,'12345678','ASBL10001','Water','00:00:00',1,'Postpaid',85.00,2,1,0.00,1,0.00,0.00,0,0.00,0,0,0,0,1,0,'2022-01-30 16:23:28'),(600,'506f980000000c42',2,3,16,30,2,'12345678','ASBL10001','Water','00:00:00',1,'Postpaid',85.00,2,1,0.00,1,0.00,0.00,0,0.00,0,0,0,0,1,0,'2022-01-30 16:24:29'),(601,'506f980000000c0b',2,3,16,31,2,'12345679','ASBL10001','Water','00:00:00',1,'Postpaid',84.00,2,1,0.00,1,0.00,0.00,0,22.00,0,0,0,0,1,0,'2022-01-30 16:30:09'),(602,'506f980000000c42',2,3,16,30,2,'12345678','ASBL10001','Water','00:00:00',1,'Postpaid',84.00,2,1,0.00,1,0.00,0.00,0,0.00,0,0,0,0,1,0,'2022-01-30 16:31:19'),(603,'506f980000000c0b',2,3,16,31,2,'12345679','ASBL10001','Water','00:00:00',1,'Postpaid',84.00,2,1,0.00,1,0.00,0.00,0,22.00,0,0,0,0,1,0,'2022-01-30 16:31:19'),(604,'506f980000000c42',2,3,16,30,2,'12345678','ASBL10001','Water','00:00:00',1,'Postpaid',85.00,2,1,0.00,1,0.00,0.00,0,9.00,0,0,0,0,1,0,'2022-01-30 16:32:19'),(605,'506f980000000c0b',2,3,16,31,2,'12345679','ASBL10001','Water','00:00:00',1,'Postpaid',84.00,2,1,0.00,1,0.00,0.00,0,22.00,0,0,0,0,1,0,'2022-01-30 16:32:19'),(606,'506f980000000c42',2,3,16,30,2,'12345678','ASBL10001','Water','00:00:00',1,'Postpaid',85.00,2,1,0.00,1,0.00,0.00,0,9.00,0,0,0,0,1,0,'2022-01-30 16:33:19'),(607,'506f980000000c0b',2,3,16,31,2,'12345679','ASBL10001','Water','00:00:00',1,'Postpaid',84.00,2,1,0.00,1,0.00,0.00,0,22.00,0,0,0,0,1,0,'2022-01-30 16:33:19'),(608,'506f980000000c42',2,3,16,30,2,'12345678','ASBL10001','Water','00:00:00',1,'Postpaid',85.00,2,1,0.00,1,0.00,0.00,0,9.00,0,0,0,0,1,0,'2022-01-30 16:34:19'),(609,'506f980000000c0b',2,3,16,31,2,'12345679','ASBL10001','Water','00:00:00',1,'Postpaid',84.00,2,1,0.00,1,0.00,0.00,0,22.00,0,0,0,0,1,0,'2022-01-30 16:34:19'),(610,'506f980000000c42',2,3,16,30,2,'12345678','ASBL10001','Water','00:00:00',1,'Postpaid',85.00,2,1,0.00,1,0.00,0.00,0,9.00,0,0,0,0,1,0,'2022-01-30 16:35:19'),(611,'506f980000000c0b',2,3,16,31,2,'12345679','ASBL10001','Water','00:00:00',1,'Postpaid',84.00,2,1,0.00,1,0.00,0.00,0,22.00,0,0,0,0,1,0,'2022-01-30 16:35:19'),(612,'506f980000000c42',2,3,16,30,2,'12345678','ASBL10001','Water','00:00:00',1,'Postpaid',85.00,2,1,0.00,1,0.00,0.00,0,9.00,0,0,0,0,1,0,'2022-01-30 16:36:19'),(613,'506f980000000c0b',2,3,16,31,2,'12345679','ASBL10001','Water','00:00:00',1,'Postpaid',84.00,2,1,0.00,1,0.00,0.00,0,22.00,0,0,0,0,1,0,'2022-01-30 16:36:20'),(614,'506f980000000c42',2,3,16,30,2,'12345678','ASBL10001','Water','00:00:00',1,'Postpaid',85.00,2,1,0.00,1,0.00,0.00,0,9.00,0,0,0,0,1,0,'2022-01-30 16:37:20'),(615,'506f980000000c0b',2,3,16,31,2,'12345679','ASBL10001','Water','00:00:00',1,'Postpaid',84.00,2,1,0.00,1,0.00,0.00,0,22.00,0,0,0,0,1,0,'2022-01-30 16:37:20'),(616,'506f980000000c42',2,3,16,30,2,'12345678','ASBL10001','Water','00:00:00',1,'Postpaid',85.00,2,1,0.00,1,0.00,0.00,0,9.00,0,0,0,0,1,0,'2022-01-30 16:38:20'),(617,'506f980000000c0b',2,3,16,31,2,'12345679','ASBL10001','Water','00:00:00',1,'Postpaid',84.00,2,1,0.00,1,0.00,0.00,0,22.00,0,0,0,0,1,0,'2022-01-30 16:38:20'),(618,'506f980000000c42',2,3,16,30,2,'12345678','ASBL10001','Water','00:00:00',1,'Postpaid',85.00,2,1,0.00,1,0.00,0.00,0,9.00,0,0,0,0,1,0,'2022-01-30 16:39:51'),(619,'506f980000000c0b',2,3,16,31,2,'12345679','ASBL10001','Water','00:00:00',1,'Postpaid',84.00,2,1,0.00,1,0.00,0.00,0,22.00,0,0,0,0,1,0,'2022-01-30 16:39:51'),(620,'506f980000000c42',2,3,16,30,2,'12345678','ASBL10001','Water','00:00:00',1,'Postpaid',85.00,2,1,0.00,1,0.00,0.00,0,9.00,0,0,0,0,1,0,'2022-01-30 16:40:51'),(621,'506f980000000c0b',2,3,16,31,2,'12345679','ASBL10001','Water','00:00:00',1,'Postpaid',84.00,2,1,0.00,1,0.00,0.00,0,22.00,0,0,0,0,1,0,'2022-01-30 16:40:51'),(622,'506f980000000c42',2,3,16,30,2,'12345678','ASBL10001','Water','00:00:00',1,'Postpaid',85.00,2,1,0.00,1,0.00,0.00,0,9.00,0,0,0,0,1,0,'2022-01-30 16:42:37'),(623,'506f980000000c0b',2,3,16,31,2,'12345679','ASBL10001','Water','00:00:00',1,'Postpaid',84.00,2,1,0.00,1,0.00,0.00,0,22.00,0,0,0,0,1,0,'2022-01-30 16:42:37'),(624,'506f980000000c42',2,3,16,30,2,'12345678','ASBL10001','Water','00:00:00',1,'Postpaid',85.00,2,1,0.00,1,0.00,0.00,0,9.00,0,0,0,0,1,0,'2022-01-30 16:43:37'),(625,'506f980000000c0b',2,3,16,31,2,'12345679','ASBL10001','Water','00:00:00',1,'Postpaid',84.00,2,1,0.00,1,0.00,0.00,0,22.00,0,0,0,0,1,0,'2022-01-30 16:43:37'),(626,'506f980000000c42',2,3,16,30,2,'12345678','ASBL10001','Water','00:00:00',1,'Postpaid',85.00,2,1,0.00,1,0.00,0.00,0,9.00,0,0,0,0,1,0,'2022-01-30 16:44:37'),(627,'506f980000000c0b',2,3,16,31,2,'12345679','ASBL10001','Water','00:00:00',1,'Postpaid',84.00,2,1,0.00,1,0.00,0.00,0,22.00,0,0,0,0,1,0,'2022-01-30 16:44:37'),(628,'506f980000000c42',2,3,16,30,2,'12345678','ASBL10001','Water','00:00:00',1,'Postpaid',85.00,2,1,0.00,1,0.00,0.00,0,9.00,0,0,0,0,1,0,'2022-01-30 16:45:37'),(629,'506f980000000c0b',2,3,16,31,2,'12345679','ASBL10001','Water','00:00:00',1,'Postpaid',84.00,2,1,0.00,1,0.00,0.00,0,22.00,0,0,0,0,1,0,'2022-01-30 16:45:37'),(630,'506f980000000c42',2,3,16,30,2,'12345678','ASBL10001','Water','00:00:00',1,'Postpaid',85.00,2,1,0.00,1,0.00,0.00,0,9.00,0,0,0,0,1,0,'2022-01-30 16:46:38'),(631,'506f980000000c42',2,3,16,30,2,'12345678','ASBL10001','Water','00:00:00',1,'Postpaid',85.00,2,1,0.00,1,0.00,0.00,0,9.00,0,0,0,0,1,0,'2022-01-30 16:47:38'),(632,'506f980000000c0b',2,3,16,31,2,'12345679','ASBL10001','Water','00:00:00',1,'Postpaid',84.00,2,1,0.00,1,0.00,0.00,0,25.00,0,0,0,0,1,0,'2022-01-30 16:47:38'),(633,'506f980000000c42',2,3,16,30,2,'12345678','ASBL10001','Water','00:00:00',1,'Postpaid',85.00,2,1,0.00,1,0.00,0.00,0,9.00,0,0,0,0,1,0,'2022-01-30 16:48:38'),(634,'506f980000000c0b',2,3,16,31,2,'12345679','ASBL10001','Water','00:00:00',1,'Postpaid',84.00,2,1,0.00,1,0.00,0.00,0,25.00,0,0,0,0,1,0,'2022-01-30 16:48:38'),(635,'506f980000000c42',2,3,16,30,2,'12345678','ASBL10001','Water','00:00:00',1,'Postpaid',85.00,2,1,0.00,1,0.00,0.00,0,9.00,0,0,0,0,1,0,'2022-01-30 16:49:38'),(636,'506f980000000c42',2,3,16,30,2,'12345678','ASBL10001','Water','00:00:00',1,'Postpaid',85.00,2,1,0.00,1,0.00,0.00,0,9.00,0,0,0,0,1,0,'2022-01-30 16:50:38'),(637,'506f980000000c0b',2,3,16,31,2,'12345679','ASBL10001','Water','00:00:00',1,'Postpaid',84.00,2,1,0.00,1,0.00,0.00,0,27.00,0,0,0,0,1,0,'2022-01-30 16:50:38'),(638,'506f980000000c42',2,3,16,30,2,'12345678','ASBL10001','Water','00:00:00',1,'Postpaid',85.00,2,1,0.00,1,0.00,0.00,0,9.00,0,0,0,0,1,0,'2022-01-30 16:51:38'),(639,'506f980000000c0b',2,3,16,31,2,'12345679','ASBL10001','Water','00:00:00',1,'Postpaid',84.00,2,1,0.00,1,0.00,0.00,0,30.00,0,0,0,0,1,0,'2022-01-30 16:51:38'),(640,'506f980000000c42',2,3,16,30,2,'12345678','ASBL10001','Water','00:00:00',1,'Postpaid',85.00,2,1,0.00,1,0.00,0.00,0,9.00,0,0,0,0,1,0,'2022-01-30 16:52:38'),(641,'506f980000000c0b',2,3,16,31,2,'12345679','ASBL10001','Water','00:00:00',1,'Postpaid',84.00,2,1,0.00,1,0.00,0.00,0,30.00,0,0,0,0,1,0,'2022-01-30 16:52:38'),(642,'506f980000000c42',2,3,16,30,2,'12345678','ASBL10001','Water','00:00:00',1,'Postpaid',85.00,2,1,0.00,1,0.00,0.00,0,9.00,0,0,0,0,1,0,'2022-01-30 16:53:38'),(643,'506f980000000c0b',2,3,16,31,2,'12345679','ASBL10001','Water','00:00:00',1,'Postpaid',84.00,2,1,0.00,1,0.00,0.00,0,30.00,0,0,0,0,1,0,'2022-01-30 16:53:38'),(644,'506f980000000c42',2,3,16,30,2,'12345678','ASBL10001','Water','00:00:00',1,'Postpaid',85.00,2,1,0.00,1,0.00,0.00,0,9.00,0,0,0,0,1,0,'2022-01-30 16:54:39'),(645,'506f980000000c0b',2,3,16,31,2,'12345679','ASBL10001','Water','00:00:00',1,'Postpaid',84.00,2,1,0.00,1,0.00,0.00,0,30.00,0,0,0,0,1,0,'2022-01-30 16:54:39'),(646,'506f980000000c42',2,3,16,30,2,'12345678','ASBL10001','Water','00:00:00',1,'Postpaid',85.00,2,1,0.00,1,0.00,0.00,0,10.00,0,0,0,0,1,0,'2022-01-30 16:55:39'),(647,'506f980000000c0b',2,3,16,31,2,'12345679','ASBL10001','Water','00:00:00',1,'Postpaid',84.00,2,1,0.00,1,0.00,0.00,0,30.00,0,0,0,0,1,0,'2022-01-30 16:55:39'),(648,'506f980000000c42',2,3,16,30,2,'12345678','ASBL10001','Water','00:00:00',1,'Postpaid',85.00,2,1,0.00,1,0.00,0.00,0,10.00,0,0,0,0,1,0,'2022-01-30 16:56:39'),(649,'506f980000000c0b',2,3,16,31,2,'12345679','ASBL10001','Water','00:00:00',720,'Postpaid',84.00,2,1,0.00,1,0.00,0.00,0,30.00,0,0,0,0,1,0,'2022-01-30 16:56:39'),(650,'506f980000000c42',2,3,16,30,2,'12345678','ASBL10001','Water','00:00:00',1,'Postpaid',85.00,2,1,0.00,1,0.00,0.00,0,10.00,0,0,0,0,1,0,'2022-01-30 16:57:39'),(651,'506f980000000c42',2,3,16,30,2,'12345678','ASBL10001','Water','00:00:00',1,'Postpaid',85.00,2,1,0.00,1,0.00,0.00,0,10.00,0,0,0,0,1,0,'2022-01-30 16:58:39'),(652,'506f980000000c42',2,3,16,30,2,'12345678','ASBL10001','Water','00:00:00',1,'Postpaid',85.00,2,1,0.00,1,0.00,0.00,0,10.00,0,0,0,0,1,0,'2022-01-30 16:59:39'),(653,'506f980000000c42',2,3,16,30,2,'12345678','ASBL10001','Water','00:00:00',1,'Postpaid',85.00,2,1,0.00,1,0.00,0.00,0,10.00,0,0,0,0,1,0,'2022-01-30 17:00:39'),(654,'506f980000000c42',2,3,16,30,2,'12345678','ASBL10001','Water','00:00:00',1,'Postpaid',85.00,2,1,0.00,1,0.00,0.00,0,10.00,0,0,0,0,1,0,'2022-01-30 17:01:39'),(655,'506f980000000c42',2,3,16,30,2,'12345678','ASBL10001','Water','00:00:00',1,'Postpaid',84.00,2,1,0.00,1,0.00,0.00,0,10.00,0,0,0,0,1,0,'2022-01-30 17:03:39'),(656,'506f980000000c42',2,3,16,30,2,'12345678','ASBL10001','Water','00:00:00',1,'Postpaid',85.00,2,1,0.00,1,0.00,0.00,0,10.00,0,0,0,0,1,0,'2022-01-30 17:05:40'),(657,'506f980000000c42',2,3,16,30,2,'12345678','ASBL10001','Water','00:00:00',1,'Postpaid',85.00,2,1,0.00,1,0.00,0.00,0,12.00,0,0,0,0,1,0,'2022-01-30 17:06:40'),(658,'506f980000000c42',2,3,16,30,2,'12345678','ASBL10001','Water','00:00:00',1,'Postpaid',85.00,2,1,0.00,1,0.00,0.00,0,437.00,0,0,0,0,1,0,'2022-01-30 17:07:40'),(659,'506f980000000c42',2,3,16,30,2,'12345678','ASBL10001','Water','00:00:00',1,'Postpaid',85.00,2,1,0.00,1,0.00,0.00,0,437.00,0,0,0,0,1,0,'2022-01-30 17:08:40'),(660,'506f980000000c42',2,3,16,30,2,'12345678','ASBL10001','Water','00:00:00',1,'Postpaid',85.00,2,1,0.00,1,0.00,0.00,0,437.00,0,0,0,0,1,0,'2022-01-30 17:09:40'),(661,'506f980000000c42',2,3,16,30,2,'12345678','ASBL10001','Water','00:00:00',1,'Postpaid',85.00,2,1,0.00,1,0.00,0.00,0,437.00,0,0,0,0,1,0,'2022-01-30 17:10:40'),(662,'506f980000000c42',2,3,16,30,2,'12345678','ASBL10001','Water','00:00:00',1,'Postpaid',85.00,2,1,0.00,1,0.00,0.00,0,437.00,0,0,0,0,1,0,'2022-01-30 17:11:40'),(663,'506f980000000c42',2,3,16,30,2,'12345678','ASBL10001','Water','00:00:00',720,'Postpaid',85.00,2,1,0.00,1,0.00,0.00,0,437.00,0,0,0,0,1,0,'2022-01-30 17:12:40'),(664,'506f980000000c21',2,3,17,32,2,'1900872','ASBL10002','Water','00:00:00',1,'Postpaid',84.00,2,1,0.00,1,0.00,0.00,0,0.00,0,0,0,0,1,0,'2022-01-30 17:40:41'),(665,'506f980000000c21',2,3,17,32,2,'1900872','ASBL10002','Water','00:00:00',1,'Postpaid',84.00,2,1,0.00,1,0.00,0.00,0,0.00,0,0,0,0,1,0,'2022-01-30 17:41:43'),(666,'506f980000000c21',2,3,17,32,2,'1900872','ASBL10002','Water','00:00:00',1,'Postpaid',84.00,2,1,0.00,1,0.00,0.00,0,1.00,0,0,0,0,1,0,'2022-01-30 17:42:43'),(667,'506f980000000c21',2,3,17,32,2,'1900872','ASBL10002','Water','00:00:00',1,'Postpaid',84.00,2,1,0.00,1,0.00,0.00,0,1.00,0,0,0,0,1,0,'2022-01-30 17:43:43'),(668,'506f980000000c21',2,3,17,32,2,'1900872','ASBL10002','Water','00:00:00',1,'Postpaid',84.00,2,1,0.00,1,0.00,0.00,0,1.00,0,0,0,0,1,0,'2022-01-30 17:44:43'),(669,'506f980000000c21',2,3,17,32,2,'1900872','ASBL10002','Water','00:00:00',1,'Postpaid',84.00,2,1,0.00,1,0.00,0.00,0,1.00,0,0,0,0,1,0,'2022-01-30 17:45:44'),(670,'506f980000000c21',2,3,17,32,2,'1900872','ASBL10002','Water','00:00:00',1,'Postpaid',84.00,2,1,0.00,1,0.00,0.00,0,1.00,0,0,0,0,1,0,'2022-01-30 17:46:44'),(671,'506f980000000c21',2,3,17,32,2,'1900872','ASBL10002','Water','00:00:00',720,'Postpaid',84.00,2,1,0.00,1,0.00,0.00,0,1.00,0,0,0,0,1,0,'2022-01-30 17:47:44'),(672,'506f980000000c40',2,3,18,35,2,'19012683','ASBL10003','Water','00:00:00',1,'Postpaid',83.00,2,1,0.00,1,0.00,0.00,0,1.00,0,0,0,0,1,0,'2022-01-30 17:56:44'),(673,'506f980000000c40',2,3,18,35,2,'19012683','ASBL10003','Water','00:00:00',1,'Postpaid',83.00,2,1,0.00,1,0.00,0.00,0,1.00,0,0,0,0,1,0,'2022-01-30 17:57:46'),(674,'506f980000000c40',2,3,18,35,2,'19012683','ASBL10003','Water','00:00:00',1,'Postpaid',83.00,2,1,0.00,1,0.00,0.00,0,1.00,0,0,0,0,1,0,'2022-01-30 17:58:46'),(675,'506f980000000c40',2,3,18,35,2,'19012683','ASBL10003','Water','00:00:00',1,'Postpaid',83.00,2,1,0.00,1,0.00,0.00,0,1.00,0,0,0,0,1,0,'2022-01-30 17:59:46'),(676,'506f980000000c40',2,3,18,35,2,'19012683','ASBL10003','Water','00:00:00',1,'Postpaid',83.00,2,1,0.00,1,0.00,0.00,0,1.00,0,0,0,0,1,0,'2022-01-30 18:01:47'),(677,'506f980000000c40',2,3,18,35,2,'19012683','ASBL10003','Water','00:00:00',1,'Postpaid',83.00,2,1,0.00,1,0.00,0.00,0,243.00,0,0,0,0,1,0,'2022-01-30 18:02:47'),(678,'506f980000000c40',2,3,18,35,2,'19012683','ASBL10003','Water','00:00:00',1,'Postpaid',83.00,2,1,0.00,1,0.00,0.00,0,243.00,0,0,0,0,1,0,'2022-01-30 18:04:47'),(679,'506f980000000c40',2,3,18,35,2,'19012683','ASBL10003','Water','00:00:00',1,'Postpaid',83.00,2,1,0.00,1,0.00,0.00,0,243.00,0,0,0,0,1,0,'2022-01-30 18:05:47'),(680,'506f980000000c40',2,3,18,35,2,'19012683','ASBL10003','Water','00:00:00',720,'Postpaid',83.00,2,1,0.00,1,0.00,0.00,0,243.00,0,0,0,0,1,0,'2022-01-30 18:06:47'),(681,'506f980000000c23',2,3,19,37,2,'21012180','ASBL10004','Water','00:00:00',1,'Postpaid',84.00,2,1,0.00,1,0.00,0.00,0,22.00,0,0,0,0,1,0,'2022-01-30 18:07:47'),(682,'506f980000000c33',2,3,19,36,2,'21012026','ASBL10004','Water','00:00:00',1,'Postpaid',85.00,2,1,0.00,1,0.00,0.00,0,30.00,0,0,0,0,1,0,'2022-01-30 18:07:49'),(683,'506f980000000c23',2,3,19,37,2,'21012180','ASBL10004','Water','00:00:00',1,'Postpaid',84.00,2,1,0.00,1,0.00,0.00,0,22.00,0,0,0,0,1,0,'2022-01-30 18:08:51'),(684,'506f980000000c33',2,3,19,36,2,'21012026','ASBL10004','Water','00:00:00',1,'Postpaid',85.00,2,1,0.00,1,0.00,0.00,0,30.00,0,0,0,0,1,0,'2022-01-30 18:08:51'),(685,'506f980000000c23',2,3,19,37,2,'21012180','ASBL10004','Water','00:00:00',1,'Postpaid',84.00,2,1,0.00,1,0.00,0.00,0,24.00,0,0,0,0,1,0,'2022-01-30 18:09:52'),(686,'506f980000000c33',2,3,19,36,2,'21012026','ASBL10004','Water','00:00:00',1,'Postpaid',85.00,2,1,0.00,1,0.00,0.00,0,30.00,0,0,0,0,1,0,'2022-01-30 18:09:52'),(687,'506f980000000c23',2,3,19,37,2,'21012180','ASBL10004','Water','00:00:00',1,'Postpaid',84.00,2,1,0.00,1,0.00,0.00,0,24.00,0,0,0,0,1,0,'2022-01-30 18:10:52'),(688,'506f980000000c33',2,3,19,36,2,'21012026','ASBL10004','Water','00:00:00',1,'Postpaid',85.00,2,1,0.00,1,0.00,0.00,0,30.00,0,0,0,0,1,0,'2022-01-30 18:10:52'),(689,'506f980000000c23',2,3,19,37,2,'21012180','ASBL10004','Water','00:00:00',1,'Postpaid',84.00,2,1,0.00,1,0.00,0.00,0,25.00,0,0,0,0,1,0,'2022-01-30 18:11:52'),(690,'506f980000000c33',2,3,19,36,2,'21012026','ASBL10004','Water','00:00:00',1,'Postpaid',85.00,2,1,0.00,1,0.00,0.00,0,30.00,0,0,0,0,1,0,'2022-01-30 18:11:52'),(691,'506f980000000c23',2,3,19,37,2,'21012180','ASBL10004','Water','00:00:00',1,'Postpaid',84.00,2,1,0.00,1,0.00,0.00,0,25.00,0,0,0,0,1,0,'2022-01-30 18:12:52'),(692,'506f980000000c33',2,3,19,36,2,'21012026','ASBL10004','Water','00:00:00',1,'Postpaid',85.00,2,1,0.00,1,0.00,0.00,0,30.00,0,0,0,0,1,0,'2022-01-30 18:12:52'),(693,'506f980000000c23',2,3,19,37,2,'21012180','ASBL10004','Water','00:00:00',1,'Postpaid',84.00,2,1,0.00,1,0.00,0.00,0,25.00,0,0,0,0,1,0,'2022-01-30 18:13:52'),(694,'506f980000000c33',2,3,19,36,2,'21012026','ASBL10004','Water','00:00:00',1,'Postpaid',85.00,2,1,0.00,1,0.00,0.00,0,30.00,0,0,0,0,1,0,'2022-01-30 18:13:52'),(695,'506f980000000c23',2,3,19,37,2,'21012180','ASBL10004','Water','00:00:00',1,'Postpaid',84.00,2,1,0.00,1,0.00,0.00,0,25.00,0,0,0,0,1,0,'2022-01-30 18:14:52'),(696,'506f980000000c33',2,3,19,36,2,'21012026','ASBL10004','Water','00:00:00',1,'Postpaid',85.00,2,1,0.00,1,0.00,0.00,0,322.00,0,0,0,0,1,0,'2022-01-30 18:14:52'),(697,'506f980000000c23',2,3,19,37,2,'21012180','ASBL10004','Water','00:00:00',1,'Postpaid',84.00,2,1,0.00,1,0.00,0.00,0,311.00,0,0,0,0,1,0,'2022-01-30 18:15:52'),(698,'506f980000000c23',2,3,19,37,2,'21012180','ASBL10004','Water','00:00:00',1,'Postpaid',83.00,2,1,0.00,1,0.00,0.00,0,311.00,0,0,0,0,1,0,'2022-01-30 18:16:52'),(699,'506f980000000c33',2,3,19,36,2,'21012026','ASBL10004','Water','00:00:00',1,'Postpaid',84.00,2,1,0.00,1,0.00,0.00,0,322.00,0,0,0,0,1,0,'2022-01-30 18:16:52'),(700,'506f980000000c23',2,3,19,37,2,'21012180','ASBL10004','Water','00:00:00',1,'Postpaid',84.00,2,1,0.00,1,0.00,0.00,0,311.00,0,0,0,0,1,0,'2022-01-30 18:17:53'),(701,'506f980000000c33',2,3,19,36,2,'21012026','ASBL10004','Water','00:00:00',720,'Postpaid',84.00,2,1,0.00,1,0.00,0.00,0,322.00,0,0,0,0,1,0,'2022-01-30 18:17:53'),(702,'506f980000000c23',2,3,19,37,2,'21012180','ASBL10004','Water','00:00:00',720,'Postpaid',84.00,2,1,0.00,1,0.00,0.00,0,311.00,0,0,0,0,1,0,'2022-01-30 18:18:53'),(703,'506f980000000c24',2,3,18,34,2,'21012251','ASBL10003','Water','00:00:00',720,'Postpaid',85.00,2,1,0.00,1,0.00,0.00,0,5.00,0,0,0,0,1,0,'2022-01-30 23:47:00'),(704,'506f980000000c24',2,3,18,34,2,'21012251','ASBL10003','Water','00:00:00',720,'Postpaid',85.00,2,1,0.00,1,0.00,0.00,0,5.00,0,0,0,0,1,0,'2022-01-30 23:48:10'),(705,'506f980000000c40',2,3,18,35,2,'19012683','ASBL10003','Water','00:00:00',720,'Postpaid',83.00,2,1,0.00,1,0.00,0.00,0,243.00,0,0,0,0,1,0,'2022-01-31 00:07:11'),(706,'506f980000000c40',2,3,18,35,2,'19012683','ASBL10003','Water','00:00:00',720,'Postpaid',83.00,2,1,0.00,1,0.00,0.00,0,243.00,0,0,0,0,1,0,'2022-01-31 00:08:21'),(707,'506f980000000c23',2,3,19,37,2,'21012180','ASBL10004','Water','00:00:00',720,'Postpaid',84.00,2,1,0.00,1,0.00,0.00,0,311.00,0,0,0,0,1,0,'2022-01-31 00:18:21'),(708,'506f980000000c23',2,3,19,37,2,'21012180','ASBL10004','Water','00:00:00',720,'Postpaid',84.00,2,1,0.00,1,0.00,0.00,0,311.00,0,0,0,0,1,0,'2022-01-31 00:19:31'),(709,'506f980000000c42',2,3,16,30,2,'12345678','ASBL10001','Water','00:00:00',720,'Postpaid',86.00,2,1,0.00,1,0.00,0.00,0,437.00,0,0,0,0,1,0,'2022-01-31 03:34:35'),(710,'506f980000000c42',2,3,16,30,2,'12345678','ASBL10001','Water','00:00:00',720,'Postpaid',86.00,2,1,0.00,1,0.00,0.00,0,437.00,0,0,0,0,1,0,'2022-01-31 03:35:45'),(711,'506f980000000c0b',2,3,16,31,2,'12345679','ASBL10001','Water','00:00:00',720,'Postpaid',85.00,2,1,0.00,1,0.00,0.00,0,30.00,0,0,0,0,1,0,'2022-01-31 03:37:45'),(712,'506f980000000c0b',2,3,16,31,2,'12345679','ASBL10001','Water','00:00:00',720,'Postpaid',85.00,2,1,0.00,1,0.00,0.00,0,30.00,0,0,0,0,1,0,'2022-01-31 03:38:55'),(713,'506f980000000c21',2,3,17,32,2,'1900872','ASBL10002','Water','00:00:00',720,'Postpaid',85.00,2,1,0.00,1,0.00,0.00,0,1.00,0,0,0,0,1,0,'2022-01-31 05:37:57'),(714,'506f980000000c21',2,3,17,32,2,'1900872','ASBL10002','Water','00:00:00',720,'Postpaid',85.00,2,1,0.00,1,0.00,0.00,0,1.00,0,0,0,0,1,0,'2022-01-31 05:39:07'),(715,'506f980000000c24',2,3,18,34,2,'21012251','ASBL10003','Water','00:00:00',720,'Postpaid',85.00,2,1,0.00,1,0.00,0.00,0,5.00,0,0,0,0,1,0,'2022-01-31 05:46:07'),(716,'506f980000000c24',2,3,18,34,2,'21012251','ASBL10003','Water','00:00:00',720,'Postpaid',84.00,2,1,0.00,1,0.00,0.00,0,5.00,0,0,0,0,1,0,'2022-01-31 05:47:17'),(717,'506f980000000c40',2,3,18,35,2,'19012683','ASBL10003','Water','00:00:00',720,'Postpaid',85.00,2,1,0.00,1,0.00,0.00,0,243.00,0,0,0,0,1,0,'2022-01-31 05:48:17'),(718,'506f980000000c33',2,3,19,36,2,'21012026','ASBL10004','Water','00:00:00',720,'Postpaid',86.00,2,1,0.00,1,0.00,0.00,0,322.00,0,0,0,0,1,0,'2022-01-31 06:01:18'),(719,'506f980000000c23',2,3,19,37,2,'21012180','ASBL10004','Water','00:00:00',720,'Postpaid',85.00,2,1,0.00,1,0.00,0.00,0,311.00,0,0,0,0,1,0,'2022-01-31 06:02:28'),(720,'506f980000000c33',2,3,19,36,2,'21012026','ASBL10004','Water','00:00:00',720,'Postpaid',86.00,2,1,0.00,1,0.00,0.00,0,322.00,0,0,0,0,1,0,'2022-01-31 06:02:28'),(721,'506f980000000c24',2,3,18,34,2,'21012251','ASBL10003','Water','00:00:00',720,'Postpaid',85.00,2,1,0.00,1,0.00,0.00,0,5.00,0,0,0,0,1,0,'2022-01-31 13:01:23'),(722,'506f980000000c42',2,3,16,30,2,'12345678','ASBL10001','Water','00:00:00',720,'Postpaid',86.00,2,1,0.00,1,0.00,0.00,0,437.00,0,0,0,0,1,0,'2022-01-31 15:34:26'),(723,'506f980000000c0b',2,3,16,31,2,'12345679','ASBL10001','Water','00:00:00',720,'Postpaid',85.00,2,1,0.00,1,0.00,0.00,0,30.00,0,0,0,0,1,0,'2022-01-31 15:38:26'),(724,'506f980000000c21',2,3,17,32,2,'1900872','ASBL10002','Water','00:00:00',720,'Postpaid',85.00,2,1,0.00,1,0.00,0.00,0,1.00,0,0,0,0,1,0,'2022-01-31 17:37:28'),(725,'506f980000000c21',2,3,17,32,2,'1900872','ASBL10002','Water','00:00:00',720,'Postpaid',85.00,2,1,0.00,1,0.00,0.00,0,253.00,0,0,0,0,1,0,'2022-01-31 17:38:28'),(726,'506f980000000c24',2,3,18,34,2,'21012251','ASBL10003','Water','00:00:00',720,'Postpaid',85.00,2,1,0.00,1,0.00,0.00,0,5.00,0,0,0,0,1,0,'2022-01-31 17:46:28'),(727,'506f980000000c40',2,3,18,35,2,'19012683','ASBL10003','Water','00:00:00',720,'Postpaid',84.00,2,1,0.00,1,0.00,0.00,0,243.00,0,0,0,0,1,0,'2022-01-31 17:48:29'),(728,'506f980000000c33',2,3,19,36,2,'21012026','ASBL10004','Water','00:00:00',720,'Postpaid',85.00,2,1,0.00,1,0.00,0.00,0,322.00,0,0,0,0,1,0,'2022-01-31 18:01:29'),(729,'506f980000000c23',2,3,19,37,2,'21012180','ASBL10004','Water','00:00:00',720,'Postpaid',84.00,2,1,0.00,1,0.00,0.00,0,311.00,0,0,0,0,1,0,'2022-01-31 18:02:29'),(730,'506f980000000c42',2,3,16,30,2,'12345678','ASBL10001','Water','00:00:00',720,'Postpaid',86.00,2,1,0.00,1,0.00,0.00,0,437.00,0,0,0,0,1,0,'2022-02-01 03:34:44'),(731,'506f980000000c42',2,3,16,30,2,'12345678','ASBL10001','Water','00:00:00',720,'Postpaid',86.00,2,1,0.00,1,0.00,0.00,0,437.00,0,0,0,0,1,0,'2022-02-01 03:35:54'),(732,'506f980000000c0b',2,3,16,31,2,'12345679','ASBL10001','Water','00:00:00',720,'Postpaid',85.00,2,1,0.00,1,0.00,0.00,0,30.00,0,0,0,0,1,0,'2022-02-01 03:37:55'),(733,'506f980000000c0b',2,3,16,31,2,'12345679','ASBL10001','Water','00:00:00',720,'Postpaid',85.00,2,1,0.00,1,0.00,0.00,0,30.00,0,0,0,0,1,0,'2022-02-01 03:39:05'),(734,'506f980000000c21',2,3,17,32,2,'1900872','ASBL10002','Water','00:00:00',720,'Postpaid',85.00,2,1,0.00,1,0.00,0.00,0,253.00,0,0,0,0,1,0,'2022-02-01 05:38:07'),(735,'506f980000000c21',2,3,17,32,2,'1900872','ASBL10002','Water','00:00:00',720,'Postpaid',85.00,2,1,0.00,1,0.00,0.00,0,253.00,0,0,0,0,1,0,'2022-02-01 05:39:17'),(736,'506f980000000c40',2,3,18,35,2,'19012683','ASBL10003','Water','00:00:00',720,'Postpaid',84.00,2,1,0.00,1,0.00,0.00,0,243.00,0,0,0,0,1,0,'2022-02-01 05:48:18'),(737,'506f980000000c40',2,3,18,35,2,'19012683','ASBL10003','Water','00:00:00',720,'Postpaid',84.00,2,1,0.00,1,0.00,0.00,0,243.00,0,0,0,0,1,0,'2022-02-01 05:49:28'),(738,'506f980000000c33',2,3,19,36,2,'21012026','ASBL10004','Water','00:00:00',720,'Postpaid',85.00,2,1,0.00,1,0.00,0.00,0,322.00,0,0,0,0,1,0,'2022-02-01 06:01:28'),(739,'506f980000000c23',2,3,19,37,2,'21012180','ASBL10004','Water','00:00:00',720,'Postpaid',84.00,2,1,0.00,1,0.00,0.00,0,311.00,0,0,0,0,1,0,'2022-02-01 06:02:38'),(740,'506f980000000c33',2,3,19,36,2,'21012026','ASBL10004','Water','00:00:00',720,'Postpaid',85.00,2,1,0.00,1,0.00,0.00,0,322.00,0,0,0,0,1,0,'2022-02-01 06:02:40'),(741,'506f980000000c24',2,3,18,34,2,'21012251','ASBL10003','Water','00:00:00',720,'Postpaid',85.00,2,1,0.00,1,0.00,0.00,0,5.00,0,0,0,0,1,0,'2022-02-01 11:46:47'),(742,'506f980000000c24',2,3,18,34,2,'21012251','ASBL10003','Water','00:00:00',720,'Postpaid',85.00,2,1,0.00,1,0.00,0.00,0,5.00,0,0,0,0,1,0,'2022-02-01 11:47:57'),(743,'506f980000000c42',2,3,16,30,2,'12345678','ASBL10001','Water','00:00:00',720,'Postpaid',86.00,2,1,0.00,1,0.00,0.00,0,437.00,0,0,0,0,1,0,'2022-02-01 15:34:38'),(744,'506f980000000c0b',2,3,16,31,2,'12345679','ASBL10001','Water','00:00:00',720,'Postpaid',85.00,2,1,0.00,1,0.00,0.00,0,30.00,0,0,0,0,1,0,'2022-02-01 15:37:38'),(745,'506f980000000c21',2,3,17,32,2,'1900872','ASBL10002','Water','00:00:00',720,'Postpaid',85.00,2,1,0.00,1,0.00,0.00,0,253.00,0,0,0,0,1,0,'2022-02-01 17:37:51'),(746,'506f980000000c24',2,3,18,34,2,'21012251','ASBL10003','Water','00:00:00',720,'Postpaid',85.00,2,1,0.00,1,0.00,0.00,0,5.00,0,0,0,0,1,0,'2022-02-01 17:45:51'),(747,'506f980000000c33',2,3,19,36,2,'21012026','ASBL10004','Water','00:00:00',720,'Postpaid',85.00,2,1,0.00,1,0.00,0.00,0,322.00,0,0,0,0,1,0,'2022-02-01 18:00:51'),(748,'506f980000000c23',2,3,19,37,2,'21012180','ASBL10004','Water','00:00:00',720,'Postpaid',84.00,2,1,0.00,1,0.00,0.00,0,311.00,0,0,0,0,1,0,'2022-02-01 18:02:51'),(749,'506f980000000c40',2,3,18,35,2,'19012683','ASBL10003','Water','00:00:00',720,'Postpaid',85.00,2,1,0.00,1,0.00,0.00,0,243.00,0,0,0,0,1,0,'2022-02-01 23:48:59'),(750,'506f980000000c42',2,3,16,30,2,'12345678','ASBL10001','Water','00:00:00',720,'Postpaid',86.00,2,1,0.00,1,0.00,0.00,0,437.00,0,0,0,0,1,0,'2022-02-02 03:35:03'),(751,'506f980000000c42',2,3,16,30,2,'12345678','ASBL10001','Water','00:00:00',720,'Postpaid',86.00,2,1,0.00,1,0.00,0.00,0,437.00,0,0,0,0,1,0,'2022-02-02 03:36:13'),(752,'506f980000000c0b',2,3,16,31,2,'12345679','ASBL10001','Water','00:00:00',720,'Postpaid',84.00,2,1,0.00,1,0.00,0.00,0,30.00,0,0,0,0,1,0,'2022-02-02 03:38:13'),(753,'506f980000000c0b',2,3,16,31,2,'12345679','ASBL10001','Water','00:00:00',720,'Postpaid',84.00,2,1,0.00,1,0.00,0.00,0,30.00,0,0,0,0,1,0,'2022-02-02 03:39:23'),(754,'506f980000000c21',2,3,17,32,2,'1900872','ASBL10002','Water','00:00:00',720,'Postpaid',85.00,2,1,0.00,1,0.00,0.00,0,253.00,0,0,0,0,1,0,'2022-02-02 05:37:26'),(755,'506f980000000c21',2,3,17,32,2,'1900872','ASBL10002','Water','00:00:00',720,'Postpaid',85.00,2,1,0.00,1,0.00,0.00,0,253.00,0,0,0,0,1,0,'2022-02-02 05:38:36'),(756,'506f980000000c24',2,3,18,34,2,'21012251','ASBL10003','Water','00:00:00',720,'Postpaid',85.00,2,1,0.00,1,0.00,0.00,0,5.00,0,0,0,0,1,0,'2022-02-02 05:46:36'),(757,'506f980000000c24',2,3,18,34,2,'21012251','ASBL10003','Water','00:00:00',720,'Postpaid',85.00,2,1,0.00,1,0.00,0.00,0,5.00,0,0,0,0,1,0,'2022-02-02 05:47:46'),(758,'506f980000000c40',2,3,18,35,2,'19012683','ASBL10003','Water','00:00:00',720,'Postpaid',85.00,2,1,0.00,1,0.00,0.00,0,243.00,0,0,0,0,1,0,'2022-02-02 05:47:46'),(759,'506f980000000c33',2,3,19,36,2,'21012026','ASBL10004','Water','00:00:00',720,'Postpaid',85.00,2,1,0.00,1,0.00,0.00,0,322.00,0,0,0,0,1,0,'2022-02-02 06:00:48'),(760,'506f980000000c23',2,3,19,37,2,'21012180','ASBL10004','Water','00:00:00',720,'Postpaid',84.00,2,1,0.00,1,0.00,0.00,0,311.00,0,0,0,0,1,0,'2022-02-02 06:01:58'),(761,'506f980000000c33',2,3,19,36,2,'21012026','ASBL10004','Water','00:00:00',720,'Postpaid',85.00,2,1,0.00,1,0.00,0.00,0,322.00,0,0,0,0,1,0,'2022-02-02 06:02:00'),(762,'506f980000000c10',2,3,17,33,2,'215012112','ASBL10002','Water','00:00:00',1,'Postpaid',83.00,2,1,0.00,1,0.00,0.00,0,9.00,0,0,0,0,1,0,'2022-02-02 07:07:01'),(763,'506f980000000c10',2,3,17,33,2,'215012112','ASBL10002','Water','00:00:00',1,'Postpaid',83.00,2,1,0.00,1,0.00,0.00,0,9.00,0,0,0,0,1,0,'2022-02-02 07:08:11'),(764,'506f980000000c42',2,3,16,30,2,'12345678','ASBL10001','Water','00:00:00',720,'Postpaid',86.00,2,1,0.00,1,0.00,0.00,0,437.00,0,0,0,0,1,0,'2022-02-02 15:34:59'),(765,'506f980000000c0b',2,3,16,31,2,'12345679','ASBL10001','Water','00:00:00',720,'Postpaid',84.00,2,1,0.00,1,0.00,0.00,0,30.00,0,0,0,0,1,0,'2022-02-02 15:37:59'),(766,'506f980000000c21',2,3,17,32,2,'1900872','ASBL10002','Water','00:00:00',720,'Postpaid',85.00,2,1,0.00,1,0.00,0.00,0,253.00,0,0,0,0,1,0,'2022-02-02 17:38:02'),(767,'506f980000000c24',2,3,18,34,2,'21012251','ASBL10003','Water','00:00:00',720,'Postpaid',85.00,2,1,0.00,1,0.00,0.00,0,5.00,0,0,0,0,1,0,'2022-02-02 17:46:02'),(768,'506f980000000c40',2,3,18,35,2,'19012683','ASBL10003','Water','00:00:00',720,'Postpaid',84.00,2,1,0.00,1,0.00,0.00,0,243.00,0,0,0,0,1,0,'2022-02-02 17:48:02'),(769,'506f980000000c33',2,3,19,36,2,'21012026','ASBL10004','Water','00:00:00',720,'Postpaid',85.00,2,1,0.00,1,0.00,0.00,0,322.00,0,0,0,0,1,0,'2022-02-02 18:01:02'),(770,'506f980000000c23',2,3,19,37,2,'21012180','ASBL10004','Water','00:00:00',720,'Postpaid',84.00,2,1,0.00,1,0.00,0.00,0,311.00,0,0,0,0,1,0,'2022-02-02 18:02:02'),(771,'506f980000000c42',2,3,16,30,2,'12345678','ASBL10001','Water','00:00:00',720,'Postpaid',86.00,2,1,0.00,1,0.00,0.00,0,437.00,0,0,0,0,1,0,'2022-02-03 03:34:12'),(772,'506f980000000c42',2,3,16,30,2,'12345678','ASBL10001','Water','00:00:00',720,'Postpaid',86.00,2,1,0.00,1,0.00,0.00,0,437.00,0,0,0,0,1,0,'2022-02-03 03:35:22'),(773,'506f980000000c0b',2,3,16,31,2,'12345679','ASBL10001','Water','00:00:00',720,'Postpaid',84.00,2,1,0.00,1,0.00,0.00,0,30.00,0,0,0,0,1,0,'2022-02-03 03:37:22'),(774,'506f980000000c0b',2,3,16,31,2,'12345679','ASBL10001','Water','00:00:00',720,'Postpaid',84.00,2,1,0.00,1,0.00,0.00,0,30.00,0,0,0,0,1,0,'2022-02-03 03:38:32'),(775,'506f980000000c10',2,3,17,33,2,'215012112','ASBL10002','Water','00:00:00',1,'Postpaid',83.00,2,1,0.00,1,0.00,0.00,0,10.00,0,0,0,0,1,0,'2022-02-03 04:43:34'),(776,'506f980000000c10',2,3,17,33,2,'215012112','ASBL10002','Water','00:00:00',1,'Postpaid',83.00,2,1,0.00,1,0.00,0.00,0,10.00,0,0,0,0,1,0,'2022-02-03 04:44:44'),(777,'506f980000000c10',2,3,17,33,2,'215012112','ASBL10002','Water','00:00:00',1,'Postpaid',83.00,2,1,0.00,1,0.00,0.00,0,395.00,0,0,0,0,1,0,'2022-02-03 05:08:44'),(778,'506f980000000c21',2,3,17,32,2,'1900872','ASBL10002','Water','00:00:00',720,'Postpaid',85.00,2,1,0.00,1,0.00,0.00,0,253.00,0,0,0,0,1,0,'2022-02-03 05:37:45'),(779,'506f980000000c21',2,3,17,32,2,'1900872','ASBL10002','Water','00:00:00',720,'Postpaid',85.00,2,1,0.00,1,0.00,0.00,0,253.00,0,0,0,0,1,0,'2022-02-03 05:38:55'),(780,'506f980000000c24',2,3,18,34,2,'21012251','ASBL10003','Water','00:00:00',720,'Postpaid',85.00,2,1,0.00,1,0.00,0.00,0,5.00,0,0,0,0,1,0,'2022-02-03 05:45:55'),(781,'506f980000000c24',2,3,18,34,2,'21012251','ASBL10003','Water','00:00:00',720,'Postpaid',85.00,2,1,0.00,1,0.00,0.00,0,5.00,0,0,0,0,1,0,'2022-02-03 05:47:05'),(782,'506f980000000c40',2,3,18,35,2,'19012683','ASBL10003','Water','00:00:00',720,'Postpaid',84.00,2,1,0.00,1,0.00,0.00,0,243.00,0,0,0,0,1,0,'2022-02-03 05:48:05'),(783,'506f980000000c33',2,3,19,36,2,'21012026','ASBL10004','Water','00:00:00',720,'Postpaid',85.00,2,1,0.00,1,0.00,0.00,0,322.00,0,0,0,0,1,0,'2022-02-03 06:01:08'),(784,'506f980000000c23',2,3,19,37,2,'21012180','ASBL10004','Water','00:00:00',720,'Postpaid',84.00,2,1,0.00,1,0.00,0.00,0,311.00,0,0,0,0,1,0,'2022-02-03 06:02:18'),(785,'506f980000000c33',2,3,19,36,2,'21012026','ASBL10004','Water','00:00:00',720,'Postpaid',85.00,2,1,0.00,1,0.00,0.00,0,322.00,0,0,0,0,1,0,'2022-02-03 06:02:20'),(786,'506f980000000c10',2,3,17,33,2,'215012112','ASBL10002','Water','00:00:00',1,'Postpaid',83.00,2,1,0.00,1,0.00,0.00,0,395.00,0,0,0,0,1,0,'2022-02-03 07:37:21'),(787,'506f980000000c10',2,3,17,33,2,'215012112','ASBL10002','Water','00:00:00',1,'Postpaid',83.00,2,1,0.00,1,0.00,0.00,0,395.00,0,0,0,0,1,0,'2022-02-03 08:06:22'),(788,'506f980000000c42',2,3,16,30,2,'12345678','ASBL10001','Water','00:00:00',720,'Postpaid',86.00,2,1,0.00,1,0.00,0.00,0,437.00,0,0,0,0,1,0,'2022-02-03 09:35:24'),(789,'506f980000000c10',2,3,17,33,2,'215012112','ASBL10002','Water','00:00:00',1,'Postpaid',83.00,2,1,0.00,1,0.00,0.00,0,395.00,0,0,0,0,1,0,'2022-02-03 09:45:25'),(790,'506f980000000c10',2,3,17,33,2,'215012112','ASBL10002','Water','00:00:00',1,'Postpaid',83.00,2,1,0.00,1,0.00,0.00,0,395.00,0,0,0,0,1,0,'2022-02-03 10:50:26'),(791,'506f980000000c10',2,3,17,33,2,'215012112','ASBL10002','Water','00:00:00',1,'Postpaid',83.00,2,1,0.00,1,0.00,0.00,0,395.00,0,0,0,0,1,0,'2022-02-03 10:59:27'),(792,'506f980000000c10',2,3,17,33,2,'215012112','ASBL10002','Water','00:00:00',1,'Postpaid',83.00,2,1,0.00,1,0.00,0.00,0,395.00,0,0,0,0,1,0,'2022-02-03 11:01:27'),(793,'506f980000000c10',2,3,17,33,2,'215012112','ASBL10002','Water','00:00:00',1,'Postpaid',83.00,2,1,0.00,1,0.00,0.00,0,395.00,0,0,0,0,1,0,'2022-02-03 11:11:27'),(794,'506f980000000c10',2,3,17,33,2,'215012112','ASBL10002','Water','00:00:00',1,'Postpaid',83.00,2,1,0.00,1,0.00,0.00,0,395.00,0,0,0,0,1,0,'2022-02-03 11:14:27'),(795,'506f980000000c10',2,3,17,33,2,'215012112','ASBL10002','Water','00:00:00',1,'Postpaid',83.00,2,1,0.00,1,0.00,0.00,0,395.00,0,0,0,0,1,0,'2022-02-03 11:35:28'),(796,'506f980000000c10',2,3,17,33,2,'215012112','ASBL10002','Water','00:00:00',1,'Postpaid',83.00,2,1,0.00,1,0.00,0.00,0,395.00,0,0,0,0,1,0,'2022-02-03 11:37:28'),(797,'506f980000000c10',2,3,17,33,2,'215012112','ASBL10002','Water','00:00:00',1,'Postpaid',83.00,2,1,0.00,1,0.00,0.00,0,395.00,0,0,0,0,1,0,'2022-02-03 11:39:28'),(798,'506f980000000c10',2,3,17,33,2,'215012112','ASBL10002','Water','00:00:00',1,'Postpaid',84.00,2,1,0.00,1,0.00,0.00,0,395.00,0,0,0,0,1,0,'2022-02-03 11:41:28'),(799,'506f980000000c10',2,3,17,33,2,'215012112','ASBL10002','Water','00:00:00',1,'Postpaid',84.00,2,1,0.00,1,0.00,0.00,0,395.00,0,0,0,0,1,0,'2022-02-03 11:42:28'),(800,'506f980000000c10',2,3,17,33,2,'215012112','ASBL10002','Water','00:00:00',1,'Postpaid',84.00,2,1,0.00,1,0.00,0.00,0,395.00,0,0,0,0,1,0,'2022-02-03 11:43:28'),(801,'506f980000000c10',2,3,17,33,2,'215012112','ASBL10002','Water','00:00:00',1,'Postpaid',83.00,2,1,0.00,1,0.00,0.00,0,395.00,0,0,0,0,1,0,'2022-02-03 11:58:28'),(802,'506f980000000c10',2,3,17,33,2,'215012112','ASBL10002','Water','00:00:00',1,'Postpaid',84.00,2,1,0.00,1,0.00,0.00,0,395.00,0,0,0,0,1,0,'2022-02-03 11:59:29'),(803,'506f980000000c10',2,3,17,33,2,'215012112','ASBL10002','Water','00:00:00',1,'Postpaid',84.00,2,1,0.00,1,0.00,0.00,0,395.00,0,0,0,0,1,0,'2022-02-03 12:00:29'),(804,'506f980000000c10',2,3,17,33,2,'215012112','ASBL10002','Water','00:00:00',1,'Postpaid',84.00,2,1,0.00,1,0.00,0.00,0,395.00,0,0,0,0,1,0,'2022-02-03 12:02:29'),(805,'506f980000000c10',2,3,17,33,2,'215012112','ASBL10002','Water','00:00:00',1,'Postpaid',83.00,2,1,0.00,1,0.00,0.00,0,395.00,0,0,0,0,1,0,'2022-02-03 12:18:29'),(806,'506f980000000c10',2,3,17,33,2,'215012112','ASBL10002','Water','00:00:00',1,'Postpaid',83.00,2,1,0.00,1,0.00,0.00,0,395.00,0,0,0,0,1,0,'2022-02-03 12:28:29'),(807,'506f980000000c10',2,3,17,33,2,'215012112','ASBL10002','Water','00:00:00',1,'Postpaid',84.00,2,1,0.00,1,0.00,0.00,0,395.00,0,0,0,0,1,0,'2022-02-03 12:29:29'),(808,'506f980000000c10',2,3,17,33,2,'215012112','ASBL10002','Water','00:00:00',1,'Postpaid',83.00,2,1,0.00,1,0.00,0.00,0,395.00,0,0,0,0,1,0,'2022-02-03 12:36:30'),(809,'506f980000000c10',2,3,17,33,2,'215012112','ASBL10002','Water','00:00:00',1,'Postpaid',83.00,2,1,0.00,1,0.00,0.00,0,395.00,0,0,0,0,1,0,'2022-02-03 13:03:30'),(810,'506f980000000c10',2,3,17,33,2,'215012112','ASBL10002','Water','00:00:00',1,'Postpaid',84.00,2,1,0.00,1,0.00,0.00,0,395.00,0,0,0,0,1,0,'2022-02-03 13:04:30'),(811,'506f980000000c10',2,3,17,33,2,'215012112','ASBL10002','Water','00:00:00',1,'Postpaid',83.00,2,1,0.00,1,0.00,0.00,0,395.00,0,0,0,0,1,0,'2022-02-03 13:09:30'),(812,'506f980000000c10',2,3,17,33,2,'215012112','ASBL10002','Water','00:00:00',1,'Postpaid',83.00,2,1,0.00,1,0.00,0.00,0,395.00,0,0,0,0,1,0,'2022-02-03 13:21:31'),(813,'506f980000000c10',2,3,17,33,2,'215012112','ASBL10002','Water','00:00:00',1,'Postpaid',83.00,2,1,0.00,1,0.00,0.00,0,395.00,0,0,0,0,1,0,'2022-02-03 13:24:31'),(814,'506f980000000c10',2,3,17,33,2,'215012112','ASBL10002','Water','00:00:00',1,'Postpaid',83.00,2,1,0.00,1,0.00,0.00,0,395.00,0,0,0,0,1,0,'2022-02-03 13:29:31'),(815,'506f980000000c10',2,3,17,33,2,'215012112','ASBL10002','Water','00:00:00',1,'Postpaid',83.00,2,1,0.00,1,0.00,0.00,0,395.00,0,0,0,0,1,0,'2022-02-03 13:36:31'),(816,'506f980000000c10',2,3,17,33,2,'215012112','ASBL10002','Water','00:00:00',1,'Postpaid',83.00,2,1,0.00,1,0.00,0.00,0,395.00,0,0,0,0,1,0,'2022-02-03 14:23:32'),(817,'506f980000000c10',2,3,17,33,2,'215012112','ASBL10002','Water','00:00:00',1,'Postpaid',83.00,2,1,0.00,1,0.00,0.00,0,395.00,0,0,0,0,1,0,'2022-02-03 14:28:32'),(818,'506f980000000c10',2,3,17,33,2,'215012112','ASBL10002','Water','00:00:00',1,'Postpaid',83.00,2,1,0.00,1,0.00,0.00,0,395.00,0,0,0,0,1,0,'2022-02-03 14:44:33'),(819,'506f980000000c10',2,3,17,33,2,'215012112','ASBL10002','Water','00:00:00',1,'Postpaid',84.00,2,1,0.00,1,0.00,0.00,0,395.00,0,0,0,0,1,0,'2022-02-03 14:46:33'),(820,'506f980000000c10',2,3,17,33,2,'215012112','ASBL10002','Water','00:00:00',1,'Postpaid',83.00,2,1,0.00,1,0.00,0.00,0,395.00,0,0,0,0,1,0,'2022-02-03 14:58:33'),(821,'506f980000000c10',2,3,17,33,2,'215012112','ASBL10002','Water','00:00:00',1,'Postpaid',83.00,2,1,0.00,1,0.00,0.00,0,395.00,0,0,0,0,1,0,'2022-02-03 15:04:33'),(822,'506f980000000c10',2,3,17,33,2,'215012112','ASBL10002','Water','00:00:00',1,'Postpaid',83.00,2,1,0.00,1,0.00,0.00,0,395.00,0,0,0,0,1,0,'2022-02-03 15:23:34'),(823,'506f980000000c42',2,3,16,30,2,'12345678','ASBL10001','Water','00:00:00',720,'Postpaid',86.00,2,1,0.00,1,0.00,0.00,0,437.00,0,0,0,0,1,0,'2022-02-03 15:34:34'),(824,'506f980000000c0b',2,3,16,31,2,'12345679','ASBL10001','Water','00:00:00',720,'Postpaid',84.00,2,1,0.00,1,0.00,0.00,0,30.00,0,0,0,0,1,0,'2022-02-03 15:37:34'),(825,'506f980000000c10',2,3,17,33,2,'215012112','ASBL10002','Water','00:00:00',1,'Postpaid',83.00,2,1,0.00,1,0.00,0.00,0,1439.00,0,0,0,0,1,0,'2022-02-03 15:48:34'),(826,'506f980000000c10',2,3,17,33,2,'215012112','ASBL10002','Water','00:00:00',1,'Postpaid',83.00,2,1,0.00,1,0.00,0.00,0,1439.00,0,0,0,0,1,0,'2022-02-03 15:49:34'),(827,'506f980000000c10',2,3,17,33,2,'215012112','ASBL10002','Water','00:00:00',1,'Postpaid',83.00,2,1,0.00,1,0.00,0.00,0,1439.00,0,0,0,0,1,0,'2022-02-03 16:57:49'),(828,'506f980000000c10',2,3,17,33,2,'215012112','ASBL10002','Water','00:00:00',1,'Postpaid',83.00,2,1,0.00,1,0.00,0.00,0,1439.00,0,0,0,0,1,0,'2022-02-03 17:02:50'),(829,'506f980000000c10',2,3,17,33,2,'215012112','ASBL10002','Water','00:00:00',1,'Postpaid',83.00,2,1,0.00,1,0.00,0.00,0,1439.00,0,0,0,0,1,0,'2022-02-03 17:26:50'),(830,'506f980000000c10',2,3,17,33,2,'215012112','ASBL10002','Water','00:00:00',1,'Postpaid',83.00,2,1,0.00,1,0.00,0.00,0,1439.00,0,0,0,0,1,0,'2022-02-03 17:32:50'),(831,'506f980000000c10',2,3,17,33,2,'215012112','ASBL10002','Water','00:00:00',1,'Postpaid',84.00,2,1,0.00,1,0.00,0.00,0,1439.00,0,0,0,0,1,0,'2022-02-03 17:33:50'),(832,'506f980000000c10',2,3,17,33,2,'215012112','ASBL10002','Water','00:00:00',1,'Postpaid',84.00,2,1,0.00,1,0.00,0.00,0,1439.00,0,0,0,0,1,0,'2022-02-03 17:34:50'),(833,'506f980000000c21',2,3,17,32,2,'1900872','ASBL10002','Water','00:00:00',720,'Postpaid',85.00,2,1,0.00,1,0.00,0.00,0,253.00,0,0,0,0,1,0,'2022-02-03 17:37:51'),(834,'506f980000000c10',2,3,17,33,2,'215012112','ASBL10002','Water','00:00:00',1,'Postpaid',83.00,2,1,0.00,1,0.00,0.00,0,1439.00,0,0,0,0,1,0,'2022-02-03 17:44:51'),(835,'506f980000000c24',2,3,18,34,2,'21012251','ASBL10003','Water','00:00:00',720,'Postpaid',85.00,2,1,0.00,1,0.00,0.00,0,5.00,0,0,0,0,1,0,'2022-02-03 17:45:51'),(836,'506f980000000c10',2,3,17,33,2,'215012112','ASBL10002','Water','00:00:00',1,'Postpaid',84.00,2,1,0.00,1,0.00,0.00,0,1439.00,0,0,0,0,1,0,'2022-02-03 17:46:51'),(837,'506f980000000c10',2,3,17,33,2,'215012112','ASBL10002','Water','00:00:00',1,'Postpaid',83.00,2,1,0.00,1,0.00,0.00,0,1439.00,0,0,0,0,1,0,'2022-02-03 17:50:51'),(838,'506f980000000c33',2,3,19,36,2,'21012026','ASBL10004','Water','00:00:00',720,'Postpaid',85.00,2,1,0.00,1,0.00,0.00,0,322.00,0,0,0,0,1,0,'2022-02-03 18:00:51'),(839,'506f980000000c23',2,3,19,37,2,'21012180','ASBL10004','Water','00:00:00',720,'Postpaid',84.00,2,1,0.00,1,0.00,0.00,0,311.00,0,0,0,0,1,0,'2022-02-03 18:01:51'),(840,'506f980000000c10',2,3,17,33,2,'215012112','ASBL10002','Water','00:00:00',1,'Postpaid',83.00,2,1,0.00,1,0.00,0.00,0,1439.00,0,0,0,0,1,0,'2022-02-03 22:54:58'),(841,'506f980000000c10',2,3,17,33,2,'215012112','ASBL10002','Water','00:00:00',1,'Postpaid',83.00,2,1,0.00,1,0.00,0.00,0,1439.00,0,0,0,0,1,0,'2022-02-03 23:17:58'),(842,'506f980000000c10',2,3,17,33,2,'215012112','ASBL10002','Water','00:00:00',1,'Postpaid',83.00,2,1,0.00,1,0.00,0.00,0,1439.00,0,0,0,0,1,0,'2022-02-03 23:47:59'),(843,'506f980000000c40',2,3,18,35,2,'19012683','ASBL10003','Water','00:00:00',720,'Postpaid',85.00,2,1,0.00,1,0.00,0.00,0,243.00,0,0,0,0,1,0,'2022-02-03 23:47:59'),(844,'506f980000000c10',2,3,17,33,2,'215012112','ASBL10002','Water','00:00:00',1,'Postpaid',83.00,2,1,0.00,1,0.00,0.00,0,1439.00,0,0,0,0,1,0,'2022-02-04 01:22:01'),(845,'506f980000000c10',2,3,17,33,2,'215012112','ASBL10002','Water','00:00:00',1,'Postpaid',83.00,2,1,0.00,1,0.00,0.00,0,1439.00,0,0,0,0,1,0,'2022-02-04 01:23:11'),(846,'506f980000000c42',2,3,16,30,2,'12345678','ASBL10001','Water','00:00:00',720,'Postpaid',86.00,2,1,0.00,1,0.00,0.00,0,437.00,0,0,0,0,1,0,'2022-02-04 03:34:12'),(847,'506f980000000c42',2,3,16,30,2,'12345678','ASBL10001','Water','00:00:00',720,'Postpaid',86.00,2,1,0.00,1,0.00,0.00,0,1439.00,0,0,0,0,1,0,'2022-02-04 03:35:22'),(848,'506f980000000c0b',2,3,16,31,2,'12345679','ASBL10001','Water','00:00:00',720,'Postpaid',84.00,2,1,0.00,1,0.00,0.00,0,30.00,0,0,0,0,1,0,'2022-02-04 03:37:22'),(849,'506f980000000c0b',2,3,16,31,2,'12345679','ASBL10001','Water','00:00:00',720,'Postpaid',84.00,2,1,0.00,1,0.00,0.00,0,1439.00,0,0,0,0,1,0,'2022-02-04 03:38:32'),(850,'506f980000000c21',2,3,17,32,2,'1900872','ASBL10002','Water','00:00:00',720,'Postpaid',85.00,2,1,0.00,1,0.00,0.00,0,1339.00,0,0,0,0,1,0,'2022-02-04 05:37:35'),(851,'506f980000000c21',2,3,17,32,2,'1900872','ASBL10002','Water','00:00:00',720,'Postpaid',85.00,2,1,0.00,1,0.00,0.00,0,1339.00,0,0,0,0,1,0,'2022-02-04 05:38:45'),(852,'506f980000000c24',2,3,18,34,2,'21012251','ASBL10003','Water','00:00:00',720,'Postpaid',85.00,2,1,0.00,1,0.00,0.00,0,5.00,0,0,0,0,1,0,'2022-02-04 05:45:45'),(853,'506f980000000c24',2,3,18,34,2,'21012251','ASBL10003','Water','00:00:00',720,'Postpaid',85.00,2,1,0.00,1,0.00,0.00,0,1439.00,0,0,0,0,1,0,'2022-02-04 05:46:55'),(854,'506f980000000c40',2,3,18,35,2,'19012683','ASBL10003','Water','00:00:00',720,'Postpaid',85.00,2,1,0.00,1,0.00,0.00,0,1439.00,0,0,0,0,1,0,'2022-02-04 05:47:55'),(855,'506f980000000c40',2,3,18,35,2,'19012683','ASBL10003','Water','00:00:00',720,'Postpaid',85.00,2,1,0.00,1,0.00,0.00,0,1439.00,0,0,0,0,1,0,'2022-02-04 05:48:57'),(856,'506f980000000c33',2,3,19,36,2,'21012026','ASBL10004','Water','00:00:00',720,'Postpaid',85.00,2,1,0.00,1,0.00,0.00,0,1330.00,0,0,0,0,1,0,'2022-02-04 06:00:57'),(857,'506f980000000c23',2,3,19,37,2,'21012180','ASBL10004','Water','00:00:00',720,'Postpaid',84.00,2,1,0.00,1,0.00,0.00,0,311.00,0,0,0,0,1,0,'2022-02-04 06:02:07'),(858,'506f980000000c33',2,3,19,36,2,'21012026','ASBL10004','Water','00:00:00',720,'Postpaid',85.00,2,1,0.00,1,0.00,0.00,0,1330.00,0,0,0,0,1,0,'2022-02-04 06:02:09'),(859,'506f980000000c10',2,3,17,33,2,'215012112','ASBL10002','Water','00:00:00',1,'Postpaid',83.00,2,1,0.00,1,0.00,0.00,0,1439.00,0,0,0,0,1,0,'2022-02-04 06:03:09'),(860,'506f980000000c10',2,3,17,33,2,'215012112','ASBL10002','Water','00:00:00',1,'Postpaid',83.00,2,1,0.00,1,0.00,0.00,0,1439.00,0,0,0,0,1,0,'2022-02-04 08:13:11'),(861,'506f980000000c10',2,3,17,33,2,'215012112','ASBL10002','Water','00:00:00',1,'Postpaid',83.00,2,1,0.00,1,0.00,0.00,0,1439.00,0,0,0,0,1,0,'2022-02-04 10:25:14'),(862,'506f980000000c10',2,3,17,33,2,'215012112','ASBL10002','Water','00:00:00',1,'Postpaid',83.00,2,1,0.00,1,0.00,0.00,0,1439.00,0,0,0,0,1,0,'2022-02-04 11:05:14'),(863,'506f980000000c10',2,3,17,33,2,'215012112','ASBL10002','Water','00:00:00',1,'Postpaid',83.00,2,1,0.00,1,0.00,0.00,0,1439.00,0,0,0,0,1,0,'2022-02-04 13:34:17'),(864,'506f980000000c10',2,3,17,33,2,'215012112','ASBL10002','Water','00:00:00',1,'Postpaid',83.00,2,1,0.00,1,0.00,0.00,0,1439.00,0,0,0,0,1,0,'2022-02-04 14:31:18'),(865,'506f980000000c10',2,3,17,33,2,'215012112','ASBL10002','Water','00:00:00',1,'Postpaid',83.00,2,1,0.00,1,0.00,0.00,0,1439.00,0,0,0,0,1,0,'2022-02-04 14:36:18'),(866,'506f980000000c10',2,3,17,33,2,'215012112','ASBL10002','Water','00:00:00',1,'Postpaid',83.00,2,1,0.00,1,0.00,0.00,0,1439.00,0,0,0,0,1,0,'2022-02-04 14:39:18'),(867,'506f980000000c10',2,3,17,33,2,'215012112','ASBL10002','Water','00:00:00',1,'Postpaid',83.00,2,1,0.00,1,0.00,0.00,0,1439.00,0,0,0,0,1,0,'2022-02-04 14:41:18'),(868,'506f980000000c10',2,3,17,33,2,'215012112','ASBL10002','Water','00:00:00',1,'Postpaid',84.00,2,1,0.00,1,0.00,0.00,0,1439.00,0,0,0,0,1,0,'2022-02-04 14:43:18'),(869,'506f980000000c10',2,3,17,33,2,'215012112','ASBL10002','Water','00:00:00',1,'Postpaid',83.00,2,1,0.00,1,0.00,0.00,0,1439.00,0,0,0,0,1,0,'2022-02-04 15:31:19'),(870,'506f980000000c10',2,3,17,33,2,'215012112','ASBL10002','Water','00:00:00',1,'Postpaid',84.00,2,1,0.00,1,0.00,0.00,0,1439.00,0,0,0,0,1,0,'2022-02-04 15:33:19'),(871,'506f980000000c42',2,3,16,30,2,'12345678','ASBL10001','Water','00:00:00',720,'Postpaid',86.00,2,1,0.00,1,0.00,0.00,0,1439.00,0,0,0,0,1,0,'2022-02-04 15:34:19'),(872,'506f980000000c0b',2,3,16,31,2,'12345679','ASBL10001','Water','00:00:00',720,'Postpaid',85.00,2,1,0.00,1,0.00,0.00,0,1439.00,0,0,0,0,1,0,'2022-02-04 15:37:19'),(873,'506f980000000c21',2,3,17,32,2,'1900872','ASBL10002','Water','00:00:00',720,'Postpaid',85.00,2,1,0.00,1,0.00,0.00,0,1339.00,0,0,0,0,1,0,'2022-02-04 17:37:21'),(874,'506f980000000c24',2,3,18,34,2,'21012251','ASBL10003','Water','00:00:00',720,'Postpaid',85.00,2,1,0.00,1,0.00,0.00,0,1439.00,0,0,0,0,1,0,'2022-02-04 17:46:21'),(875,'506f980000000c40',2,3,18,35,2,'19012683','ASBL10003','Water','00:00:00',720,'Postpaid',84.00,2,1,0.00,1,0.00,0.00,0,1439.00,0,0,0,0,1,0,'2022-02-04 17:47:22'),(876,'506f980000000c33',2,3,19,36,2,'21012026','ASBL10004','Water','00:00:00',720,'Postpaid',85.00,2,1,0.00,1,0.00,0.00,0,1330.00,0,0,0,0,1,0,'2022-02-04 18:00:22'),(877,'506f980000000c23',2,3,19,37,2,'21012180','ASBL10004','Water','00:00:00',720,'Postpaid',84.00,2,1,0.00,1,0.00,0.00,0,311.00,0,0,0,0,1,0,'2022-02-04 18:02:22'),(878,'506f980000000c10',2,3,17,33,2,'215012112','ASBL10002','Water','00:00:00',1,'Postpaid',83.00,2,1,0.00,1,0.00,0.00,0,1439.00,0,0,0,0,1,0,'2022-02-04 19:07:23'),(879,'506f980000000c10',2,3,17,33,2,'215012112','ASBL10002','Water','00:00:00',1,'Postpaid',83.00,2,1,0.00,1,0.00,0.00,0,1439.00,0,0,0,0,1,0,'2022-02-04 19:10:23'),(880,'506f980000000c10',2,3,17,33,2,'215012112','ASBL10002','Water','00:00:00',999,'Postpaid',83.00,2,1,0.00,1,0.00,0.00,0,1439.00,0,0,0,0,1,0,'2022-02-04 19:11:23'),(881,'506f980000000c42',2,3,16,30,2,'12345678','ASBL10001','Water','00:00:00',720,'Postpaid',86.00,2,1,0.00,1,0.00,0.00,0,1439.00,0,0,0,0,1,0,'2022-02-05 03:34:32'),(882,'506f980000000c42',2,3,16,30,2,'12345678','ASBL10001','Water','00:00:00',720,'Postpaid',86.00,2,1,0.00,1,0.00,0.00,0,1439.00,0,0,0,0,1,0,'2022-02-05 03:35:43'),(883,'506f980000000c0b',2,3,16,31,2,'12345679','ASBL10001','Water','00:00:00',720,'Postpaid',84.00,2,1,0.00,1,0.00,0.00,0,1439.00,0,0,0,0,1,0,'2022-02-05 03:37:43'),(884,'506f980000000c0b',2,3,16,31,2,'12345679','ASBL10001','Water','00:00:00',720,'Postpaid',84.00,2,1,0.00,1,0.00,0.00,0,1439.00,0,0,0,0,1,0,'2022-02-05 03:38:53'),(885,'506f980000000c21',2,3,17,32,2,'1900872','ASBL10002','Water','00:00:00',720,'Postpaid',85.00,2,1,0.00,1,0.00,0.00,0,1339.00,0,0,0,0,1,0,'2022-02-05 05:36:55'),(886,'506f980000000c21',2,3,17,32,2,'1900872','ASBL10002','Water','00:00:00',720,'Postpaid',84.00,2,1,0.00,1,0.00,0.00,0,1339.00,0,0,0,0,1,0,'2022-02-05 05:38:05'),(887,'506f980000000c24',2,3,18,34,2,'21012251','ASBL10003','Water','00:00:00',999,'Postpaid',85.00,2,1,0.00,1,0.00,0.00,0,1439.00,0,0,0,0,1,0,'2022-02-05 05:46:05'),(888,'506f980000000c24',2,3,18,34,2,'21012251','ASBL10003','Water','00:00:00',999,'Postpaid',85.00,2,1,0.00,1,0.00,0.00,0,1439.00,0,0,0,0,1,0,'2022-02-05 05:47:15'),(889,'506f980000000c33',2,3,19,36,2,'21012026','ASBL10004','Water','00:00:00',999,'Postpaid',85.00,2,1,0.00,1,0.00,0.00,0,1330.00,0,0,0,0,1,0,'2022-02-05 06:01:15'),(890,'506f980000000c23',2,3,19,37,2,'21012180','ASBL10004','Water','00:00:00',999,'Postpaid',84.00,2,1,0.00,1,0.00,0.00,0,311.00,0,0,0,0,1,0,'2022-02-05 06:02:25'),(891,'506f980000000c33',2,3,19,36,2,'21012026','ASBL10004','Water','00:00:00',999,'Postpaid',85.00,2,1,0.00,1,0.00,0.00,0,1330.00,0,0,0,0,1,0,'2022-02-05 06:02:27'),(892,'506f980000000c23',2,3,19,37,2,'21012180','ASBL10004','Water','00:00:00',999,'Postpaid',84.00,2,1,0.00,1,0.00,0.00,0,311.00,0,0,0,0,1,0,'2022-02-05 06:03:27'),(893,'506f980000000c24',2,3,18,34,2,'21012251','ASBL10003','Water','00:00:00',999,'Postpaid',84.00,2,1,0.00,1,0.00,0.00,0,1439.00,0,0,0,0,1,0,'2022-02-05 10:25:32'),(894,'506f980000000c33',2,3,19,36,2,'21012026','ASBL10004','Water','00:00:00',999,'Postpaid',86.00,2,1,0.00,1,0.00,0.00,0,1330.00,0,0,0,0,1,0,'2022-02-05 10:39:32'),(895,'506f980000000c23',2,3,19,37,2,'21012180','ASBL10004','Water','00:00:00',999,'Postpaid',85.00,2,1,0.00,1,0.00,0.00,0,311.00,0,0,0,0,1,0,'2022-02-05 10:41:33'),(896,'506f980000000c21',2,3,17,32,2,'1900872','ASBL10002','Water','00:00:00',720,'Postpaid',85.00,2,1,0.00,1,0.00,0.00,0,1339.00,0,0,0,0,1,0,'2022-02-05 11:37:34'),(897,'506f980000000c21',2,3,17,32,2,'1900872','ASBL10002','Water','00:00:00',999,'Postpaid',85.00,2,1,0.00,1,0.00,0.00,0,1339.00,0,0,0,0,1,0,'2022-02-05 11:38:34'),(898,'506f980000000c42',2,3,16,30,2,'12345678','ASBL10001','Water','00:00:00',720,'Postpaid',86.00,2,1,0.00,1,0.00,0.00,0,1439.00,0,0,0,0,1,0,'2022-02-05 15:34:38'),(899,'506f980000000c42',2,3,16,30,2,'12345678','ASBL10001','Water','00:00:00',1439,'Postpaid',86.00,2,1,0.00,1,0.00,0.00,0,1439.00,0,0,0,0,1,0,'2022-02-05 15:35:38'),(900,'506f980000000c0b',2,3,16,31,2,'12345679','ASBL10001','Water','00:00:00',720,'Postpaid',84.00,2,1,0.00,1,0.00,0.00,0,1439.00,0,0,0,0,1,0,'2022-02-05 15:37:38'),(901,'506f980000000c0b',2,3,16,31,2,'12345679','ASBL10001','Water','00:00:00',999,'Postpaid',84.00,2,1,0.00,1,0.00,0.00,0,1439.00,0,0,0,0,1,0,'2022-02-05 15:41:53'),(902,'506f980000000c24',2,3,18,34,2,'21012251','ASBL10003','Water','00:00:00',999,'Postpaid',85.00,2,1,0.00,1,0.00,0.00,0,1439.00,0,0,0,0,1,0,'2022-02-05 16:25:01'),(903,'506f980000000c40',2,3,18,35,2,'19012683','ASBL10003','Water','00:00:00',999,'Postpaid',84.00,2,1,0.00,1,0.00,0.00,0,1439.00,0,0,0,0,1,0,'2022-02-05 17:48:03'),(904,'506f980000000c40',2,3,18,35,2,'19012683','ASBL10003','Water','00:00:00',999,'Postpaid',84.00,2,1,0.00,1,0.00,0.00,0,1439.00,0,0,0,0,1,0,'2022-02-05 17:49:13'),(905,'506f980000000c21',2,3,17,32,2,'1900872','ASBL10002','Water','00:00:00',999,'Postpaid',85.00,2,1,0.00,1,0.00,0.00,0,1339.00,0,0,0,0,1,0,'2022-02-06 02:55:38'),(906,'506f980000000c21',2,3,17,32,2,'1900872','ASBL10002','Water','00:00:00',999,'Postpaid',85.00,2,1,0.00,1,0.00,0.00,0,1339.00,0,0,0,0,1,0,'2022-02-06 02:56:48'),(907,'506f980000000c24',2,3,18,34,2,'21012251','ASBL10003','Water','00:00:00',999,'Postpaid',85.00,2,1,0.00,1,0.00,0.00,0,1439.00,0,0,0,0,1,0,'2022-02-06 03:03:49'),(908,'506f980000000c24',2,3,18,34,2,'21012251','ASBL10003','Water','00:00:00',999,'Postpaid',85.00,2,1,0.00,1,0.00,0.00,0,1439.00,0,0,0,0,1,0,'2022-02-06 03:04:59'),(909,'506f980000000c33',2,3,19,36,2,'21012026','ASBL10004','Water','00:00:00',999,'Postpaid',84.00,2,1,0.00,1,0.00,0.00,0,1330.00,0,0,0,0,1,0,'2022-02-06 03:18:59'),(910,'506f980000000c23',2,3,19,37,2,'21012180','ASBL10004','Water','00:00:00',999,'Postpaid',84.00,2,1,0.00,1,0.00,0.00,0,311.00,0,0,0,0,1,0,'2022-02-06 03:20:09'),(911,'506f980000000c33',2,3,19,36,2,'21012026','ASBL10004','Water','00:00:00',999,'Postpaid',84.00,2,1,0.00,1,0.00,0.00,0,1330.00,0,0,0,0,1,0,'2022-02-06 03:20:11'),(912,'506f980000000c0b',2,3,16,31,2,'12345679','ASBL10001','Water','00:00:00',999,'Postpaid',84.00,2,1,0.00,1,0.00,0.00,0,1439.00,0,0,0,0,1,0,'2022-02-06 08:17:03'),(913,'506f980000000c0b',2,3,16,31,2,'12345679','ASBL10001','Water','00:00:00',999,'Postpaid',84.00,2,1,0.00,1,0.00,0.00,0,1439.00,0,0,0,0,1,0,'2022-02-06 08:18:13'),(914,'506f980000000c21',2,3,17,32,2,'1900872','ASBL10002','Water','00:00:00',999,'Postpaid',85.00,2,1,0.00,1,0.00,0.00,0,1339.00,0,0,0,0,1,0,'2022-02-06 10:16:16'),(915,'506f980000000c24',2,3,18,34,2,'21012251','ASBL10003','Water','00:00:00',999,'Postpaid',85.00,2,1,0.00,1,0.00,0.00,0,1439.00,0,0,0,0,1,0,'2022-02-06 10:25:16'),(916,'506f980000000c40',2,3,18,35,2,'19012683','ASBL10003','Water','00:00:00',999,'Postpaid',84.00,2,1,0.00,1,0.00,0.00,0,1439.00,0,0,0,0,1,0,'2022-02-06 10:26:16'),(917,'506f980000000c40',2,3,18,35,2,'19012683','ASBL10003','Water','00:00:00',999,'Postpaid',84.00,2,1,0.00,1,0.00,0.00,0,1439.00,0,0,0,0,1,0,'2022-02-06 10:27:26'),(918,'506f980000000c10',2,3,17,33,2,'215012112','ASBL10002','Water','00:00:00',999,'Postpaid',86.00,2,1,0.00,1,0.00,0.00,0,1447.00,0,0,0,0,1,0,'2022-02-06 10:35:26'),(919,'506f980000000c10',2,3,17,33,2,'215012112','ASBL10002','Water','00:00:00',999,'Postpaid',86.00,2,1,0.00,1,0.00,0.00,0,1447.00,0,0,0,0,1,0,'2022-02-06 10:36:36'),(920,'506f980000000c33',2,3,19,36,2,'21012026','ASBL10004','Water','00:00:00',999,'Postpaid',85.00,2,1,0.00,1,0.00,0.00,0,1330.00,0,0,0,0,1,0,'2022-02-06 10:39:36'),(921,'506f980000000c23',2,3,19,37,2,'21012180','ASBL10004','Water','00:00:00',999,'Postpaid',84.00,2,1,0.00,1,0.00,0.00,0,311.00,0,0,0,0,1,0,'2022-02-06 10:41:36'),(922,'506f980000000c42',2,3,16,30,2,'12345678','ASBL10001','Water','00:00:00',1439,'Postpaid',85.00,2,1,0.00,1,0.00,0.00,0,1439.00,0,0,0,0,1,0,'2022-02-06 15:33:45'),(923,'506f980000000c42',2,3,16,30,2,'12345678','ASBL10001','Water','00:00:00',1439,'Postpaid',85.00,2,1,0.00,1,0.00,0.00,0,1439.00,0,0,0,0,1,0,'2022-02-06 15:34:55'),(924,'506f980000000c0b',2,3,16,31,2,'12345679','ASBL10001','Water','00:00:00',999,'Postpaid',84.00,2,1,0.00,1,0.00,0.00,0,1439.00,0,0,0,0,1,0,'2022-02-07 00:55:17'),(925,'506f980000000c0b',2,3,16,31,2,'12345679','ASBL10001','Water','00:00:00',999,'Postpaid',84.00,2,1,0.00,1,0.00,0.00,0,1439.00,0,0,0,0,1,0,'2022-02-07 00:56:27'),(926,'506f980000000c21',2,3,17,32,2,'1900872','ASBL10002','Water','00:00:00',999,'Postpaid',85.00,2,1,0.00,1,0.00,0.00,0,1339.00,0,0,0,0,1,0,'2022-02-07 02:55:29'),(927,'506f980000000c21',2,3,17,32,2,'1900872','ASBL10002','Water','00:00:00',999,'Postpaid',85.00,2,1,0.00,1,0.00,0.00,0,1339.00,0,0,0,0,1,0,'2022-02-07 02:56:39'),(928,'506f980000000c24',2,3,18,34,2,'21012251','ASBL10003','Water','00:00:00',999,'Postpaid',85.00,2,1,0.00,1,0.00,0.00,0,1439.00,0,0,0,0,1,0,'2022-02-07 03:03:39'),(929,'506f980000000c24',2,3,18,34,2,'21012251','ASBL10003','Water','00:00:00',999,'Postpaid',85.00,2,1,0.00,1,0.00,0.00,0,1439.00,0,0,0,0,1,0,'2022-02-07 03:04:49'),(930,'506f980000000c33',2,3,19,36,2,'21012026','ASBL10004','Water','00:00:00',999,'Postpaid',85.00,2,1,0.00,1,0.00,0.00,0,1330.00,0,0,0,0,1,0,'2022-02-07 03:18:50'),(931,'506f980000000c23',2,3,19,37,2,'21012180','ASBL10004','Water','00:00:00',999,'Postpaid',84.00,2,1,0.00,1,0.00,0.00,0,311.00,0,0,0,0,1,0,'2022-02-07 03:20:00'),(932,'506f980000000c33',2,3,19,36,2,'21012026','ASBL10004','Water','00:00:00',999,'Postpaid',85.00,2,1,0.00,1,0.00,0.00,0,1330.00,0,0,0,0,1,0,'2022-02-07 03:20:01'),(933,'506f980000000c0b',2,3,16,31,2,'12345679','ASBL10001','Water','00:00:00',999,'Postpaid',85.00,2,1,0.00,1,0.00,0.00,0,1439.00,0,0,0,0,1,0,'2022-02-07 08:16:09'),(934,'506f980000000c40',2,3,18,35,2,'19012683','ASBL10003','Water','00:00:00',999,'Postpaid',85.00,2,1,0.00,1,0.00,0.00,0,1439.00,0,0,0,0,1,0,'2022-02-07 09:06:10'),(935,'506f980000000c40',2,3,18,35,2,'19012683','ASBL10003','Water','00:00:00',999,'Postpaid',85.00,2,1,0.00,1,0.00,0.00,0,1439.00,0,0,0,0,1,0,'2022-02-07 09:07:20'),(936,'506f980000000c21',2,3,17,32,2,'1900872','ASBL10002','Water','00:00:00',999,'Postpaid',85.00,2,1,0.00,1,0.00,0.00,0,1339.00,0,0,0,0,1,0,'2022-02-07 10:16:22'),(937,'506f980000000c24',2,3,18,34,2,'21012251','ASBL10003','Water','00:00:00',999,'Postpaid',85.00,2,1,0.00,1,0.00,0.00,0,1439.00,0,0,0,0,1,0,'2022-02-07 10:24:22'),(938,'506f980000000c33',2,3,19,36,2,'21012026','ASBL10004','Water','00:00:00',999,'Postpaid',85.00,2,1,0.00,1,0.00,0.00,0,1330.00,0,0,0,0,1,0,'2022-02-07 10:39:22'),(939,'506f980000000c23',2,3,19,37,2,'21012180','ASBL10004','Water','00:00:00',999,'Postpaid',84.00,2,1,0.00,1,0.00,0.00,0,311.00,0,0,0,0,1,0,'2022-02-07 10:41:22'),(940,'506f980000000c42',2,3,16,30,2,'12345678','ASBL10001','Water','00:00:00',1439,'Postpaid',85.00,2,1,0.00,1,0.00,0.00,0,1439.00,0,0,0,0,1,0,'2022-02-07 15:32:30'),(941,'506f980000000c42',2,3,16,30,2,'12345678','ASBL10001','Water','00:00:00',1439,'Postpaid',86.00,2,1,0.00,1,0.00,0.00,0,1439.00,0,0,0,0,1,0,'2022-02-07 15:33:40');
/*!40000 ALTER TABLE `balancelog` ENABLE KEYS */;
UNLOCK TABLES;

--
-- Table structure for table `billingdetails`
--

DROP TABLE IF EXISTS `billingdetails`;
/*!40101 SET @saved_cs_client     = @@character_set_client */;
/*!50503 SET character_set_client = utf8mb4 */;
CREATE TABLE `billingdetails` (
  `BillingID` bigint NOT NULL AUTO_INCREMENT,
  `CommunityID` int NOT NULL,
  `BlockID` int NOT NULL,
  `CustomerID` bigint NOT NULL,
  `CustomerUniqueID` varchar(500) NOT NULL,
  `CustomerMeterID` bigint NOT NULL,
  `MeterType` varchar(100) NOT NULL,
  `MIUID` varchar(100) NOT NULL,
  `PreviousReading` decimal(10,2) NOT NULL,
  `PresentReading` decimal(10,2) NOT NULL,
  `Consumption` float NOT NULL,
  `TariffID` int NOT NULL,
  `Tariff` float NOT NULL,
  `BillAmount` float NOT NULL,
  `BillMonth` int DEFAULT NULL,
  `BillYear` int DEFAULT NULL,
  `LogDate` timestamp NOT NULL DEFAULT CURRENT_TIMESTAMP,
  `ModifiedDate` datetime DEFAULT NULL,
  PRIMARY KEY (`BillingID`)
) ENGINE=InnoDB AUTO_INCREMENT=9 DEFAULT CHARSET=latin1;
/*!40101 SET character_set_client = @saved_cs_client */;

--
-- Dumping data for table `billingdetails`
--

LOCK TABLES `billingdetails` WRITE;
/*!40000 ALTER TABLE `billingdetails` DISABLE KEYS */;
INSERT INTO `billingdetails` VALUES (1,1,1,1,'IDIGI1',2,'Water','2233',1.00,10.00,9,2,20,180,4,2021,'2021-05-22 13:57:50',NULL),(2,1,1,1,'IDIGI1',2,'Water','2233',10.00,45.00,35,2,20,700,5,2021,'2021-06-03 18:04:27',NULL),(3,1,1,1,'IDIGI1',3,'Water','3344',1.00,59.00,58,3,15,870,5,2021,'2021-06-03 18:04:28',NULL),(4,1,1,1,'IDIGI1',3,'Water','3344',1.00,59.00,58,3,15,870,8,2021,'2021-09-01 20:36:30',NULL),(5,2,3,18,'ASBL10003',34,'Water','506f980000000c24',5.00,5.00,0,1,10,0,1,2022,'2022-01-31 23:13:16',NULL),(6,2,3,18,'ASBL10003',35,'Water','506f980000000c40',1.00,243.00,242,1,10,2420,1,2022,'2022-01-31 23:13:16',NULL),(7,2,3,19,'ASBL10004',36,'Water','506f980000000c33',30.00,322.00,292,1,10,2920,1,2022,'2022-01-31 23:13:16',NULL),(8,2,3,19,'ASBL10004',37,'Water','506f980000000c23',22.00,311.00,289,1,10,2890,1,2022,'2022-01-31 23:13:16',NULL);
/*!40000 ALTER TABLE `billingdetails` ENABLE KEYS */;
UNLOCK TABLES;

--
-- Table structure for table `billingpaymentdetails`
--

DROP TABLE IF EXISTS `billingpaymentdetails`;
/*!40101 SET @saved_cs_client     = @@character_set_client */;
/*!50503 SET character_set_client = utf8mb4 */;
CREATE TABLE `billingpaymentdetails` (
  `TransactionID` bigint NOT NULL AUTO_INCREMENT,
  `CustomerBillingID` bigint NOT NULL,
  `CustomerID` bigint NOT NULL,
  `CustomerUniqueID` varchar(100) NOT NULL,
  `TotalAmount` float NOT NULL,
  `LateFee` float DEFAULT NULL,
  `Source` varchar(10) NOT NULL,
  `ModeOfPayment` varchar(50) NOT NULL,
  `PaymentStatus` tinyint unsigned NOT NULL DEFAULT '0',
  `RazorPayOrderID` varchar(50) DEFAULT NULL,
  `RazorPayPaymentID` varchar(50) DEFAULT NULL,
  `RazorPaySignature` varchar(5000) DEFAULT NULL,
  `ErrorResponse` varchar(10000) DEFAULT NULL,
  `RazorPayRefundID` varchar(50) DEFAULT NULL,
  `RazorPayRefundStatus` varchar(50) DEFAULT NULL,
  `RazorPayRefundEntity` varchar(10000) DEFAULT NULL,
  `CreatedByID` int NOT NULL,
  `CreatedByRoleID` int NOT NULL,
  `TransactionDate` timestamp NOT NULL DEFAULT CURRENT_TIMESTAMP,
  `AcknowledgeDate` datetime DEFAULT NULL,
  PRIMARY KEY (`TransactionID`)
) ENGINE=InnoDB AUTO_INCREMENT=3 DEFAULT CHARSET=latin1;
/*!40101 SET character_set_client = @saved_cs_client */;

--
-- Dumping data for table `billingpaymentdetails`
--

LOCK TABLES `billingpaymentdetails` WRITE;
/*!40000 ALTER TABLE `billingpaymentdetails` DISABLE KEYS */;
INSERT INTO `billingpaymentdetails` VALUES (1,1,1,'IDIGI1',212.4,0,'web','cash',1,NULL,NULL,NULL,NULL,NULL,NULL,NULL,2,2,'2021-05-22 18:15:19','2021-05-22 23:45:17'),(2,3,1,'IDIGI1',1026.6,550,'web','Cash',1,NULL,NULL,NULL,NULL,NULL,NULL,NULL,2,2,'2021-09-23 14:31:47','2021-09-23 20:01:47');
/*!40000 ALTER TABLE `billingpaymentdetails` ENABLE KEYS */;
UNLOCK TABLES;

--
-- Table structure for table `block`
--

DROP TABLE IF EXISTS `block`;
/*!40101 SET @saved_cs_client     = @@character_set_client */;
/*!50503 SET character_set_client = utf8mb4 */;
CREATE TABLE `block` (
  `BlockID` bigint NOT NULL AUTO_INCREMENT,
  `BlockName` varchar(80) NOT NULL,
  `Location` varchar(300) DEFAULT NULL,
  `MobileNumber` varchar(10) DEFAULT NULL,
  `Email` varchar(300) DEFAULT NULL,
  `CommunityID` int NOT NULL,
  `CreatedByID` int NOT NULL,
  `CreatedByRoleID` tinyint NOT NULL,
  `CreatedDate` datetime NOT NULL,
  `ModifiedDate` datetime NOT NULL,
  PRIMARY KEY (`BlockID`)
) ENGINE=InnoDB AUTO_INCREMENT=5 DEFAULT CHARSET=latin1;
/*!40101 SET character_set_client = @saved_cs_client */;

--
-- Dumping data for table `block`
--

LOCK TABLES `block` WRITE;
/*!40000 ALTER TABLE `block` DISABLE KEYS */;
INSERT INTO `block` VALUES (3,'B Block','Hyderabad','9640775555','sales@idigitronics.com',2,1,1,'2022-01-30 15:40:43','2022-01-30 15:40:43'),(4,'A Block','Hyderabad','8297971414','sales@idigitronics.com',2,1,1,'2022-02-06 11:06:27','2022-02-06 11:06:27');
/*!40000 ALTER TABLE `block` ENABLE KEYS */;
UNLOCK TABLES;

--
-- Table structure for table `command`
--

DROP TABLE IF EXISTS `command`;
/*!40101 SET @saved_cs_client     = @@character_set_client */;
/*!50503 SET character_set_client = utf8mb4 */;
CREATE TABLE `command` (
  `TransactionID` bigint NOT NULL AUTO_INCREMENT,
  `CustomerID` bigint NOT NULL,
  `CustomerMeterID` bigint NOT NULL,
  `MIUID` varchar(80) NOT NULL,
  `CustomerUniqueID` varchar(100) NOT NULL,
  `CreatedDate` timestamp NULL DEFAULT CURRENT_TIMESTAMP,
  PRIMARY KEY (`TransactionID`)
) ENGINE=InnoDB AUTO_INCREMENT=81 DEFAULT CHARSET=latin1;
/*!40101 SET character_set_client = @saved_cs_client */;

--
-- Dumping data for table `command`
--

LOCK TABLES `command` WRITE;
/*!40000 ALTER TABLE `command` DISABLE KEYS */;
INSERT INTO `command` VALUES (2,1,1,'1122','IDIGI1','2021-05-23 09:43:25'),(3,1,1,'1122','IDIGI1','2021-05-23 09:50:58'),(4,5,7,'E099','IDG10010','2021-07-04 11:11:43'),(5,5,7,'E099','IDG10010','2021-07-04 11:13:51'),(6,5,7,'E099','IDG10010','2021-07-04 11:16:57'),(7,1,1122,'1','IDIGI1','2021-09-11 09:56:00'),(8,1,1122,'1','IDIGI1','2021-09-11 11:36:06'),(9,5,7,'E099','IDG10010','2021-09-11 11:39:16'),(10,1,1,'1122','IDIGI1','2021-09-22 14:44:26'),(11,1,1,'1122','IDIGI1','2021-09-22 14:47:37'),(12,1,1,'1122','IDIGI1','2021-09-22 14:58:57'),(13,1,1,'1122','IDIGI1','2021-09-22 14:59:24'),(14,1,1,'1122','IDIGI1','2021-09-23 14:47:29'),(15,1,1,'1122','IDIGI1','2021-09-23 14:50:29'),(16,1,1,'1122','IDIGI1','2021-09-23 14:53:51'),(17,1,1,'1122','IDIGI1','2021-09-23 14:56:09'),(18,1,1,'1122','IDIGI1','2021-09-23 14:57:03'),(19,1,1,'1122','IDIGI1','2021-09-23 14:59:36'),(20,1,1,'1122','IDIGI1','2021-09-23 15:00:03'),(21,1,1,'1122','IDIGI1','2021-09-23 15:01:35'),(22,1,1,'1122','IDIGI1','2021-09-23 15:05:28'),(23,1,1,'1122','IDIGI1','2021-09-23 15:06:36'),(24,1,1,'1122','IDIGI1','2021-09-23 15:07:43'),(25,1,1,'1122','IDIGI1','2021-09-23 15:08:41'),(26,1,1,'1122','IDIGI1','2021-09-23 15:09:03'),(27,1,1,'1122','IDIGI1','2021-09-23 15:12:03'),(28,1,1,'1122','IDIGI1','2021-09-23 15:13:09'),(29,1,1,'1122','IDIGI1','2021-09-23 15:14:12'),(30,1,1,'1122','IDIGI1','2021-09-23 15:17:55'),(31,1,1,'1122','IDIGI1','2021-09-23 15:19:00'),(32,1,1,'1122','IDIGI1','2021-09-23 15:28:42'),(33,1,1,'1122','IDIGI1','2021-09-23 15:29:00'),(34,1,1,'1122','IDIGI1','2021-09-23 15:29:39'),(35,1,1,'1122','IDIGI1','2021-09-23 15:30:38'),(36,1,1,'1122','IDIGI1','2021-09-23 15:32:04'),(37,1,1,'1122','IDIGI1','2021-09-24 11:22:07'),(38,10,14,'506f980000000b5a','CS10001','2022-01-08 05:39:50'),(39,10,15,'506f980000000b59','CS10001','2022-01-08 05:40:29'),(40,11,16,'b5a','ca1001','2022-01-08 07:03:14'),(41,12,17,'b5d','CA1002','2022-01-08 07:03:33'),(42,11,16,'b5a','ca1001','2022-01-09 05:11:08'),(43,12,17,'b5d','CA1002','2022-01-09 05:11:31'),(44,14,19,'506f980000000a70','CRN10001','2022-01-09 08:30:06'),(45,14,20,'506f980000000a71','CRN10001','2022-01-09 08:30:38'),(46,14,19,'506f980000000a70','CRN10001','2022-01-09 08:40:38'),(47,14,19,'506f980000000a70','CRN10001','2022-01-09 08:53:51'),(48,14,20,'506f980000000a71','CRN10001','2022-01-09 08:54:17'),(49,15,26,'506f980000000b3b','CRN100002','2022-01-09 10:00:41'),(50,16,31,'506f980000000c0b','ASBL10001','2022-01-30 11:19:35'),(51,16,31,'506f980000000c0b','ASBL10001','2022-01-30 11:24:09'),(52,16,30,'506f980000000c42','ASBL10001','2022-01-30 11:34:55'),(53,16,30,'506f980000000c42','ASBL10001','2022-01-30 11:39:36'),(54,17,32,'506f980000000c21','ASBL10002','2022-01-30 12:15:14'),(55,17,32,'506f980000000c21','ASBL10002','2022-01-30 12:22:39'),(56,17,33,'506f980000000c10','ASBL10002','2022-01-30 12:23:10'),(57,18,35,'506f980000000c40','ASBL10003','2022-01-30 12:29:25'),(58,18,35,'506f980000000c40','ASBL10003','2022-01-30 12:34:04'),(59,19,36,'506f980000000c33','ASBL10004','2022-01-30 12:42:31'),(60,19,37,'506f980000000c23','ASBL10004','2022-01-30 12:42:59'),(61,19,36,'506f980000000c33','ASBL10004','2022-01-30 12:45:32'),(62,19,37,'506f980000000c23','ASBL10004','2022-01-30 12:46:13'),(63,19,36,'506f980000000c33','ASBL10004','2022-02-03 09:23:52'),(64,16,30,'506f980000000c42','ASBL10001','2022-02-03 09:24:38'),(65,16,31,'506f980000000c0b','ASBL10001','2022-02-03 09:25:31'),(66,16,30,'506f980000000c42','ASBL10001','2022-02-03 09:25:59'),(67,17,32,'506f980000000c21','ASBL10002','2022-02-03 09:26:27'),(68,17,33,'506f980000000c10','ASBL10002','2022-02-03 09:26:51'),(69,18,34,'506f980000000c24','ASBL10003','2022-02-03 09:27:10'),(70,18,35,'506f980000000c40','ASBL10003','2022-02-03 09:27:35'),(71,16,30,'506f980000000c42','ASBL10001','2022-02-04 11:25:58'),(72,16,31,'506f980000000c0b','ASBL10001','2022-02-04 11:27:11'),(73,16,31,'506f980000000c0b','ASBL10001','2022-02-04 11:28:08'),(74,17,32,'506f980000000c21','ASBL10002','2022-02-04 11:28:35'),(75,17,33,'506f980000000c10','ASBL10002','2022-02-04 11:28:58'),(76,18,34,'506f980000000c24','ASBL10003','2022-02-04 11:29:21'),(77,18,35,'506f980000000c40','ASBL10003','2022-02-04 11:29:49'),(78,19,36,'506f980000000c33','ASBL10004','2022-02-04 11:30:14'),(79,19,37,'506f980000000c23','ASBL10004','2022-02-04 11:30:37'),(80,16,30,'506f980000000c42','ASBL10001','2022-02-05 07:25:59');
/*!40000 ALTER TABLE `command` ENABLE KEYS */;
UNLOCK TABLES;

--
-- Table structure for table `commanddetails`
--

DROP TABLE IF EXISTS `commanddetails`;
/*!40101 SET @saved_cs_client     = @@character_set_client */;
/*!50503 SET character_set_client = utf8mb4 */;
CREATE TABLE `commanddetails` (
  `CommandDetailsID` bigint NOT NULL AUTO_INCREMENT,
  `TransactionID` bigint NOT NULL,
  `CommandType` int NOT NULL,
  `Value` varchar(500) NOT NULL,
  `Status` tinyint NOT NULL DEFAULT '10',
  `RegisteredDate` timestamp NOT NULL DEFAULT CURRENT_TIMESTAMP,
  `ModifiedDate` datetime DEFAULT NULL,
  PRIMARY KEY (`CommandDetailsID`)
) ENGINE=InnoDB AUTO_INCREMENT=76 DEFAULT CHARSET=latin1;
/*!40101 SET character_set_client = @saved_cs_client */;

--
-- Dumping data for table `commanddetails`
--

LOCK TABLES `commanddetails` WRITE;
/*!40000 ALTER TABLE `commanddetails` DISABLE KEYS */;
INSERT INTO `commanddetails` VALUES (1,2,3,'2',0,'2021-05-23 09:45:22','2021-05-23 15:15:22'),(2,3,3,'1',10,'2021-05-23 09:51:09','2021-05-23 15:21:09'),(3,4,5,'0',0,'2021-07-04 11:11:43','2021-07-04 16:41:43'),(4,5,5,'0',0,'2021-07-04 11:13:51','2021-07-04 16:43:51'),(5,6,5,'0',10,'2021-07-04 11:16:57','2021-07-04 16:46:57'),(6,9,9,'90',10,'2021-09-11 11:39:17','2021-09-11 17:09:17'),(7,12,1,'0',10,'2021-09-22 14:58:57','2021-09-22 20:28:57'),(8,13,1,'0',10,'2021-09-22 14:59:24','2021-09-22 20:29:24'),(9,14,1,'0',10,'2021-09-23 14:47:29','2021-09-23 20:17:29'),(10,15,3,'0',10,'2021-09-23 14:50:29','2021-09-23 20:20:29'),(11,16,3,'0',10,'2021-09-23 14:53:51','2021-09-23 20:23:51'),(12,17,3,'0',10,'2021-09-23 14:56:09','2021-09-23 20:26:09'),(13,18,3,'0',10,'2021-09-23 14:57:03','2021-09-23 20:27:03'),(14,19,3,'0',10,'2021-09-23 14:59:36','2021-09-23 20:29:36'),(15,20,3,'2',10,'2021-09-23 15:00:03','2021-09-23 20:30:03'),(16,21,5,'0',10,'2021-09-23 15:01:37','2021-09-23 20:31:37'),(17,22,7,'2021-09-23 20:32',10,'2021-09-23 15:05:28','2021-09-23 20:35:28'),(18,23,7,'2021-09-23 20:35',10,'2021-09-23 15:06:36','2021-09-23 20:36:36'),(19,23,7,'2021-09-23 20:35',10,'2021-09-23 15:06:37','2021-09-23 20:36:37'),(20,25,12,'0',10,'2021-09-23 15:08:41','2021-09-23 20:38:41'),(21,26,8,'1',10,'2021-09-23 15:09:03','2021-09-23 20:39:03'),(22,27,8,'1',10,'2021-09-23 15:12:03','2021-09-23 20:42:03'),(23,28,8,'',10,'2021-09-23 15:13:09','2021-09-23 20:43:09'),(24,29,8,'1',10,'2021-09-23 15:14:12','2021-09-23 20:44:12'),(25,30,8,'',10,'2021-09-23 15:17:55','2021-09-23 20:47:55'),(26,31,8,'',10,'2021-09-23 15:19:01','2021-09-23 20:49:01'),(27,32,8,'4',10,'2021-09-23 15:28:42','2021-09-23 20:58:42'),(28,33,12,'0',10,'2021-09-23 15:29:01','2021-09-23 20:59:01'),(29,34,12,'0',10,'2021-09-23 15:29:39','2021-09-23 20:59:39'),(30,36,13,'21:01',10,'2021-09-23 15:32:04','2021-09-23 21:02:04'),(31,37,7,'2021-09-24 16:51:59',10,'2021-09-24 11:22:07','2021-09-24 16:52:07'),(32,37,7,'2021-09-24 16:51:59',10,'2021-09-24 11:22:08','2021-09-24 16:52:08'),(33,38,1,'0',10,'2022-01-08 05:39:50','2022-01-08 12:25:40'),(34,39,1,'0',10,'2022-01-08 05:40:30','2022-01-08 11:10:30'),(35,40,1,'0',10,'2022-01-08 07:03:14','2022-01-08 12:40:42'),(36,41,1,'0',10,'2022-01-08 07:03:33','2022-01-08 12:47:43'),(37,42,8,'20',1,'2022-01-09 05:11:08','2022-01-09 10:52:09'),(38,43,8,'25',1,'2022-01-09 05:11:32','2022-01-09 10:57:10'),(39,44,8,'2',10,'2022-01-09 08:30:06','2022-01-09 14:00:06'),(40,45,8,'2',0,'2022-01-09 08:30:38','2022-01-09 14:07:59'),(41,46,8,'2',0,'2022-01-09 08:40:38','2022-01-09 14:13:06'),(42,47,8,'720',0,'2022-01-09 08:53:51','2022-01-09 14:30:22'),(43,48,8,'720',0,'2022-01-09 08:54:17','2022-01-09 20:29:21'),(44,49,8,'720',0,'2022-01-09 10:00:41','2022-01-09 15:33:25'),(45,50,9,'30',0,'2022-01-30 11:19:35','2022-01-30 16:52:37'),(46,51,8,'720',1,'2022-01-30 11:24:09','2022-01-30 16:56:37'),(47,52,9,'437',1,'2022-01-30 11:34:55','2022-01-30 17:07:38'),(48,53,8,'720',1,'2022-01-30 11:39:36','2022-01-30 17:12:38'),(49,54,8,'720',1,'2022-01-30 12:15:14','2022-01-30 17:47:39'),(50,55,9,'253',1,'2022-01-30 12:22:39','2022-01-31 17:38:07'),(51,56,9,'395',6,'2022-01-30 12:23:10','2022-02-03 05:09:14'),(52,57,9,'243',1,'2022-01-30 12:29:25','2022-01-30 18:02:39'),(53,58,8,'720',0,'2022-01-30 12:34:04','2022-01-31 00:06:47'),(54,59,9,'322',1,'2022-01-30 12:42:31','2022-01-30 18:16:40'),(55,60,9,'311',0,'2022-01-30 12:42:59','2022-01-30 18:15:40'),(56,61,8,'720',1,'2022-01-30 12:45:32','2022-01-30 18:17:40'),(57,62,8,'720',0,'2022-01-30 12:46:13','2022-01-31 00:18:48'),(58,63,9,'1330',1,'2022-02-03 09:23:52','2022-02-04 06:02:06'),(59,64,9,'1339',10,'2022-02-03 09:24:38','2022-02-03 14:54:38'),(60,65,9,'1439',1,'2022-02-03 09:25:31','2022-02-04 03:39:02'),(61,66,9,'1439',1,'2022-02-03 09:25:59','2022-02-04 03:35:02'),(62,67,9,'1339',1,'2022-02-03 09:26:27','2022-02-04 05:38:05'),(63,68,9,'1439',6,'2022-02-03 09:26:51','2022-02-03 15:23:32'),(64,69,9,'1439',1,'2022-02-03 09:27:10','2022-02-04 05:47:05'),(65,70,9,'1439',1,'2022-02-03 09:27:35','2022-02-04 05:49:05'),(66,71,8,'999',10,'2022-02-04 11:25:58','2022-02-04 16:55:58'),(67,72,8,'999',10,'2022-02-04 11:27:11','2022-02-04 16:57:11'),(68,73,8,'999',1,'2022-02-04 11:28:08','2022-02-05 15:41:53'),(69,74,8,'999',0,'2022-02-04 11:28:35','2022-02-05 11:38:38'),(70,75,8,'999',0,'2022-02-04 11:28:58','2022-02-04 19:11:19'),(71,76,8,'999',1,'2022-02-04 11:29:21','2022-02-05 05:46:31'),(72,77,8,'999',0,'2022-02-04 11:29:49','2022-02-05 17:48:03'),(73,78,8,'999',1,'2022-02-04 11:30:14','2022-02-05 06:01:31'),(74,79,8,'999',1,'2022-02-04 11:30:37','2022-02-05 06:03:32'),(75,80,8,'1439',1,'2022-02-05 07:25:59','2022-02-05 15:35:43');
/*!40000 ALTER TABLE `commanddetails` ENABLE KEYS */;
UNLOCK TABLES;

--
-- Table structure for table `community`
--

DROP TABLE IF EXISTS `community`;
/*!40101 SET @saved_cs_client     = @@character_set_client */;
/*!50503 SET character_set_client = utf8mb4 */;
CREATE TABLE `community` (
  `CommunityID` bigint NOT NULL AUTO_INCREMENT,
  `CommunityName` varchar(100) NOT NULL,
  `Email` varchar(100) NOT NULL,
  `MobileNumber` varchar(10) NOT NULL,
  `Address` varchar(300) NOT NULL,
  `CreatedDate` datetime NOT NULL,
  `ModifiedDate` datetime DEFAULT NULL,
  PRIMARY KEY (`CommunityID`)
) ENGINE=InnoDB AUTO_INCREMENT=3 DEFAULT CHARSET=latin1;
/*!40101 SET character_set_client = @saved_cs_client */;

--
-- Dumping data for table `community`
--

LOCK TABLES `community` WRITE;
/*!40000 ALTER TABLE `community` DISABLE KEYS */;
INSERT INTO `community` VALUES (1,'Idigi','vimal_smyle2006@yahoo.com','8498890000','hyderabad','2021-05-15 23:21:57',NULL),(2,'Ashok Lakeside','vimalsmyle2006yahoo.com@gmail.com','9975172072','Hyderabad','2021-09-06 13:22:48','2022-01-30 15:37:59');
/*!40000 ALTER TABLE `community` ENABLE KEYS */;
UNLOCK TABLES;

--
-- Table structure for table `customerbillingdetails`
--

DROP TABLE IF EXISTS `customerbillingdetails`;
/*!40101 SET @saved_cs_client     = @@character_set_client */;
/*!50503 SET character_set_client = utf8mb4 */;
CREATE TABLE `customerbillingdetails` (
  `CustomerBillingID` bigint NOT NULL AUTO_INCREMENT,
  `CommunityID` int NOT NULL,
  `BlockID` int NOT NULL,
  `CustomerID` bigint NOT NULL,
  `CustomerUniqueID` varchar(500) NOT NULL,
  `TotalAmount` float NOT NULL,
  `TaxAmount` float NOT NULL,
  `TotalConsumption` int NOT NULL,
  `PreviousDues` float DEFAULT NULL,
  `Status` tinyint NOT NULL DEFAULT '0',
  `DueDate` date NOT NULL,
  `BillMonth` int DEFAULT NULL,
  `BillYear` int DEFAULT NULL,
  `LogDate` timestamp NOT NULL DEFAULT CURRENT_TIMESTAMP,
  `ModifiedDate` datetime DEFAULT NULL,
  PRIMARY KEY (`CustomerBillingID`)
) ENGINE=InnoDB AUTO_INCREMENT=36 DEFAULT CHARSET=latin1;
/*!40101 SET character_set_client = @saved_cs_client */;

--
-- Dumping data for table `customerbillingdetails`
--

LOCK TABLES `customerbillingdetails` WRITE;
/*!40000 ALTER TABLE `customerbillingdetails` DISABLE KEYS */;
INSERT INTO `customerbillingdetails` VALUES (1,1,1,1,'IDIGI1',180,32.4,9,NULL,0,'2021-06-01',4,2021,'2021-05-22 14:04:29','2021-05-22 19:34:29'),(2,1,1,1,'IDIGI1',1570,282.6,93,0,0,'2021-06-13',5,2021,'2021-06-03 18:04:28','2021-06-03 23:34:28'),(3,1,1,1,'IDIGI1',870,156.6,58,0,0,'2021-09-12',8,2021,'2021-09-01 20:36:30','2021-09-02 02:06:30'),(4,1,1,5,'IDG10010',0,0,0,0,0,'2021-09-12',8,2021,'2021-09-01 20:36:33','2021-09-02 02:06:33'),(5,1,1,1,'IDIGI1',0,0,0,0,0,'2021-11-13',10,2021,'2021-11-03 11:22:28','2021-11-03 16:52:28'),(6,1,1,1,'IDIGI1',0,0,0,0,0,'2021-12-12',11,2021,'2021-12-02 09:42:55','2021-12-02 15:12:55'),(7,1,1,5,'IDG10010',0,0,0,0,0,'2021-12-12',11,2021,'2021-12-02 09:43:10','2021-12-02 15:13:10'),(8,2,2,6,'KVK0001',0,0,0,0,0,'2021-12-12',11,2021,'2021-12-02 09:43:15','2021-12-02 15:13:15'),(9,1,1,1,'IDIGI1',0,0,0,0,0,'2022-01-17',12,2021,'2022-01-06 21:31:59','2022-01-07 03:01:59'),(10,1,1,5,'IDG10010',0,0,0,0,0,'2022-01-17',12,2021,'2022-01-06 21:32:03','2022-01-07 03:02:03'),(11,2,2,6,'KVK0001',0,0,0,0,0,'2022-01-17',12,2021,'2022-01-06 21:32:04','2022-01-07 03:02:04'),(12,1,1,1,'IDIGI1',0,0,0,0,0,'2022-01-18',12,2021,'2022-01-07 20:36:29','2022-01-08 02:06:29'),(13,1,1,5,'IDG10010',0,0,0,0,0,'2022-01-18',12,2021,'2022-01-07 20:36:31','2022-01-08 02:06:31'),(14,2,2,6,'KVK0001',0,0,0,0,0,'2022-01-18',12,2021,'2022-01-07 20:36:32','2022-01-08 02:06:32'),(15,1,1,11,'ca1001',0,0,0,0,0,'2022-01-19',12,2021,'2022-01-08 20:36:30','2022-01-09 02:06:30'),(16,1,1,12,'CA1002',0,0,0,0,0,'2022-01-19',12,2021,'2022-01-08 20:36:32','2022-01-09 02:06:32'),(17,1,1,13,'CA1003',0,0,0,0,0,'2022-01-19',12,2021,'2022-01-08 20:36:36','2022-01-09 02:06:36'),(18,1,1,11,'ca1001',0,0,0,0,0,'2022-01-20',12,2021,'2022-01-09 20:36:30','2022-01-10 02:06:30'),(19,1,1,12,'CA1002',0,0,0,0,0,'2022-01-20',12,2021,'2022-01-09 20:36:31','2022-01-10 02:06:31'),(20,1,1,13,'CA1003',0,0,0,0,0,'2022-01-20',12,2021,'2022-01-09 20:36:34','2022-01-10 02:06:34'),(21,1,1,15,'CRN100002',0,0,0,0,0,'2022-01-20',12,2021,'2022-01-09 20:36:37','2022-01-10 02:06:37'),(22,1,1,11,'ca1001',0,0,0,0,0,'2022-01-21',12,2021,'2022-01-10 20:36:30','2022-01-11 02:06:30'),(23,1,1,12,'CA1002',0,0,0,0,0,'2022-01-21',12,2021,'2022-01-10 20:36:35','2022-01-11 02:06:35'),(24,1,1,13,'CA1003',0,0,0,0,0,'2022-01-21',12,2021,'2022-01-10 20:36:36','2022-01-11 02:06:36'),(25,1,1,15,'CRN100002',0,0,0,0,0,'2022-01-21',12,2021,'2022-01-10 20:36:39','2022-01-11 02:06:39'),(26,1,1,11,'ca1001',0,0,0,0,0,'2022-01-22',12,2021,'2022-01-12 10:31:54','2022-01-12 16:01:54'),(27,1,1,12,'CA1002',0,0,0,0,0,'2022-01-22',12,2021,'2022-01-12 10:31:57','2022-01-12 16:01:57'),(28,1,1,13,'CA1003',0,0,0,0,0,'2022-01-22',12,2021,'2022-01-12 10:32:02','2022-01-12 16:02:02'),(29,1,1,15,'CRN100002',0,0,0,0,0,'2022-01-22',12,2021,'2022-01-12 10:32:05','2022-01-12 16:02:05'),(30,1,1,11,'ca1001',0,0,0,0,0,'2022-01-23',12,2021,'2022-01-12 20:36:30','2022-01-13 02:06:30'),(31,1,1,12,'CA1002',0,0,0,0,0,'2022-01-23',12,2021,'2022-01-12 20:36:32','2022-01-13 02:06:32'),(32,1,1,13,'CA1003',0,0,0,0,0,'2022-01-23',12,2021,'2022-01-12 20:36:36','2022-01-13 02:06:36'),(33,1,1,15,'CRN100002',0,0,0,0,0,'2022-01-23',12,2021,'2022-01-12 20:36:40','2022-01-13 02:06:40'),(34,2,3,18,'ASBL10003',2420,435.6,242,0,0,'2022-02-11',1,2022,'2022-01-31 23:13:16','2022-02-01 04:43:16'),(35,2,3,19,'ASBL10004',5810,1045.8,581,0,0,'2022-02-11',1,2022,'2022-01-31 23:13:21','2022-02-01 04:43:21');
/*!40000 ALTER TABLE `customerbillingdetails` ENABLE KEYS */;
UNLOCK TABLES;

--
-- Table structure for table `customerdeletedetails`
--

DROP TABLE IF EXISTS `customerdeletedetails`;
/*!40101 SET @saved_cs_client     = @@character_set_client */;
/*!50503 SET character_set_client = utf8mb4 */;
CREATE TABLE `customerdeletedetails` (
  `CustomerDeleteID` int NOT NULL AUTO_INCREMENT,
  `CustomerID` int NOT NULL,
  `CommunityID` int NOT NULL,
  `BlockID` int NOT NULL,
  `HouseNumber` varchar(30) NOT NULL,
  `FirstName` varchar(50) NOT NULL,
  `LastName` varchar(50) NOT NULL,
  `Email` varchar(100) NOT NULL,
  `MobileNumber` varchar(10) NOT NULL,
  `ActiveStatus` tinyint DEFAULT NULL,
  `CustomerUniqueID` varchar(50) NOT NULL,
  `CreatedByID` int NOT NULL,
  `CreatedByRoleID` tinyint NOT NULL,
  `RegistrationDate` timestamp NOT NULL DEFAULT CURRENT_TIMESTAMP,
  `ModifiedDate` datetime DEFAULT NULL,
  PRIMARY KEY (`CustomerDeleteID`,`CustomerUniqueID`),
  UNIQUE KEY `CRNNumber` (`CustomerUniqueID`)
) ENGINE=InnoDB AUTO_INCREMENT=15 DEFAULT CHARSET=latin1;
/*!40101 SET character_set_client = @saved_cs_client */;

--
-- Dumping data for table `customerdeletedetails`
--

LOCK TABLES `customerdeletedetails` WRITE;
/*!40000 ALTER TABLE `customerdeletedetails` DISABLE KEYS */;
INSERT INTO `customerdeletedetails` VALUES (1,2,1,1,'102','vml','kvk','vimal_smyle2006@yahoo.com','8498890000',NULL,'IDIGI2',1,1,'2021-12-02 09:41:00','2021-05-23 16:30:27'),(2,10,1,1,'88087','kasturi','Nitin','nookaraj@yahoo.co.in','9391032993',NULL,'CS10001',1,1,'2022-01-08 05:53:26','2022-01-08 10:44:30'),(3,6,2,2,'49/381','kvimal','kumar','kvk9889@gmail.com','8498890000',NULL,'KVK0001',1,1,'2022-01-08 06:06:03','2021-09-06 13:25:22'),(4,9,1,1,'bhabsh','bhhs','bhaha','bhsb@gmail.ci','9000914911',NULL,'Has12',1,1,'2022-01-08 06:06:12','2021-10-06 19:20:22'),(5,8,1,1,'1565t','Bharart','adsdst','bhrtsriram@gmail.com','9000941911',NULL,'qqwqw12',1,1,'2022-01-08 06:06:22','2021-10-06 19:09:36'),(6,1,1,1,'101','Vimal','Kumar','kvk9889@gmail.com','8498890000',NULL,'IDIGI1',2,2,'2022-01-08 06:06:31','2021-05-17 23:20:44'),(7,4,1,1,'1003','bharat','sriram','bhrtsriram@gmail.com','9000941911',NULL,'IDIGI3',1,1,'2022-01-08 06:06:41','2021-05-26 15:49:40'),(8,7,1,1,'16815','Hari','Krishna','bha5482@gmail.com','9000941911',NULL,'H96545',1,1,'2022-01-08 06:06:51','2021-10-03 11:32:02'),(9,5,1,1,'486/81','Sri Babu','Kasamsetti','kasamsettysri@gmail.com','9703668598',NULL,'IDG10010',1,1,'2022-01-08 07:57:52','2021-07-04 16:39:36'),(10,15,1,1,'HB01','Testing02','Testing02','kasamsettysri@gmail.com','9703668598',NULL,'CRN100002',1,1,'2022-01-30 10:05:29','2022-01-09 14:21:04'),(11,14,1,1,'T-A70','Testing01','testing','kasamsettysri@gmail.com','9703668598',NULL,'CRN10001',1,1,'2022-01-30 10:05:33','2022-01-09 13:59:02'),(12,13,1,1,'8909','Ganapathy','Kotturi','nookaraj@yahoo.co.in','9391032993',NULL,'CA1003',1,1,'2022-01-30 10:05:37','2022-01-08 13:03:00'),(13,12,1,1,'102A','Srinivas','LokaNADHAM','nookaraj@yahoo.co.in','9391032993',NULL,'CA1002',1,1,'2022-01-30 10:05:42','2022-01-08 11:39:18'),(14,11,1,1,'8807','Nitin','Kasturi','nookaraj@yahoo.co.in','9391032993',NULL,'ca1001',1,1,'2022-01-30 10:05:47','2022-01-08 11:25:12');
/*!40000 ALTER TABLE `customerdeletedetails` ENABLE KEYS */;
UNLOCK TABLES;

--
-- Table structure for table `customerdeletemeter`
--

DROP TABLE IF EXISTS `customerdeletemeter`;
/*!40101 SET @saved_cs_client     = @@character_set_client */;
/*!50503 SET character_set_client = utf8mb4 */;
CREATE TABLE `customerdeletemeter` (
  `CustomerMeterDeleteID` bigint NOT NULL AUTO_INCREMENT,
  `CustomerMeterID` bigint NOT NULL,
  `CustomerID` bigint NOT NULL,
  `CustomerUniqueID` varchar(50) NOT NULL,
  `MIUID` varchar(100) NOT NULL,
  `MeterSerialNumber` varchar(100) NOT NULL,
  `MeterType` varchar(12) NOT NULL,
  `MeterSizeID` int DEFAULT NULL,
  `PayType` varchar(10) NOT NULL,
  `Location` varchar(100) DEFAULT NULL,
  `RegisteredDate` timestamp NOT NULL DEFAULT CURRENT_TIMESTAMP,
  `ModifiedDate` datetime NOT NULL,
  PRIMARY KEY (`CustomerMeterDeleteID`)
) ENGINE=InnoDB AUTO_INCREMENT=30 DEFAULT CHARSET=latin1;
/*!40101 SET character_set_client = @saved_cs_client */;

--
-- Dumping data for table `customerdeletemeter`
--

LOCK TABLES `customerdeletemeter` WRITE;
/*!40000 ALTER TABLE `customerdeletemeter` DISABLE KEYS */;
INSERT INTO `customerdeletemeter` VALUES (1,5,2,'IDIGI2','5566','55667788','Gas',1,'Prepaid','Kitchen','2021-12-02 09:41:01','2021-12-02 15:11:01'),(2,14,10,'CS10001','506f980000000b5a','1001','Water',2,'Postpaid','Ashoka','2022-01-08 05:53:27','2022-01-08 11:23:27'),(3,15,10,'CS10001','506f980000000b59','1002','Water',2,'Postpaid','ashoka','2022-01-08 05:53:27','2022-01-08 11:23:27'),(4,8,6,'KVK0001','9889','98899889','Gas',1,'Prepaid','kitchen','2022-01-08 06:06:03','2022-01-08 11:36:03'),(5,9,6,'KVK0001','9888','98899888','Water',2,'Postpaid','bathroom','2022-01-08 06:06:03','2022-01-08 11:36:03'),(6,10,6,'KVK0001','9887','98899887','Water',2,'Postpaid','bedroom','2022-01-08 06:06:03','2022-01-08 11:36:03'),(7,13,9,'Has12','12sas','asa12','Gas',1,'Prepaid','fsd','2022-01-08 06:06:13','2022-01-08 11:36:13'),(8,12,8,'qqwqw12','Me123qq','N123ww','Gas',1,'Prepaid','llll','2022-01-08 06:06:22','2022-01-08 11:36:22'),(9,1,1,'IDIGI1','1122','11223344','Gas',1,'Prepaid','Kitchen','2022-01-08 06:06:31','2022-01-08 11:36:31'),(10,2,1,'IDIGI1','2233','22334455','Water',2,'Postpaid','Bathroom','2022-01-08 06:06:31','2022-01-08 11:36:31'),(11,3,1,'IDIGI1','3344','33445566','Water',2,'Postpaid','Bedroom','2022-01-08 06:06:31','2022-01-08 11:36:31'),(12,4,1,'IDIGI1','4455','44556677','Water',2,'Postpaid','Washarea','2022-01-08 06:06:31','2022-01-08 11:36:31'),(13,6,4,'IDIGI3','B66777','B66778899','Gas',1,'Prepaid','Kitchen','2022-01-08 06:06:42','2022-01-08 11:36:42'),(14,11,7,'H96545','98789','9000','Gas',1,'Prepaid','Hyd','2022-01-08 06:06:51','2022-01-08 11:36:51'),(15,7,5,'IDG10010','E099','I970366858','Water',2,'Postpaid','Hall','2022-01-08 07:57:53','2022-01-08 13:27:53'),(16,21,15,'CRN100002','506f980000000b30','10000001','Water',2,'Prepaid','Hall0','2022-01-30 10:05:29','2022-01-30 15:35:29'),(17,22,15,'CRN100002','506f980000000b31','10000002','Water',2,'Postpaid','Hall1','2022-01-30 10:05:29','2022-01-30 15:35:29'),(18,23,15,'CRN100002','506f980000000b32','10000003','Water',2,'Postpaid','Hall3','2022-01-30 10:05:29','2022-01-30 15:35:29'),(19,24,15,'CRN100002','506f980000000b35','10000004','Water',2,'Postpaid','Hall4','2022-01-30 10:05:29','2022-01-30 15:35:29'),(20,25,15,'CRN100002','506f980000000b37','10000005','Water',2,'Postpaid','Hall5','2022-01-30 10:05:29','2022-01-30 15:35:29'),(21,26,15,'CRN100002','506f980000000b3b','10000006','Water',2,'Postpaid','Hall6','2022-01-30 10:05:29','2022-01-30 15:35:29'),(22,27,15,'CRN100002','506f980000000b3c','10000007','Water',2,'Prepaid','Hall7','2022-01-30 10:05:29','2022-01-30 15:35:29'),(23,28,15,'CRN100002','506f980000000b3d','10000007','Water',2,'Prepaid','Hall8','2022-01-30 10:05:29','2022-01-30 15:35:29'),(24,29,15,'CRN100002','506f980000000b3f','10000008','Water',2,'Prepaid','Hall9','2022-01-30 10:05:29','2022-01-30 15:35:29'),(25,19,14,'CRN10001','506f980000000a70','5060980000','Water',2,'Prepaid','Hall1','2022-01-30 10:05:33','2022-01-30 15:35:33'),(26,20,14,'CRN10001','506f980000000a71','5060980001','Water',2,'Prepaid','Hall2','2022-01-30 10:05:33','2022-01-30 15:35:33'),(27,18,13,'CA1003','b59','1003','Water',2,'Postpaid','ashoka','2022-01-30 10:05:37','2022-01-30 15:35:37'),(28,17,12,'CA1002','b5d','1002','Water',2,'Postpaid','ashoka','2022-01-30 10:05:42','2022-01-30 15:35:42'),(29,16,11,'ca1001','b5a','1001','Water',2,'Postpaid','ashoka','2022-01-30 10:05:47','2022-01-30 15:35:47');
/*!40000 ALTER TABLE `customerdeletemeter` ENABLE KEYS */;
UNLOCK TABLES;

--
-- Table structure for table `customerdetails`
--

DROP TABLE IF EXISTS `customerdetails`;
/*!40101 SET @saved_cs_client     = @@character_set_client */;
/*!50503 SET character_set_client = utf8mb4 */;
CREATE TABLE `customerdetails` (
  `CustomerID` int NOT NULL AUTO_INCREMENT,
  `CommunityID` int NOT NULL,
  `BlockID` int NOT NULL,
  `HouseNumber` varchar(50) NOT NULL,
  `FirstName` varchar(50) NOT NULL,
  `LastName` varchar(50) NOT NULL,
  `Email` varchar(100) NOT NULL,
  `MobileNumber` varchar(10) NOT NULL,
  `ActiveStatus` tinyint DEFAULT NULL,
  `CustomerUniqueID` varchar(50) NOT NULL,
  `CreatedByID` int NOT NULL,
  `CreatedByRoleID` tinyint NOT NULL,
  `RegistrationDate` timestamp NOT NULL DEFAULT CURRENT_TIMESTAMP,
  `ModifiedDate` datetime DEFAULT NULL,
  PRIMARY KEY (`CustomerID`,`CustomerUniqueID`),
  UNIQUE KEY `CRNNumber` (`CustomerUniqueID`)
) ENGINE=InnoDB AUTO_INCREMENT=35 DEFAULT CHARSET=latin1;
/*!40101 SET character_set_client = @saved_cs_client */;

--
-- Dumping data for table `customerdetails`
--

LOCK TABLES `customerdetails` WRITE;
/*!40000 ALTER TABLE `customerdetails` DISABLE KEYS */;
INSERT INTO `customerdetails` VALUES (16,2,3,'Flat-910','Block910','Block90','A@gmail.com','9000000001',1,'ASBL10001',1,1,'2022-01-30 10:17:59','2022-01-30 16:26:36'),(17,2,3,'Flat-905','Block905','Block905','A@gmail.com','9000000001',1,'ASBL10002',1,1,'2022-01-30 12:10:36','2022-02-01 14:59:14'),(18,2,3,'Flat-903','Block903','Block903','A@gmail.com','9000000001',1,'ASBL10003',1,1,'2022-01-30 12:25:32','2022-01-30 17:55:32'),(19,2,3,'Flat-913','Block913','Block913','A@gmail.com','9975172072',1,'ASBL10004',1,1,'2022-01-30 12:37:43','2022-01-30 18:07:43'),(20,2,4,'A Flat-901','BlockA901','Block1','A@gmail.com','9000000001',1,'ASBL10005',1,1,'2022-02-07 07:25:44','2022-02-07 12:59:07'),(21,2,4,'A Flat-903','BlockA903','Block903','A@gmail.com','9000000001',1,'ASBL10006',1,1,'2022-02-07 07:31:06','2022-02-07 13:01:06'),(22,2,4,'A Flat-908','BlockA908','Block908','A@gmail.com','9000000001',1,'ASBL10007',1,1,'2022-02-07 07:37:54','2022-02-07 13:07:54'),(23,2,4,'A Flat-910','BlockA910','Block910','A@gmail.com','9000000001',1,'ASBL10008',1,1,'2022-02-07 07:43:00','2022-02-07 13:13:00'),(24,2,4,'A Flat-913','BlockA913','Block913','A@gmail.com','9000000001',1,'ASBL10009',1,1,'2022-02-07 07:47:55','2022-02-07 13:17:55'),(25,2,4,'A Flat-809','BlockA809','Block809','A@gmail.com','9000000001',1,'ASBL10010',1,1,'2022-02-07 07:53:15','2022-02-07 13:23:15'),(26,2,4,'A Flat-701','BlockA701','Block701','A@gmail.com','9000000001',1,'ASBL10011',1,1,'2022-02-07 07:58:19','2022-02-07 13:28:19'),(27,2,4,'A Flat-703','BlockA703','Block703','A@gmail.com','9000000001',1,'ASBL10012',1,1,'2022-02-07 08:04:23','2022-02-07 13:34:23'),(28,2,4,'A Flat-706','BlockA706','Block706','A@gmail.com','9000000001',1,'ASBL10013',1,1,'2022-02-07 08:12:51','2022-02-07 13:42:51'),(29,2,4,'A Flat-806','BlockA806','Block806','A@gmail.com','9000000001',1,'ASBL10014',1,1,'2022-02-07 09:25:51','2022-02-07 14:55:51'),(30,2,4,'A Flat-805','BlockA805','Block805','A@gmail.com','9000000001',1,'ASBL10015',1,1,'2022-02-07 09:31:11','2022-02-07 15:01:11'),(31,2,4,'A Flat-804','Block804','Block804','A@gmail.com','9000000001',1,'ASBL10016',1,1,'2022-02-07 09:37:42','2022-02-07 15:07:42'),(32,2,4,'A Flat-802','Block802','Block902','A@gmail.com','9000000001',1,'ASBL10017',1,1,'2022-02-07 09:44:47','2022-02-07 15:18:43'),(33,2,4,'A Flat-707','BlockA707','Block707','A@gmail.com','9000000001',1,'ASBL10018',1,1,'2022-02-07 09:50:36','2022-02-07 15:20:36'),(34,2,4,'A Flat-708','Block708','Block708','A@gmail.com','9000000001',1,'ASBL10019',1,1,'2022-02-07 09:56:36','2022-02-07 15:26:36');
/*!40000 ALTER TABLE `customerdetails` ENABLE KEYS */;
UNLOCK TABLES;

--
-- Table structure for table `customermeterdetails`
--

DROP TABLE IF EXISTS `customermeterdetails`;
/*!40101 SET @saved_cs_client     = @@character_set_client */;
/*!50503 SET character_set_client = utf8mb4 */;
CREATE TABLE `customermeterdetails` (
  `CustomerMeterID` bigint NOT NULL AUTO_INCREMENT,
  `CustomerID` bigint NOT NULL,
  `CustomerUniqueID` varchar(50) NOT NULL,
  `MIUID` varchar(100) NOT NULL,
  `MeterSerialNumber` varchar(100) NOT NULL,
  `MeterType` varchar(12) NOT NULL,
  `MeterSizeID` int DEFAULT NULL,
  `PayType` varchar(10) NOT NULL,
  `TariffID` int NOT NULL,
  `GatewayID` int NOT NULL,
  `Location` varchar(100) DEFAULT NULL,
  `RegisteredDate` timestamp NOT NULL DEFAULT CURRENT_TIMESTAMP,
  `ModifiedDate` datetime NOT NULL,
  PRIMARY KEY (`CustomerMeterID`)
) ENGINE=InnoDB AUTO_INCREMENT=68 DEFAULT CHARSET=latin1;
/*!40101 SET character_set_client = @saved_cs_client */;

--
-- Dumping data for table `customermeterdetails`
--

LOCK TABLES `customermeterdetails` WRITE;
/*!40000 ALTER TABLE `customermeterdetails` DISABLE KEYS */;
INSERT INTO `customermeterdetails` VALUES (30,16,'ASBL10001','506f980000000c42','12345678','Water',2,'Prepaid',1,3,'Hall1','2022-01-30 10:17:59','2022-01-30 16:26:36'),(31,16,'ASBL10001','506f980000000c0b','12345679','Water',2,'Prepaid',1,3,'Hall2','2022-01-30 10:17:59','2022-01-30 16:26:36'),(32,17,'ASBL10002','506f980000000c21','1900872','Water',2,'Prepaid',1,3,'Hall1','2022-01-30 12:10:36','2022-02-01 14:59:14'),(33,17,'ASBL10002','506f980000000c10','215012112','Water',2,'Prepaid',1,3,'Hall2','2022-01-30 12:10:36','2022-02-01 14:59:14'),(34,18,'ASBL10003','506f980000000c24','21012251','Water',2,'Postpaid',1,3,'Hall1','2022-01-30 12:25:32','2022-01-30 17:55:32'),(35,18,'ASBL10003','506f980000000c40','19012683','Water',2,'Postpaid',1,3,'Hall2','2022-01-30 12:25:32','2022-01-30 17:55:32'),(36,19,'ASBL10004','506f980000000c33','21012026','Water',2,'Postpaid',1,3,'Hall1','2022-01-30 12:37:43','2022-01-30 18:07:43'),(37,19,'ASBL10004','506f980000000c23','21012180','Water',2,'Postpaid',1,3,'Hall2','2022-01-30 12:37:43','2022-01-30 18:07:43'),(38,20,'ASBL10005','506f980000000b40','19005154','Water',2,'Postpaid',1,3,'Hall1','2022-02-07 07:25:44','2022-02-07 12:59:07'),(39,20,'ASBL10005','506f980000000b2e','20004666','Water',2,'Postpaid',1,3,'Hall2','2022-02-07 07:25:44','2022-02-07 12:59:07'),(40,21,'ASBL10006','506f980000000b64','19005182','Water',2,'Postpaid',1,3,'Hall1','2022-02-07 07:31:06','2022-02-07 13:01:06'),(41,21,'ASBL10006','506f980000000b47','200004640','Water',2,'Postpaid',1,3,'Hall2','2022-02-07 07:31:06','2022-02-07 13:01:06'),(42,22,'ASBL10007','506f980000000b16','19012714','Water',2,'Postpaid',1,3,'Hall1','2022-02-07 07:37:54','2022-02-07 13:07:54'),(43,22,'ASBL10007','506f980000000b17','20004662','Water',2,'Postpaid',1,3,'Hall2','2022-02-07 07:37:54','2022-02-07 13:07:54'),(44,23,'ASBL10008','506f980000000b68','200004679','Water',2,'Postpaid',1,3,'Hall1','2022-02-07 07:43:00','2022-02-07 13:13:00'),(45,23,'ASBL10008','506f980000000b41','200004612','Water',2,'Postpaid',1,3,'Hall2','2022-02-07 07:43:00','2022-02-07 13:13:00'),(46,24,'ASBL10009','506f980000000b2d','19012775','Water',2,'Postpaid',1,3,'Hall1','2022-02-07 07:47:55','2022-02-07 13:17:55'),(47,24,'ASBL10009','506f980000000b30','200004348','Water',2,'Postpaid',1,3,'Hall2','2022-02-07 07:47:55','2022-02-07 13:17:55'),(48,25,'ASBL10010','506f980000000b5d','19012730','Water',2,'Postpaid',1,3,'Hall1','2022-02-07 07:53:15','2022-02-07 13:23:15'),(49,25,'ASBL10010','506f980000000b14','19012573','Water',2,'Postpaid',1,3,'Hall2','2022-02-07 07:53:15','2022-02-07 13:23:15'),(50,26,'ASBL10011','506f980000000b65','19005156','Water',2,'Postpaid',1,3,'Hall1','2022-02-07 07:58:19','2022-02-07 13:28:19'),(51,26,'ASBL10011','506f980000000b5c','20004599','Water',2,'Postpaid',1,3,'Hall2','2022-02-07 07:58:19','2022-02-07 13:28:19'),(52,27,'ASBL10012','506f980000000b3b','19012716','Water',2,'Postpaid',1,3,'Hall1','2022-02-07 08:04:23','2022-02-07 13:34:23'),(53,27,'ASBL10012','506f980000000b28','20004609','Water',2,'Postpaid',1,3,'Hall2','2022-02-07 08:04:23','2022-02-07 13:34:23'),(54,28,'ASBL10013','506f980000000b70','1234567','Water',2,'Postpaid',1,3,'Hall1','2022-02-07 08:12:51','2022-02-07 13:42:51'),(55,28,'ASBL10013','506f980000000b66','200004311','Water',2,'Postpaid',1,3,'Hall2','2022-02-07 08:12:51','2022-02-07 13:42:51'),(56,29,'ASBL10014','506f980000000b20','200004594','Water',2,'Postpaid',1,3,'Hall1','2022-02-07 09:25:51','2022-02-07 14:55:51'),(57,29,'ASBL10014','506f980000000b25','200004597','Water',2,'Postpaid',1,3,'Hall2','2022-02-07 09:25:51','2022-02-07 14:55:51'),(58,30,'ASBL10015','506f980000000b15','19005175','Water',2,'Postpaid',1,3,'Hall1','2022-02-07 09:31:11','2022-02-07 15:01:11'),(59,30,'ASBL10015','506f980000000b3f','19012734','Water',2,'Postpaid',1,3,'Hall2','2022-02-07 09:31:11','2022-02-07 15:01:11'),(60,31,'ASBL10016','506f980000000b2c','19012696','Water',2,'Postpaid',1,3,'Hall1','2022-02-07 09:37:42','2022-02-07 15:07:42'),(61,31,'ASBL10016','506f980000000b2b','19012746','Water',2,'Postpaid',1,3,'Hall2','2022-02-07 09:37:42','2022-02-07 15:07:42'),(62,32,'ASBL10017','506f980000000b39','19012543','Water',2,'Postpaid',1,3,'Hall1','2022-02-07 09:44:47','2022-02-07 15:18:43'),(63,32,'ASBL10017','506f980000000b43','20004671','Water',2,'Postpaid',1,3,'Hall2','2022-02-07 09:44:47','2022-02-07 15:18:43'),(64,33,'ASBL10018','506f980000000b3a','19210586','Water',2,'Postpaid',1,3,'Hall1','2022-02-07 09:50:36','2022-02-07 15:20:36'),(65,33,'ASBL10018','506f980000000b1e','200006938','Water',2,'Postpaid',1,3,'Hall2','2022-02-07 09:50:36','2022-02-07 15:20:36'),(66,34,'ASBL10019','506f980000000b2f','19012781','Water',2,'Postpaid',1,3,'Hall1','2022-02-07 09:56:36','2022-02-07 15:26:36'),(67,34,'ASBL10019','506f980000000b49','19012726','Water',2,'Postpaid',1,3,'Hall2','2022-02-07 09:56:36','2022-02-07 15:26:36');
/*!40000 ALTER TABLE `customermeterdetails` ENABLE KEYS */;
UNLOCK TABLES;

--
-- Temporary view structure for view `customermeterdetailsview`
--

DROP TABLE IF EXISTS `customermeterdetailsview`;
/*!50001 DROP VIEW IF EXISTS `customermeterdetailsview`*/;
SET @saved_cs_client     = @@character_set_client;
/*!50503 SET character_set_client = utf8mb4 */;
/*!50001 CREATE VIEW `customermeterdetailsview` AS SELECT 
 1 AS `CommunityName`,
 1 AS `BlockName`,
 1 AS `CustomerID`,
 1 AS `HouseNumber`,
 1 AS `FirstName`,
 1 AS `LastName`,
 1 AS `Email`,
 1 AS `MobileNumber`,
 1 AS `MIUID`,
 1 AS `MeterSerialNumber`,
 1 AS `CustomerUniqueID`,
 1 AS `ModifiedDate`,
 1 AS `CreatedByID`,
 1 AS `CreatedByRoleID`*/;
SET character_set_client = @saved_cs_client;

--
-- Table structure for table `displaybalancelog`
--

DROP TABLE IF EXISTS `displaybalancelog`;
/*!40101 SET @saved_cs_client     = @@character_set_client */;
/*!50503 SET character_set_client = utf8mb4 */;
CREATE TABLE `displaybalancelog` (
  `ReadingID` bigint NOT NULL AUTO_INCREMENT,
  `MainBalanceLogID` bigint NOT NULL,
  `MIUID` varchar(100) NOT NULL,
  `CommunityID` int DEFAULT NULL,
  `BlockID` int DEFAULT NULL,
  `CustomerID` bigint DEFAULT NULL,
  `CustomerMeterID` bigint DEFAULT NULL,
  `MeterSizeID` int DEFAULT NULL,
  `MeterSerialNumber` varchar(100) DEFAULT NULL,
  `CustomerUniqueID` varchar(100) DEFAULT NULL,
  `MeterType` varchar(100) NOT NULL,
  `SyncTime` varchar(100) NOT NULL,
  `SyncInterval` int NOT NULL,
  `PayType` varchar(100) NOT NULL,
  `BatteryVoltage` decimal(10,2) NOT NULL,
  `ValveConfiguration` tinyint NOT NULL,
  `ValveStatus` tinyint NOT NULL,
  `Balance` decimal(10,2) NOT NULL,
  `TariffID` int DEFAULT NULL,
  `Tariff` decimal(10,2) NOT NULL,
  `EmergencyCredit` decimal(10,2) NOT NULL,
  `Minutes` bigint DEFAULT NULL,
  `Reading` decimal(10,2) NOT NULL,
  `DoorOpenTamper` tinyint DEFAULT NULL,
  `MagneticTamper` tinyint DEFAULT NULL,
  `Vacation` tinyint DEFAULT NULL,
  `RTCFault` tinyint DEFAULT NULL,
  `LowBattery` tinyint DEFAULT NULL,
  `LowBalance` tinyint DEFAULT NULL,
  `LogDate` datetime NOT NULL,
  PRIMARY KEY (`ReadingID`)
) ENGINE=InnoDB AUTO_INCREMENT=29 DEFAULT CHARSET=latin1;
/*!40101 SET character_set_client = @saved_cs_client */;

--
-- Dumping data for table `displaybalancelog`
--

LOCK TABLES `displaybalancelog` WRITE;
/*!40000 ALTER TABLE `displaybalancelog` DISABLE KEYS */;
INSERT INTO `displaybalancelog` VALUES (1,22,'2233',1,1,1,2,2,'22334455','IDIGI1','Water','00:00:05',1440,'Postpaid',90.00,1,1,0.00,2,20.00,40.00,10,45.00,0,0,0,0,0,0,'2021-05-27 22:39:14'),(2,19,'1122',1,1,1,1,1,'11223344','IDIGI1','Gas','00:00:05',1440,'Prepaid',90.00,1,1,50.00,1,10.00,20.00,12,55.00,0,0,0,0,0,0,'2021-09-03 19:40:22'),(3,42,'3344',1,1,1,3,2,'33445566','IDIGI1','Water','00:00:05',1440,'Postpaid',90.00,1,1,0.00,3,20.00,40.00,10,62.00,0,0,0,0,0,0,'2021-09-01 20:58:06'),(4,71,'9889',2,2,6,8,1,'98899889','KVK0001','Water','19:25:20',21,'Postpaid',123.00,0,1,2313.00,1,1.00,2132.00,0,2312.00,1,0,0,1,1,0,'2021-11-08 19:12:51'),(5,69,'9888',2,2,6,9,2,'98899888','KVK0001','Water','00:00:05',1440,'Postpaid',93.00,1,1,0.00,2,20.00,0.00,0,68.00,0,0,0,0,0,0,'2021-09-06 15:28:57'),(6,78,'506f980000000b59',1,1,10,15,2,'1002','CS10001','Water','00:00:00',720,'Postpaid',85.00,2,1,0.00,1,0.00,0.00,0,11000.00,0,0,0,0,1,0,'2022-01-08 11:19:14'),(7,79,'506f980000000b5a',1,1,10,14,2,'1001','CS10001','Water','00:00:00',720,'Postpaid',84.00,2,1,0.00,1,0.00,0.00,0,22.00,0,0,0,0,1,0,'2022-01-08 11:19:14'),(8,591,'b5d',1,1,12,17,2,'1002','CA1002','Water','00:00:00',25,'Postpaid',86.00,2,1,0.00,1,0.00,0.00,0,28752.00,0,0,0,0,1,0,'2022-01-11 13:47:01'),(9,592,'b5a',1,1,11,16,2,'1001','ca1001','Water','00:00:00',20,'Postpaid',86.00,2,1,0.00,1,0.00,0.00,0,949.00,0,0,0,0,1,0,'2022-01-11 13:56:03'),(10,593,'506f980000000a71',1,1,14,20,2,'5060980001','CRN10001','Water','00:00:00',1,'Postpaid',85.00,2,1,0.00,1,0.00,0.00,0,0.00,0,0,0,0,1,0,'2022-01-11 16:28:18'),(11,596,'506f980000000a70',1,1,14,19,2,'5060980000','CRN10001','Water','00:00:00',1,'Postpaid',81.00,2,1,0.00,1,0.00,0.00,0,0.00,0,0,0,0,1,0,'2022-01-20 16:07:11'),(12,447,'506f980000000b3c',1,1,15,27,2,'10000007','CRN100002','Water','00:00:00',720,'Postpaid',82.00,2,1,0.00,1,0.00,0.00,0,34.00,0,0,0,0,1,0,'2022-01-10 02:25:50'),(13,449,'506f980000000b32',1,1,15,23,2,'10000003','CRN100002','Water','00:00:00',720,'Postpaid',85.00,2,1,0.00,2,0.00,0.00,0,6.00,0,0,0,0,1,0,'2022-01-10 02:28:01'),(14,493,'506f980000000b37',1,1,15,25,2,'10000005','CRN100002','Water','00:00:00',720,'Postpaid',86.00,2,1,0.00,2,0.00,0.00,0,26.00,0,0,0,0,1,0,'2022-01-10 08:31:06'),(15,530,'506f980000000b31',1,1,15,22,2,'10000002','CRN100002','Water','00:00:00',720,'Postpaid',84.00,2,1,0.00,1,0.00,0.00,0,23.00,0,0,0,0,1,0,'2022-01-10 14:30:53'),(16,453,'506f980000000b30',1,1,15,21,2,'10000001','CRN100002','Water','00:00:00',720,'Postpaid',82.00,2,1,0.00,1,0.00,0.00,0,5.00,0,0,0,0,1,0,'2022-01-10 02:31:14'),(17,494,'506f980000000b3b',1,1,15,26,2,'10000006','CRN100002','Water','00:00:00',720,'Postpaid',87.00,2,1,0.00,1,0.00,0.00,0,2.00,0,0,0,0,1,0,'2022-01-10 08:31:06'),(18,532,'506f980000000b3f',1,1,15,29,2,'10000008','CRN100002','Water','00:00:00',720,'Postpaid',83.00,2,1,0.00,2,0.00,0.00,0,1.00,0,0,0,0,1,0,'2022-01-10 14:35:54'),(19,531,'506f980000000b3d',1,1,15,28,2,'10000007','CRN100002','Water','00:00:00',720,'Postpaid',84.00,2,1,0.00,1,0.00,0.00,0,5.00,0,0,0,0,1,0,'2022-01-10 14:34:53'),(20,529,'506f980000000b35',1,1,15,24,2,'10000004','CRN100002','Water','00:00:00',720,'Postpaid',84.00,2,1,0.00,1,0.00,0.00,0,22.00,0,0,0,0,1,0,'2022-01-10 14:27:51'),(21,941,'506f980000000c42',2,3,16,30,2,'12345678','ASBL10001','Water','00:00:00',1439,'Postpaid',86.00,2,1,0.00,1,0.00,0.00,0,1439.00,0,0,0,0,1,0,'2022-02-07 15:33:40'),(22,933,'506f980000000c0b',2,3,16,31,2,'12345679','ASBL10001','Water','00:00:00',999,'Postpaid',85.00,2,1,0.00,1,0.00,0.00,0,1439.00,0,0,0,0,1,0,'2022-02-07 08:16:09'),(23,936,'506f980000000c21',2,3,17,32,2,'1900872','ASBL10002','Water','00:00:00',999,'Postpaid',85.00,2,1,0.00,1,0.00,0.00,0,1339.00,0,0,0,0,1,0,'2022-02-07 10:16:22'),(24,935,'506f980000000c40',2,3,18,35,2,'19012683','ASBL10003','Water','00:00:00',999,'Postpaid',85.00,2,1,0.00,1,0.00,0.00,0,1439.00,0,0,0,0,1,0,'2022-02-07 09:07:20'),(25,939,'506f980000000c23',2,3,19,37,2,'21012180','ASBL10004','Water','00:00:00',999,'Postpaid',84.00,2,1,0.00,1,0.00,0.00,0,311.00,0,0,0,0,1,0,'2022-02-07 10:41:22'),(26,938,'506f980000000c33',2,3,19,36,2,'21012026','ASBL10004','Water','00:00:00',999,'Postpaid',85.00,2,1,0.00,1,0.00,0.00,0,1330.00,0,0,0,0,1,0,'2022-02-07 10:39:22'),(27,937,'506f980000000c24',2,3,18,34,2,'21012251','ASBL10003','Water','00:00:00',999,'Postpaid',85.00,2,1,0.00,1,0.00,0.00,0,1439.00,0,0,0,0,1,0,'2022-02-07 10:24:22'),(28,919,'506f980000000c10',2,3,17,33,2,'215012112','ASBL10002','Water','00:00:00',999,'Postpaid',86.00,2,1,0.00,1,0.00,0.00,0,1447.00,0,0,0,0,1,0,'2022-02-06 10:36:36');
/*!40000 ALTER TABLE `displaybalancelog` ENABLE KEYS */;
UNLOCK TABLES;

--
-- Table structure for table `feedback`
--

DROP TABLE IF EXISTS `feedback`;
/*!40101 SET @saved_cs_client     = @@character_set_client */;
/*!50503 SET character_set_client = utf8mb4 */;
CREATE TABLE `feedback` (
  `FeedbackID` bigint NOT NULL AUTO_INCREMENT,
  `Feedback` varchar(200) DEFAULT NULL,
  `Description` varchar(2000) DEFAULT NULL,
  `Status` int NOT NULL DEFAULT '0',
  `CommunityID` int NOT NULL,
  `BlockID` int NOT NULL,
  `CustomerID` int NOT NULL,
  `CustomerUniqueID` varchar(50) NOT NULL,
  `Remarks` varchar(2000) DEFAULT NULL,
  `RegisteredDate` timestamp NOT NULL DEFAULT CURRENT_TIMESTAMP,
  `ModifiedDate` datetime NOT NULL,
  PRIMARY KEY (`FeedbackID`)
) ENGINE=InnoDB AUTO_INCREMENT=3 DEFAULT CHARSET=latin1;
/*!40101 SET character_set_client = @saved_cs_client */;

--
-- Dumping data for table `feedback`
--

LOCK TABLES `feedback` WRITE;
/*!40000 ALTER TABLE `feedback` DISABLE KEYS */;
INSERT INTO `feedback` VALUES (1,'test1','testing 1',1,1,1,1,'IDIGI1','solved','2021-06-09 13:45:10','2021-06-09 19:16:55'),(2,'Leakages',NULL,0,2,2,6,'KVK0001',NULL,'2021-09-10 18:20:17','2021-09-10 23:50:17');
/*!40000 ALTER TABLE `feedback` ENABLE KEYS */;
UNLOCK TABLES;

--
-- Table structure for table `gateway`
--

DROP TABLE IF EXISTS `gateway`;
/*!40101 SET @saved_cs_client     = @@character_set_client */;
/*!50503 SET character_set_client = utf8mb4 */;
CREATE TABLE `gateway` (
  `GatewayID` int NOT NULL AUTO_INCREMENT,
  `GatewayName` varchar(100) DEFAULT NULL,
  `GatewaySerialNumber` varchar(100) NOT NULL,
  `GatewayIP` varchar(100) NOT NULL,
  `GatewayPort` int DEFAULT NULL,
  `RegisteredDate` datetime NOT NULL,
  `ModifiedDate` timestamp NOT NULL DEFAULT CURRENT_TIMESTAMP,
  PRIMARY KEY (`GatewayID`)
) ENGINE=InnoDB AUTO_INCREMENT=4 DEFAULT CHARSET=latin1;
/*!40101 SET character_set_client = @saved_cs_client */;

--
-- Dumping data for table `gateway`
--

LOCK TABLES `gateway` WRITE;
/*!40000 ALTER TABLE `gateway` DISABLE KEYS */;
INSERT INTO `gateway` VALUES (3,'Ashoka residency','12345678','192.168.1.10',9090,'2022-01-30 15:32:19','2022-01-30 10:02:19');
/*!40000 ALTER TABLE `gateway` ENABLE KEYS */;
UNLOCK TABLES;

--
-- Table structure for table `mailsettings`
--

DROP TABLE IF EXISTS `mailsettings`;
/*!40101 SET @saved_cs_client     = @@character_set_client */;
/*!50503 SET character_set_client = utf8mb4 */;
CREATE TABLE `mailsettings` (
  `Host` varchar(50) NOT NULL,
  `User` varchar(50) NOT NULL,
  `Password` varchar(50) NOT NULL,
  `port` varchar(50) NOT NULL,
  `FromMail` varchar(50) NOT NULL,
  `ToMail` varchar(50) NOT NULL,
  `Subject` varchar(60) NOT NULL,
  `Text` varchar(60) NOT NULL,
  `CommunityID` int NOT NULL
) ENGINE=InnoDB DEFAULT CHARSET=latin1;
/*!40101 SET character_set_client = @saved_cs_client */;

--
-- Dumping data for table `mailsettings`
--

LOCK TABLES `mailsettings` WRITE;
/*!40000 ALTER TABLE `mailsettings` DISABLE KEYS */;
/*!40000 ALTER TABLE `mailsettings` ENABLE KEYS */;
UNLOCK TABLES;

--
-- Table structure for table `metersize`
--

DROP TABLE IF EXISTS `metersize`;
/*!40101 SET @saved_cs_client     = @@character_set_client */;
/*!50503 SET character_set_client = utf8mb4 */;
CREATE TABLE `metersize` (
  `MeterSizeID` int NOT NULL AUTO_INCREMENT,
  `MeterType` varchar(100) NOT NULL,
  `MeterSize` int NOT NULL,
  `PerUnitValue` decimal(10,2) NOT NULL,
  `CreatedDate` datetime NOT NULL,
  `ModifiedDate` timestamp NULL DEFAULT CURRENT_TIMESTAMP,
  PRIMARY KEY (`MeterSizeID`)
) ENGINE=InnoDB AUTO_INCREMENT=3 DEFAULT CHARSET=latin1;
/*!40101 SET character_set_client = @saved_cs_client */;

--
-- Dumping data for table `metersize`
--

LOCK TABLES `metersize` WRITE;
/*!40000 ALTER TABLE `metersize` DISABLE KEYS */;
INSERT INTO `metersize` VALUES (1,'Gas',1,2.40,'2021-07-13 16:21:18','2021-07-13 10:52:12'),(2,'Water',25,1.00,'2021-08-31 21:05:10','2021-12-02 09:41:35');
/*!40000 ALTER TABLE `metersize` ENABLE KEYS */;
UNLOCK TABLES;

--
-- Table structure for table `payment`
--

DROP TABLE IF EXISTS `payment`;
/*!40101 SET @saved_cs_client     = @@character_set_client */;
/*!50503 SET character_set_client = utf8mb4 */;
CREATE TABLE `payment` (
  `Sno` int NOT NULL AUTO_INCREMENT,
  `amount` double DEFAULT NULL,
  `bank_trans_id` varchar(50) DEFAULT NULL,
  `card_brand` varchar(50) DEFAULT NULL,
  `card_issuer` varchar(50) DEFAULT NULL,
  `card_issuer_country` varchar(50) DEFAULT NULL,
  `card_issuer_country_code` varchar(50) DEFAULT NULL,
  `card_no` varchar(50) DEFAULT NULL,
  `card_type` varchar(50) DEFAULT NULL,
  `status` varchar(50) DEFAULT NULL,
  `store_amount` double DEFAULT NULL,
  `store_id` varchar(50) DEFAULT NULL,
  `trans_date` datetime DEFAULT NULL,
  `trans_id` varchar(50) DEFAULT NULL,
  `val_id` varchar(50) DEFAULT NULL,
  `verify_sign` varchar(50) DEFAULT NULL,
  `verify_key` varchar(500) DEFAULT NULL,
  PRIMARY KEY (`Sno`)
) ENGINE=InnoDB DEFAULT CHARSET=latin1;
/*!40101 SET character_set_client = @saved_cs_client */;

--
-- Dumping data for table `payment`
--

LOCK TABLES `payment` WRITE;
/*!40000 ALTER TABLE `payment` DISABLE KEYS */;
/*!40000 ALTER TABLE `payment` ENABLE KEYS */;
UNLOCK TABLES;

--
-- Table structure for table `tariff`
--

DROP TABLE IF EXISTS `tariff`;
/*!40101 SET @saved_cs_client     = @@character_set_client */;
/*!50503 SET character_set_client = utf8mb4 */;
CREATE TABLE `tariff` (
  `TariffID` int NOT NULL AUTO_INCREMENT,
  `Tariff` float NOT NULL,
  `TariffName` varchar(100) NOT NULL,
  `EmergencyCredit` float DEFAULT NULL,
  `AlarmCredit` float DEFAULT NULL,
  `FixedCharges` float DEFAULT NULL,
  `RegisteredDate` datetime NOT NULL,
  `ModifiedDate` timestamp NOT NULL DEFAULT CURRENT_TIMESTAMP,
  PRIMARY KEY (`TariffID`)
) ENGINE=InnoDB AUTO_INCREMENT=4 DEFAULT CHARSET=latin1;
/*!40101 SET character_set_client = @saved_cs_client */;

--
-- Dumping data for table `tariff`
--

LOCK TABLES `tariff` WRITE;
/*!40000 ALTER TABLE `tariff` DISABLE KEYS */;
INSERT INTO `tariff` VALUES (1,1,'tariff1',20,30,50,'2021-05-17 23:26:58','2022-02-03 09:23:23');
/*!40000 ALTER TABLE `tariff` ENABLE KEYS */;
UNLOCK TABLES;

--
-- Table structure for table `topup`
--

DROP TABLE IF EXISTS `topup`;
/*!40101 SET @saved_cs_client     = @@character_set_client */;
/*!50503 SET character_set_client = utf8mb4 */;
CREATE TABLE `topup` (
  `TransactionID` bigint NOT NULL AUTO_INCREMENT,
  `CommunityID` int NOT NULL,
  `BlockID` int NOT NULL,
  `CustomerID` bigint NOT NULL,
  `MIUID` varchar(50) NOT NULL,
  `CustomerMeterID` bigint NOT NULL,
  `TariffID` int NOT NULL,
  `Amount` decimal(10,0) NOT NULL,
  `Status` int unsigned NOT NULL DEFAULT '10',
  `FixedCharges` int unsigned DEFAULT '0',
  `ReconnectionCharges` int unsigned DEFAULT '0',
  `Source` varchar(10) NOT NULL,
  `ModeOfPayment` varchar(50) NOT NULL,
  `PaymentStatus` tinyint unsigned NOT NULL DEFAULT '0',
  `RazorPayOrderID` varchar(50) DEFAULT NULL,
  `RazorPayPaymentID` varchar(50) DEFAULT NULL,
  `RazorPaySignature` varchar(5000) DEFAULT NULL,
  `ErrorResponse` varchar(10000) DEFAULT NULL,
  `RazorPayRefundID` varchar(50) DEFAULT NULL,
  `RazorPayRefundStatus` varchar(50) DEFAULT NULL,
  `RazorPayRefundEntity` varchar(10000) DEFAULT NULL,
  `CreatedByID` int NOT NULL,
  `CreatedByRoleID` int NOT NULL,
  `CustomerUniqueID` varchar(100) NOT NULL,
  `TransactionDate` timestamp NOT NULL DEFAULT CURRENT_TIMESTAMP,
  `AcknowledgeDate` datetime NOT NULL,
  PRIMARY KEY (`TransactionID`)
) ENGINE=InnoDB AUTO_INCREMENT=7 DEFAULT CHARSET=latin1;
/*!40101 SET character_set_client = @saved_cs_client */;

--
-- Dumping data for table `topup`
--

LOCK TABLES `topup` WRITE;
/*!40000 ALTER TABLE `topup` DISABLE KEYS */;
INSERT INTO `topup` VALUES (1,1,1,1,'1122',1,1,100,0,50,51,'web','Cash',1,NULL,NULL,NULL,NULL,NULL,NULL,NULL,1,1,'IDIGI1','2021-09-10 11:26:57','2021-09-10 16:56:57'),(2,2,2,6,'9889',8,1,121,0,50,0,'web','Online',0,'order_Hvqrn7g7qwDobz',NULL,NULL,NULL,NULL,NULL,NULL,11,3,'KVK0001','2021-09-10 17:53:58','2021-09-10 23:23:58'),(3,2,2,6,'9889',8,1,121,0,0,0,'web','Online',0,'order_Hvqrq0Ic9Zuvdz',NULL,NULL,NULL,NULL,NULL,NULL,11,3,'KVK0001','2021-09-10 17:54:03','2021-09-10 23:24:03'),(4,1,1,1,'1122',1,1,122,0,0,51,'web','Online',0,'order_I0vU1gLYNbzJNu',NULL,NULL,NULL,NULL,NULL,NULL,1,1,'IDIGI1','2021-09-23 13:39:58','2021-09-23 19:09:58'),(5,1,1,1,'1122',1,2,250,0,0,51,'web','Cash',1,NULL,NULL,NULL,NULL,NULL,NULL,NULL,1,1,'IDIGI1','2021-09-25 05:41:46','2021-09-25 11:11:46'),(6,1,1,1,'1122',1,2,250,0,0,51,'web','Cash',1,NULL,NULL,NULL,NULL,NULL,NULL,NULL,1,1,'IDIGI1','2021-09-25 05:50:16','2021-09-25 11:20:16');
/*!40000 ALTER TABLE `topup` ENABLE KEYS */;
UNLOCK TABLES;

--
-- Table structure for table `updaterequestcustomermeterdetails`
--

DROP TABLE IF EXISTS `updaterequestcustomermeterdetails`;
/*!40101 SET @saved_cs_client     = @@character_set_client */;
/*!50503 SET character_set_client = utf8mb4 */;
CREATE TABLE `updaterequestcustomermeterdetails` (
  `RequestID` bigint NOT NULL AUTO_INCREMENT,
  `BlockID` int NOT NULL,
  `CustomerID` int NOT NULL,
  `CustomerUniqueID` varchar(100) NOT NULL,
  `FirstName` varchar(50) NOT NULL,
  `Email` varchar(100) NOT NULL,
  `MobileNumber` varchar(10) NOT NULL,
  `ToBeApprovedByID` int NOT NULL,
  `RegistrationDate` timestamp NOT NULL DEFAULT CURRENT_TIMESTAMP,
  PRIMARY KEY (`RequestID`),
  UNIQUE KEY `CustomerID` (`CustomerID`),
  CONSTRAINT `updaterequestcustomermeterdetails_ibfk_1` FOREIGN KEY (`CustomerID`) REFERENCES `customerdetails` (`CustomerID`)
) ENGINE=InnoDB DEFAULT CHARSET=latin1;
/*!40101 SET character_set_client = @saved_cs_client */;

--
-- Dumping data for table `updaterequestcustomermeterdetails`
--

LOCK TABLES `updaterequestcustomermeterdetails` WRITE;
/*!40000 ALTER TABLE `updaterequestcustomermeterdetails` DISABLE KEYS */;
/*!40000 ALTER TABLE `updaterequestcustomermeterdetails` ENABLE KEYS */;
UNLOCK TABLES;

--
-- Table structure for table `user`
--

DROP TABLE IF EXISTS `user`;
/*!40101 SET @saved_cs_client     = @@character_set_client */;
/*!50503 SET character_set_client = utf8mb4 */;
CREATE TABLE `user` (
  `ID` int NOT NULL AUTO_INCREMENT,
  `UserID` varchar(100) DEFAULT NULL,
  `UserName` varchar(100) NOT NULL,
  `UserPassword` varchar(100) NOT NULL,
  `RoleID` int NOT NULL,
  `ActiveStatus` int NOT NULL,
  `CommunityID` bigint NOT NULL,
  `BlockID` bigint DEFAULT NULL,
  `CustomerID` bigint DEFAULT NULL,
  `CustomerUniqueID` varchar(100) DEFAULT NULL,
  `MobileNumber` varchar(100) DEFAULT NULL,
  `Email` varchar(1000) DEFAULT NULL,
  `CreatedByID` bigint NOT NULL,
  `CreatedByRoleID` tinyint NOT NULL,
  `RegisteredDate` timestamp NOT NULL DEFAULT CURRENT_TIMESTAMP,
  `ModifiedDate` datetime DEFAULT NULL,
  PRIMARY KEY (`ID`),
  KEY `CommunityID` (`CommunityID`)
) ENGINE=InnoDB AUTO_INCREMENT=43 DEFAULT CHARSET=latin1;
/*!40101 SET character_set_client = @saved_cs_client */;

--
-- Dumping data for table `user`
--

LOCK TABLES `user` WRITE;
/*!40000 ALTER TABLE `user` DISABLE KEYS */;
INSERT INTO `user` VALUES (1,'Superadmin','Idigitronics','cvp/LzpadrQT+2k0WDjyOQ==',1,1,0,0,0,NULL,NULL,NULL,0,0,'2021-05-01 11:49:40','2021-05-01 17:19:37'),(4,'Superadminsupervisor','Idigisuperadminsupervisor','cvp/LzpadrQT+2k0WDjyOQ==',4,1,0,0,0,NULL,NULL,NULL,1,1,'2021-05-01 11:56:45','2021-05-01 17:26:48'),(5,'Adminsupervisor','Kvkadminsupervisor','cvp/LzpadrQT+2k0WDjyOQ==',5,1,1,1,0,NULL,NULL,NULL,1,1,'2021-05-01 11:58:26','2021-05-01 17:28:29'),(12,'Bhar','TTT','xwMpdJesMGDFIw47Bn8gBQ==',4,1,0,0,0,'1','9000094199','Bhar@gmail.com',0,1,'2021-09-06 16:07:13','2021-09-06 21:37:13'),(22,'B Block','B Block','5Kk9pK8vu62XxMS92agdUA==',2,1,2,3,0,'NULL','9640775555','sales@idigitronics.com',1,1,'2022-01-30 10:10:43','2022-01-30 15:40:43'),(23,'ASBL10001','Block910 Block90','THU2odRNwSLBm7wQiH1MpQ==',3,1,2,3,16,'ASBL10001','9000000001','A@gmail.com',1,1,'2022-01-30 10:17:59','2022-01-30 15:47:59'),(24,'ASBL10002','Block905 Block905','4dvuDbIraUIgI6BGVyBI6A==',3,1,2,3,17,'ASBL10002','9000000001','A@gmail.com',1,1,'2022-01-30 12:10:36','2022-01-30 17:40:36'),(25,'ASBL10003','Block903 Block903','kwXQVwOvCaRSrPQvs+RxXg==',3,1,2,3,18,'ASBL10003','9000000001','A@gmail.com',1,1,'2022-01-30 12:25:32','2022-01-30 17:55:32'),(26,'ASBL10004','Block913 Block913','JiByAPEPZHC7CTFrU99a5g==',3,1,2,3,19,'ASBL10004','9975172072','A@gmail.com',1,1,'2022-01-30 12:37:43','2022-01-30 18:07:43'),(27,'A Block','A Block','y5ciooU2MhNYRqA085EUgA==',2,1,2,4,0,'NULL','8297971414','sales@idigitronics.com',1,1,'2022-02-06 05:36:27','2022-02-06 11:06:27'),(28,'ASBL10005','BlockA901 Block1','Pt/kIb8ygtFLUbjNp6flcQ==',3,1,2,4,20,'ASBL10005','9000000001','A@gmail.com',1,1,'2022-02-07 07:25:44','2022-02-07 12:55:44'),(29,'ASBL10006','BlockA903 Block903','kwXQVwOvCaRSrPQvs+RxXg==',3,1,2,4,21,'ASBL10006','9000000001','A@gmail.com',1,1,'2022-02-07 07:31:06','2022-02-07 13:01:06'),(30,'ASBL10007','BlockA908 Block908','1wKk4W7hZi1BUt+7Q+vJ1g==',3,1,2,4,22,'ASBL10007','9000000001','A@gmail.com',1,1,'2022-02-07 07:37:54','2022-02-07 13:07:54'),(31,'ASBL10008','BlockA910 Block910','VbACBiL9P0Rw4OGNs/viCA==',3,1,2,4,23,'ASBL10008','9000000001','A@gmail.com',1,1,'2022-02-07 07:43:00','2022-02-07 13:13:00'),(32,'ASBL10009','BlockA913 Block913','Hv1BPV7nv7voq8jhOAO02g==',3,1,2,4,24,'ASBL10009','9000000001','A@gmail.com',1,1,'2022-02-07 07:47:55','2022-02-07 13:17:55'),(33,'ASBL10010','BlockA809 Block809','b8PlenCgqb/w//lNMhT/Jg==',3,1,2,4,25,'ASBL10010','9000000001','A@gmail.com',1,1,'2022-02-07 07:53:15','2022-02-07 13:23:15'),(34,'ASBL10011','BlockA701 Block701','77Sram88ScDk9Oyw4PHjNA==',3,1,2,4,26,'ASBL10011','9000000001','A@gmail.com',1,1,'2022-02-07 07:58:19','2022-02-07 13:28:19'),(35,'ASBL10012','BlockA703 Block703','zw9zI/KhMmX6TdwkKXlaSg==',3,1,2,4,27,'ASBL10012','9000000001','A@gmail.com',1,1,'2022-02-07 08:04:23','2022-02-07 13:34:23'),(36,'ASBL10013','BlockA706 Block706','EHoszmTVWT2lP3jNGLaHtw==',3,1,2,4,28,'ASBL10013','9000000001','A@gmail.com',1,1,'2022-02-07 08:12:51','2022-02-07 13:42:51'),(37,'ASBL10014','BlockA806 Block806','7ZlXAmkpDNSGy5KP0At5IA==',3,1,2,4,29,'ASBL10014','9000000001','A@gmail.com',1,1,'2022-02-07 09:25:51','2022-02-07 14:55:51'),(38,'ASBL10015','BlockA805 Block805','uxmA1eg3KdxNStDx9YHRTQ==',3,1,2,4,30,'ASBL10015','9000000001','A@gmail.com',1,1,'2022-02-07 09:31:11','2022-02-07 15:01:11'),(39,'ASBL10016','Block804 Block804','SnXWY/yRRbBlUOrs2W4c4Q==',3,1,2,4,31,'ASBL10016','9000000001','A@gmail.com',1,1,'2022-02-07 09:37:42','2022-02-07 15:07:42'),(40,'ASBL10017','Block802 Block902','IenkttRHvfaVKuQp4Bi4qA==',3,1,2,4,32,'ASBL10017','9000000001','A@gmail.com',1,1,'2022-02-07 09:44:47','2022-02-07 15:14:47'),(41,'ASBL10018','BlockA707 Block707','7jlnAU1HES2zq0G5yNhOUQ==',3,1,2,4,33,'ASBL10018','9000000001','A@gmail.com',1,1,'2022-02-07 09:50:36','2022-02-07 15:20:36'),(42,'ASBL10019','Block708 Block708','qnUSL92vBMUPLQYRsezjmg==',3,1,2,4,34,'ASBL10019','9000000001','A@gmail.com',1,1,'2022-02-07 09:56:36','2022-02-07 15:26:36');
/*!40000 ALTER TABLE `user` ENABLE KEYS */;
UNLOCK TABLES;

--
-- Table structure for table `userrole`
--

DROP TABLE IF EXISTS `userrole`;
/*!40101 SET @saved_cs_client     = @@character_set_client */;
/*!50503 SET character_set_client = utf8mb4 */;
CREATE TABLE `userrole` (
  `RoleID` int NOT NULL,
  `RoleDescription` varchar(30) DEFAULT NULL,
  PRIMARY KEY (`RoleID`)
) ENGINE=InnoDB DEFAULT CHARSET=latin1;
/*!40101 SET character_set_client = @saved_cs_client */;

--
-- Dumping data for table `userrole`
--

LOCK TABLES `userrole` WRITE;
/*!40000 ALTER TABLE `userrole` DISABLE KEYS */;
INSERT INTO `userrole` VALUES (1,'Super Admin'),(2,'Admin'),(3,'User'),(4,'SuperAdminSupervisor'),(5,'AdminSupervisor'),(6,'Support');
/*!40000 ALTER TABLE `userrole` ENABLE KEYS */;
UNLOCK TABLES;

--
-- Table structure for table `vacation`
--

DROP TABLE IF EXISTS `vacation`;
/*!40101 SET @saved_cs_client     = @@character_set_client */;
/*!50503 SET character_set_client = utf8mb4 */;
CREATE TABLE `vacation` (
  `VacationID` bigint NOT NULL AUTO_INCREMENT,
  `CommunityID` int NOT NULL,
  `BlockID` int NOT NULL,
  `CustomerID` int NOT NULL,
  `MIUID` varchar(20) NOT NULL,
  `CustomerMeterID` bigint NOT NULL,
  `VacationName` varchar(300) DEFAULT NULL,
  `StartDate` datetime NOT NULL,
  `EndDate` datetime NOT NULL,
  `Status` tinyint NOT NULL DEFAULT '10',
  `Source` varchar(10) NOT NULL,
  `CustomerUniqueID` varchar(100) NOT NULL,
  `mode` varchar(100) NOT NULL,
  `RegisteredDate` timestamp NOT NULL DEFAULT CURRENT_TIMESTAMP,
  `ModifiedDate` datetime NOT NULL,
  PRIMARY KEY (`VacationID`)
) ENGINE=InnoDB AUTO_INCREMENT=3 DEFAULT CHARSET=latin1;
/*!40101 SET character_set_client = @saved_cs_client */;

--
-- Dumping data for table `vacation`
--

LOCK TABLES `vacation` WRITE;
/*!40000 ALTER TABLE `vacation` DISABLE KEYS */;
INSERT INTO `vacation` VALUES (1,1,1,1,'1122',1,'summer','2021-05-22 16:54:13','2021-05-24 16:54:25',0,'web','IDIGI1','add','2021-05-23 11:24:48','2021-05-23 16:54:46'),(2,1,1,1,'2233',2,'winter','2021-05-27 16:56:28','2021-05-31 16:56:34',0,'web','IDIGI1','add','2021-05-23 11:26:53','2021-05-23 16:56:56');
/*!40000 ALTER TABLE `vacation` ENABLE KEYS */;
UNLOCK TABLES;

--
-- Final view structure for view `customermeterdetailsview`
--

/*!50001 DROP VIEW IF EXISTS `customermeterdetailsview`*/;
/*!50001 SET @saved_cs_client          = @@character_set_client */;
/*!50001 SET @saved_cs_results         = @@character_set_results */;
/*!50001 SET @saved_col_connection     = @@collation_connection */;
/*!50001 SET character_set_client      = utf8 */;
/*!50001 SET character_set_results     = utf8 */;
/*!50001 SET collation_connection      = utf8_general_ci */;
/*!50001 CREATE ALGORITHM=UNDEFINED */
/*!50013 DEFINER=`root`@`localhost` SQL SECURITY DEFINER */
/*!50001 VIEW `customermeterdetailsview` AS select `community`.`CommunityName` AS `CommunityName`,`block`.`BlockName` AS `BlockName`,`customerdetails`.`CustomerID` AS `CustomerID`,`customerdetails`.`HouseNumber` AS `HouseNumber`,`customerdetails`.`FirstName` AS `FirstName`,`customerdetails`.`LastName` AS `LastName`,`customerdetails`.`Email` AS `Email`,`customerdetails`.`MobileNumber` AS `MobileNumber`,`customermeterdetails`.`MIUID` AS `MIUID`,`customermeterdetails`.`MeterSerialNumber` AS `MeterSerialNumber`,`customerdetails`.`CustomerUniqueID` AS `CustomerUniqueID`,`customerdetails`.`ModifiedDate` AS `ModifiedDate`,`customerdetails`.`CreatedByID` AS `CreatedByID`,`customerdetails`.`CreatedByRoleID` AS `CreatedByRoleID` from (((`customerdetails` left join `community` on((`community`.`CommunityID` = `customerdetails`.`CommunityID`))) left join `block` on((`block`.`BlockID` = `customerdetails`.`BlockID`))) left join `customermeterdetails` on((`customermeterdetails`.`CustomerID` = `customerdetails`.`CustomerID`))) order by `customerdetails`.`CustomerID` desc */;
/*!50001 SET character_set_client      = @saved_cs_client */;
/*!50001 SET character_set_results     = @saved_cs_results */;
/*!50001 SET collation_connection      = @saved_col_connection */;
/*!40103 SET TIME_ZONE=@OLD_TIME_ZONE */;

/*!40101 SET SQL_MODE=@OLD_SQL_MODE */;
/*!40014 SET FOREIGN_KEY_CHECKS=@OLD_FOREIGN_KEY_CHECKS */;
/*!40014 SET UNIQUE_CHECKS=@OLD_UNIQUE_CHECKS */;
/*!40101 SET CHARACTER_SET_CLIENT=@OLD_CHARACTER_SET_CLIENT */;
/*!40101 SET CHARACTER_SET_RESULTS=@OLD_CHARACTER_SET_RESULTS */;
/*!40101 SET COLLATION_CONNECTION=@OLD_COLLATION_CONNECTION */;
/*!40111 SET SQL_NOTES=@OLD_SQL_NOTES */;

-- Dump completed on 2022-02-07 15:50:22
